filename,relative_path,class_label,label_id,generator_type,duration_seconds,sample_rate,channels,file_size_bytes,sha256_hash
human_physiological_0001.wav,real/human_physiological_0001.wav,real,0,physiological,2.79,16000,1,89432,c705532d5a8cc451...
human_physiological_0002.wav,real/human_physiological_0002.wav,real,0,physiological,2.8,16000,1,89562,c47a822e0c712637...
human_physiological_0003.wav,real/human_physiological_0003.wav,real,0,physiological,2.55,16000,1,81530,ef636ec49174fe5f...
human_physiological_0004.wav,real/human_physiological_0004.wav,real,0,physiological,3.02,16000,1,96616,72f01b99ec9ab307...
human_physiological_0005.wav,real/human_physiological_0005.wav,real,0,physiological,2.87,16000,1,91934,83c3fe2835920513...
human_physiological_0006.wav,real/human_physiological_0006.wav,real,0,physiological,2.82,16000,1,90252,3e09d2dac834cac1...
human_physiological_0007.wav,real/human_physiological_0007.wav,real,0,physiological,2.73,16000,1,87454,a9d574e4863bd76b...
human_physiological_0008.wav,real/human_physiological_0008.wav,real,0,physiological,3.09,16000,1,98828,8884b51110caa87f...
human_physiological_0009.wav,real/human_physiological_0009.wav,real,0,physiological,2.85,16000,1,91098,9cfe280b6f8d2095...
human_physiological_0010.wav,real/human_physiological_0010.wav,real,0,physiological,2.85,16000,1,91334,86975d46d2084d43...
human_physiological_0011.wav,real/human_physiological_0011.wav,real,0,physiological,2.3,16000,1,73588,178fa16d7ba034a3...
human_physiological_0012.wav,real/human_physiological_0012.wav,real,0,physiological,2.28,16000,1,73074,9534470b0a1dfba9...
human_physiological_0013.wav,real/human_physiological_0013.wav,real,0,physiological,3.08,16000,1,98556,2e6387bf9139ad4a...
human_physiological_0014.wav,real/human_physiological_0014.wav,real,0,physiological,2.97,16000,1,95226,3325659c4e9d11c0...
human_physiological_0015.wav,real/human_physiological_0015.wav,real,0,physiological,2.39,16000,1,76608,b7132c023795a346...
human_physiological_0016.wav,real/human_physiological_0016.wav,real,0,physiological,2.81,16000,1,89968,fb06cec213877a23...
human_physiological_0017.wav,real/human_physiological_0017.wav,real,0,physiological,2.82,16000,1,90224,4284f780b2773659...
human_physiological_0018.wav,real/human_physiological_0018.wav,real,0,physiological,2.99,16000,1,95778,919afe0c8aeed9be...
human_physiological_0019.wav,real/human_physiological_0019.wav,real,0,physiological,2.16,16000,1,69252,7dc30761f7bb1445...
human_physiological_0020.wav,real/human_physiological_0020.wav,real,0,physiological,2.72,16000,1,87130,f874c3a05ed1a648...
human_physiological_0021.wav,real/human_physiological_0021.wav,real,0,physiological,2.5,16000,1,79956,b73414f21978adb8...
human_physiological_0022.wav,real/human_physiological_0022.wav,real,0,physiological,2.86,16000,1,91502,2168d2d09a79ff4d...
human_physiological_0023.wav,real/human_physiological_0023.wav,real,0,physiological,2.53,16000,1,81150,ba570e8283dad92d...
human_physiological_0024.wav,real/human_physiological_0024.wav,real,0,physiological,2.02,16000,1,64680,e0c01bdec92173b1...
human_physiological_0025.wav,real/human_physiological_0025.wav,real,0,physiological,3.19,16000,1,102114,c9f601c620bb09f9...
human_physiological_0026.wav,real/human_physiological_0026.wav,real,0,physiological,2.32,16000,1,74178,db2c093f9d95234a...
human_physiological_0027.wav,real/human_physiological_0027.wav,real,0,physiological,3.17,16000,1,101472,b442d77b174d4184...
human_physiological_0028.wav,real/human_physiological_0028.wav,real,0,physiological,2.15,16000,1,68832,d6a4d85b10342f4f...
human_physiological_0029.wav,real/human_physiological_0029.wav,real,0,physiological,3.08,16000,1,98576,ea0ba663b3109db9...
human_physiological_0030.wav,real/human_physiological_0030.wav,real,0,physiological,2.9,16000,1,92848,9eb22f8e9308def6...
human_physiological_0031.wav,real/human_physiological_0031.wav,real,0,physiological,2.96,16000,1,94826,cb01dff44e8f11f1...
human_physiological_0032.wav,real/human_physiological_0032.wav,real,0,physiological,2.86,16000,1,91648,07e9ecfef640061f...
human_physiological_0033.wav,real/human_physiological_0033.wav,real,0,physiological,2.7,16000,1,86328,ec29021aec7ab532...
human_physiological_0034.wav,real/human_physiological_0034.wav,real,0,physiological,2.39,16000,1,76674,90c90f24403e0280...
human_physiological_0035.wav,real/human_physiological_0035.wav,real,0,physiological,2.32,16000,1,74256,ab497c4ad4a2c859...
human_physiological_0036.wav,real/human_physiological_0036.wav,real,0,physiological,2.63,16000,1,84242,a02d463a5dd6b0f9...
human_physiological_0037.wav,real/human_physiological_0037.wav,real,0,physiological,2.53,16000,1,81118,0cfbc1f968e2dfba...
human_physiological_0038.wav,real/human_physiological_0038.wav,real,0,physiological,3.16,16000,1,101302,a8ef3ac0f2827d32...
human_physiological_0039.wav,real/human_physiological_0039.wav,real,0,physiological,2.07,16000,1,66430,79ba42433f1f929e...
human_physiological_0040.wav,real/human_physiological_0040.wav,real,0,physiological,2.46,16000,1,78864,9759dfe0183c0012...
human_physiological_0041.wav,real/human_physiological_0041.wav,real,0,physiological,2.33,16000,1,74554,244d0cca52262d5d...
human_physiological_0042.wav,real/human_physiological_0042.wav,real,0,physiological,2.06,16000,1,65810,96faf07078880866...
human_physiological_0043.wav,real/human_physiological_0043.wav,real,0,physiological,3.14,16000,1,100480,53cdce3ec3189a4e...
human_physiological_0044.wav,real/human_physiological_0044.wav,real,0,physiological,2.97,16000,1,95100,fdf4ef8142ef8f52...
human_physiological_0045.wav,real/human_physiological_0045.wav,real,0,physiological,2.31,16000,1,74046,b4479eb3ebe74977...
human_physiological_0046.wav,real/human_physiological_0046.wav,real,0,physiological,2.82,16000,1,90332,c8eaefd9d9e3f27a...
human_physiological_0047.wav,real/human_physiological_0047.wav,real,0,physiological,2.65,16000,1,84948,3feeac2b83650028...
human_physiological_0048.wav,real/human_physiological_0048.wav,real,0,physiological,2.09,16000,1,66994,75621fae2f345049...
human_physiological_0049.wav,real/human_physiological_0049.wav,real,0,physiological,2.67,16000,1,85466,4bcebfe3706b294f...
human_physiological_0050.wav,real/human_physiological_0050.wav,real,0,physiological,2.04,16000,1,65222,4d6db5d962955505...
human_physiological_0051.wav,real/human_physiological_0051.wav,real,0,physiological,2.75,16000,1,88132,28338d289f6c20f5...
human_physiological_0052.wav,real/human_physiological_0052.wav,real,0,physiological,2.77,16000,1,88556,e82606dee8e61362...
human_physiological_0053.wav,real/human_physiological_0053.wav,real,0,physiological,2.62,16000,1,83850,3dafb8e5dac22aef...
human_physiological_0054.wav,real/human_physiological_0054.wav,real,0,physiological,2.86,16000,1,91596,781ab14e41d44d4a...
human_physiological_0055.wav,real/human_physiological_0055.wav,real,0,physiological,2.01,16000,1,64322,7b07faad58b3c53b...
human_physiological_0056.wav,real/human_physiological_0056.wav,real,0,physiological,2.86,16000,1,91712,d4becea978844265...
human_physiological_0057.wav,real/human_physiological_0057.wav,real,0,physiological,3.12,16000,1,99804,23446a8aa988a40a...
human_physiological_0058.wav,real/human_physiological_0058.wav,real,0,physiological,2.15,16000,1,68732,c19e6264f0dfe457...
human_physiological_0059.wav,real/human_physiological_0059.wav,real,0,physiological,2.07,16000,1,66410,0a732e98b17aa019...
human_physiological_0060.wav,real/human_physiological_0060.wav,real,0,physiological,2.21,16000,1,70728,4f35ed37e9401f48...
human_physiological_0061.wav,real/human_physiological_0061.wav,real,0,physiological,3.19,16000,1,102252,0997d3cd98fefac5...
human_physiological_0062.wav,real/human_physiological_0062.wav,real,0,physiological,2.06,16000,1,66000,1db72167ad0caf60...
human_physiological_0063.wav,real/human_physiological_0063.wav,real,0,physiological,3.03,16000,1,96894,a1114f49afadf92f...
human_physiological_0064.wav,real/human_physiological_0064.wav,real,0,physiological,2.75,16000,1,88048,cd6fd38f1770353b...
human_physiological_0065.wav,real/human_physiological_0065.wav,real,0,physiological,2.4,16000,1,77000,e3122bd740cb4b1d...
human_physiological_0066.wav,real/human_physiological_0066.wav,real,0,physiological,3.05,16000,1,97632,1df3c37c65d02d6f...
human_physiological_0067.wav,real/human_physiological_0067.wav,real,0,physiological,2.38,16000,1,76064,f13ca3019cc7a02d...
human_physiological_0068.wav,real/human_physiological_0068.wav,real,0,physiological,2.79,16000,1,89304,8e71d0ba19a99417...
human_physiological_0069.wav,real/human_physiological_0069.wav,real,0,physiological,2.23,16000,1,71302,8e4e0c00e56ccb21...
human_physiological_0070.wav,real/human_physiological_0070.wav,real,0,physiological,2.84,16000,1,90994,6a7d0a8c4c639e9c...
human_physiological_0071.wav,real/human_physiological_0071.wav,real,0,physiological,2.02,16000,1,64700,7077749b8a0b31c1...
human_physiological_0072.wav,real/human_physiological_0072.wav,real,0,physiological,3.19,16000,1,102122,0fb64c1edb30bab3...
human_physiological_0073.wav,real/human_physiological_0073.wav,real,0,physiological,2.98,16000,1,95548,000db8690b54a0ba...
human_physiological_0074.wav,real/human_physiological_0074.wav,real,0,physiological,2.84,16000,1,90800,3b15715962002e37...
human_physiological_0075.wav,real/human_physiological_0075.wav,real,0,physiological,3.08,16000,1,98462,e609b293ae03a86a...
human_physiological_0076.wav,real/human_physiological_0076.wav,real,0,physiological,3.1,16000,1,99094,b9cb521709554a6a...
human_physiological_0077.wav,real/human_physiological_0077.wav,real,0,physiological,3.08,16000,1,98654,a0e7477f82e288aa...
human_physiological_0078.wav,real/human_physiological_0078.wav,real,0,physiological,2.8,16000,1,89552,623268dbe1671703...
human_physiological_0079.wav,real/human_physiological_0079.wav,real,0,physiological,2.08,16000,1,66636,df20210c4e348607...
human_physiological_0080.wav,real/human_physiological_0080.wav,real,0,physiological,3.0,16000,1,96192,8bcd6cd3889a1238...
human_physiological_0081.wav,real/human_physiological_0081.wav,real,0,physiological,2.98,16000,1,95320,936f65063e5cdedd...
human_physiological_0082.wav,real/human_physiological_0082.wav,real,0,physiological,2.67,16000,1,85410,f3f0dc77c283442b...
human_physiological_0083.wav,real/human_physiological_0083.wav,real,0,physiological,2.14,16000,1,68438,9ce3318734ddf986...
human_physiological_0084.wav,real/human_physiological_0084.wav,real,0,physiological,2.51,16000,1,80364,169f58e37ac5861a...
human_physiological_0085.wav,real/human_physiological_0085.wav,real,0,physiological,2.41,16000,1,77214,e775c577ff240f37...
human_physiological_0086.wav,real/human_physiological_0086.wav,real,0,physiological,2.37,16000,1,75836,79251b7fac8d4dd2...
human_physiological_0087.wav,real/human_physiological_0087.wav,real,0,physiological,2.12,16000,1,67878,51c5be2744820d41...
human_physiological_0088.wav,real/human_physiological_0088.wav,real,0,physiological,2.08,16000,1,66550,495d5d6b7fa84035...
human_physiological_0089.wav,real/human_physiological_0089.wav,real,0,physiological,2.48,16000,1,79344,487ca24d516e3f5d...
human_physiological_0090.wav,real/human_physiological_0090.wav,real,0,physiological,3.03,16000,1,96906,47272b5c8c7b0458...
human_physiological_0091.wav,real/human_physiological_0091.wav,real,0,physiological,2.79,16000,1,89480,b42f5560034d5b1a...
human_physiological_0092.wav,real/human_physiological_0092.wav,real,0,physiological,2.62,16000,1,83790,4ec414dec92d3176...
human_physiological_0093.wav,real/human_physiological_0093.wav,real,0,physiological,2.92,16000,1,93546,dd9d4a09c23821fe...
human_physiological_0094.wav,real/human_physiological_0094.wav,real,0,physiological,2.97,16000,1,95016,06c8b8a360362d99...
human_physiological_0095.wav,real/human_physiological_0095.wav,real,0,physiological,2.39,16000,1,76662,40f243aa945f1a78...
human_physiological_0096.wav,real/human_physiological_0096.wav,real,0,physiological,2.85,16000,1,91246,e53a103144e79b0d...
human_physiological_0097.wav,real/human_physiological_0097.wav,real,0,physiological,2.49,16000,1,79718,0e03379c91cf7c38...
human_physiological_0098.wav,real/human_physiological_0098.wav,real,0,physiological,2.28,16000,1,72914,d82aa88e0879a35c...
human_physiological_0099.wav,real/human_physiological_0099.wav,real,0,physiological,2.05,16000,1,65506,e5076ccf1d7eb399...
human_physiological_0100.wav,real/human_physiological_0100.wav,real,0,physiological,2.66,16000,1,85162,1b04bdef466a9805...
human_physiological_0101.wav,real/human_physiological_0101.wav,real,0,physiological,2.01,16000,1,64388,47f6c679d8704e09...
human_physiological_0102.wav,real/human_physiological_0102.wav,real,0,physiological,2.69,16000,1,86034,39a3e2db56bfab1c...
human_physiological_0103.wav,real/human_physiological_0103.wav,real,0,physiological,3.15,16000,1,100916,fe5ebb50c76c6940...
human_physiological_0104.wav,real/human_physiological_0104.wav,real,0,physiological,2.27,16000,1,72722,256d974fb76260a5...
human_physiological_0105.wav,real/human_physiological_0105.wav,real,0,physiological,2.01,16000,1,64518,a21fc03669db268f...
human_physiological_0106.wav,real/human_physiological_0106.wav,real,0,physiological,2.61,16000,1,83440,29ea57604f251dd2...
human_physiological_0107.wav,real/human_physiological_0107.wav,real,0,physiological,2.4,16000,1,76964,6f0f3864fd4595c9...
human_physiological_0108.wav,real/human_physiological_0108.wav,real,0,physiological,2.81,16000,1,90002,65dd0c074547c8fe...
human_physiological_0109.wav,real/human_physiological_0109.wav,real,0,physiological,3.16,16000,1,101320,29dda410e0ae7485...
human_physiological_0110.wav,real/human_physiological_0110.wav,real,0,physiological,2.29,16000,1,73178,4c6cd01a648304da...
human_physiological_0111.wav,real/human_physiological_0111.wav,real,0,physiological,2.15,16000,1,68792,37090cb72d416e51...
human_physiological_0112.wav,real/human_physiological_0112.wav,real,0,physiological,2.69,16000,1,86146,896567ab7bf2490d...
human_physiological_0113.wav,real/human_physiological_0113.wav,real,0,physiological,2.35,16000,1,75280,c91434d5b720424c...
human_physiological_0114.wav,real/human_physiological_0114.wav,real,0,physiological,2.69,16000,1,86010,5256529d6e1746c0...
human_physiological_0115.wav,real/human_physiological_0115.wav,real,0,physiological,3.15,16000,1,100754,7fe3feb098fc20c1...
human_physiological_0116.wav,real/human_physiological_0116.wav,real,0,physiological,2.34,16000,1,74806,2b2a6a9e6454c63b...
human_physiological_0117.wav,real/human_physiological_0117.wav,real,0,physiological,2.68,16000,1,85710,68f21b91546153fc...
human_physiological_0118.wav,real/human_physiological_0118.wav,real,0,physiological,3.04,16000,1,97392,0654ba8786552ad3...
human_physiological_0119.wav,real/human_physiological_0119.wav,real,0,physiological,3.15,16000,1,100802,a9e2b8ec0867ac74...
human_physiological_0120.wav,real/human_physiological_0120.wav,real,0,physiological,2.28,16000,1,72972,1aa05befb3b80def...
human_physiological_0121.wav,real/human_physiological_0121.wav,real,0,physiological,2.34,16000,1,75018,5d5aeb6389034cbb...
human_physiological_0122.wav,real/human_physiological_0122.wav,real,0,physiological,2.47,16000,1,78956,e97833d56de2f2c5...
human_physiological_0123.wav,real/human_physiological_0123.wav,real,0,physiological,3.12,16000,1,99752,d9c4fd8f5a273d81...
human_physiological_0124.wav,real/human_physiological_0124.wav,real,0,physiological,2.28,16000,1,72996,213e22b1aed25ec0...
human_physiological_0125.wav,real/human_physiological_0125.wav,real,0,physiological,2.56,16000,1,82060,7f9d226a179f0b17...
human_physiological_0126.wav,real/human_physiological_0126.wav,real,0,physiological,3.01,16000,1,96276,90e618fe2d882d8b...
human_physiological_0127.wav,real/human_physiological_0127.wav,real,0,physiological,2.35,16000,1,75144,cebb9812dd92743a...
human_physiological_0128.wav,real/human_physiological_0128.wav,real,0,physiological,2.37,16000,1,76028,d597a4c6ccb9f15e...
human_physiological_0129.wav,real/human_physiological_0129.wav,real,0,physiological,2.47,16000,1,79234,fcdb4eb1cbfad002...
human_physiological_0130.wav,real/human_physiological_0130.wav,real,0,physiological,2.53,16000,1,81040,0a87d6b8765126dc...
human_physiological_0131.wav,real/human_physiological_0131.wav,real,0,physiological,2.4,16000,1,76832,8b6cf222a0468132...
human_physiological_0132.wav,real/human_physiological_0132.wav,real,0,physiological,2.94,16000,1,94168,d6b12c676d13f4ae...
human_physiological_0133.wav,real/human_physiological_0133.wav,real,0,physiological,2.64,16000,1,84608,877310802d0958db...
human_physiological_0134.wav,real/human_physiological_0134.wav,real,0,physiological,2.82,16000,1,90424,113bad7d6e116cbe...
human_physiological_0135.wav,real/human_physiological_0135.wav,real,0,physiological,2.94,16000,1,94082,2bbc1f10530354ab...
human_physiological_0136.wav,real/human_physiological_0136.wav,real,0,physiological,3.01,16000,1,96272,29934875a7ca938c...
human_physiological_0137.wav,real/human_physiological_0137.wav,real,0,physiological,2.43,16000,1,77894,848ca205e10d3936...
human_physiological_0138.wav,real/human_physiological_0138.wav,real,0,physiological,2.42,16000,1,77636,e11ba132b702f489...
human_physiological_0139.wav,real/human_physiological_0139.wav,real,0,physiological,2.71,16000,1,86644,d708c1df369da548...
human_physiological_0140.wav,real/human_physiological_0140.wav,real,0,physiological,2.98,16000,1,95258,7b389967a392e3b5...
human_physiological_0141.wav,real/human_physiological_0141.wav,real,0,physiological,2.61,16000,1,83624,c74526a0a5f9cd58...
human_physiological_0142.wav,real/human_physiological_0142.wav,real,0,physiological,2.71,16000,1,86886,993fcfc26db0fae4...
human_physiological_0143.wav,real/human_physiological_0143.wav,real,0,physiological,2.42,16000,1,77480,e57d7f4983571aa9...
human_physiological_0144.wav,real/human_physiological_0144.wav,real,0,physiological,2.63,16000,1,84250,2f9fac75f3f99c86...
human_physiological_0145.wav,real/human_physiological_0145.wav,real,0,physiological,2.87,16000,1,91798,209b947d855a2e8a...
human_physiological_0146.wav,real/human_physiological_0146.wav,real,0,physiological,2.58,16000,1,82710,64ac75d7b08cbc2d...
human_physiological_0147.wav,real/human_physiological_0147.wav,real,0,physiological,2.47,16000,1,79236,3f11e1e965be0b61...
human_physiological_0148.wav,real/human_physiological_0148.wav,real,0,physiological,2.43,16000,1,77846,71a07b1d474435c5...
human_physiological_0149.wav,real/human_physiological_0149.wav,real,0,physiological,2.34,16000,1,74802,252409de0113993e...
human_physiological_0150.wav,real/human_physiological_0150.wav,real,0,physiological,2.79,16000,1,89308,72b3d598838f2482...
human_physiological_0151.wav,real/human_physiological_0151.wav,real,0,physiological,2.12,16000,1,67940,1b7f9d011fcf5248...
human_physiological_0152.wav,real/human_physiological_0152.wav,real,0,physiological,2.7,16000,1,86340,bb8ac76e398224b3...
human_physiological_0153.wav,real/human_physiological_0153.wav,real,0,physiological,3.15,16000,1,100758,6ffcca3fb4a6d546...
human_physiological_0154.wav,real/human_physiological_0154.wav,real,0,physiological,2.45,16000,1,78478,1625df1f02e07a7f...
human_physiological_0155.wav,real/human_physiological_0155.wav,real,0,physiological,2.29,16000,1,73212,f5f6e0b543d54b4b...
human_physiological_0156.wav,real/human_physiological_0156.wav,real,0,physiological,2.03,16000,1,65128,7e1224d969e99a64...
human_physiological_0157.wav,real/human_physiological_0157.wav,real,0,physiological,2.29,16000,1,73416,de0852513290448b...
human_physiological_0158.wav,real/human_physiological_0158.wav,real,0,physiological,2.32,16000,1,74202,b2967c863611653c...
human_physiological_0159.wav,real/human_physiological_0159.wav,real,0,physiological,2.2,16000,1,70304,ec1b2d94ed25ace6...
human_physiological_0160.wav,real/human_physiological_0160.wav,real,0,physiological,2.17,16000,1,69482,9930be846506f1d1...
human_physiological_0161.wav,real/human_physiological_0161.wav,real,0,physiological,2.7,16000,1,86348,032e4900ccc0c1ff...
human_physiological_0162.wav,real/human_physiological_0162.wav,real,0,physiological,2.29,16000,1,73244,60a8626daf467192...
human_physiological_0163.wav,real/human_physiological_0163.wav,real,0,physiological,2.93,16000,1,93922,157fd3d9e6b2fda3...
human_physiological_0164.wav,real/human_physiological_0164.wav,real,0,physiological,2.51,16000,1,80512,d5ddb98997756017...
human_physiological_0165.wav,real/human_physiological_0165.wav,real,0,physiological,2.24,16000,1,71638,931fd868b200b8db...
human_physiological_0166.wav,real/human_physiological_0166.wav,real,0,physiological,2.39,16000,1,76668,6c5444ba8f50e587...
human_physiological_0167.wav,real/human_physiological_0167.wav,real,0,physiological,2.2,16000,1,70430,162cf0f08060034d...
human_physiological_0168.wav,real/human_physiological_0168.wav,real,0,physiological,2.57,16000,1,82308,9a5e9daea751c902...
human_physiological_0169.wav,real/human_physiological_0169.wav,real,0,physiological,2.61,16000,1,83444,ac93b81249aadb1c...
human_physiological_0170.wav,real/human_physiological_0170.wav,real,0,physiological,2.71,16000,1,86896,6179f47f38690d09...
human_physiological_0171.wav,real/human_physiological_0171.wav,real,0,physiological,2.34,16000,1,75042,706934cbc2e3aaa5...
human_physiological_0172.wav,real/human_physiological_0172.wav,real,0,physiological,2.42,16000,1,77574,73cef441ad86f2c5...
human_physiological_0173.wav,real/human_physiological_0173.wav,real,0,physiological,2.34,16000,1,75038,c7489d4ac9d3f2bb...
human_physiological_0174.wav,real/human_physiological_0174.wav,real,0,physiological,2.98,16000,1,95316,5e8a33d09c5c78df...
human_physiological_0175.wav,real/human_physiological_0175.wav,real,0,physiological,2.87,16000,1,91960,bd7f93a92eba1aa9...
human_physiological_0176.wav,real/human_physiological_0176.wav,real,0,physiological,2.74,16000,1,87606,5ddd76af138b5e81...
human_physiological_0177.wav,real/human_physiological_0177.wav,real,0,physiological,2.56,16000,1,82032,610743ae6ec58be2...
human_physiological_0178.wav,real/human_physiological_0178.wav,real,0,physiological,2.88,16000,1,92148,64d06f0736989b1f...
human_physiological_0179.wav,real/human_physiological_0179.wav,real,0,physiological,2.5,16000,1,80194,1d7ee602dddfd63c...
human_physiological_0180.wav,real/human_physiological_0180.wav,real,0,physiological,2.99,16000,1,95714,870b0c2e2bcef0e0...
human_physiological_0181.wav,real/human_physiological_0181.wav,real,0,physiological,3.09,16000,1,98820,8176c9d9a23ad5f9...
human_physiological_0182.wav,real/human_physiological_0182.wav,real,0,physiological,2.64,16000,1,84462,3ab63ae2e665e826...
human_physiological_0183.wav,real/human_physiological_0183.wav,real,0,physiological,2.41,16000,1,77150,13db6701dce1f71d...
human_physiological_0184.wav,real/human_physiological_0184.wav,real,0,physiological,2.3,16000,1,73560,b8294e796bb8c1da...
human_physiological_0185.wav,real/human_physiological_0185.wav,real,0,physiological,2.73,16000,1,87550,9a426cf518608f86...
human_physiological_0186.wav,real/human_physiological_0186.wav,real,0,physiological,2.43,16000,1,77954,ebe782cda9b0b10b...
human_physiological_0187.wav,real/human_physiological_0187.wav,real,0,physiological,2.01,16000,1,64460,d86244fd497a7bd5...
human_physiological_0188.wav,real/human_physiological_0188.wav,real,0,physiological,2.82,16000,1,90388,ebf3ef82a1ff67ba...
human_physiological_0189.wav,real/human_physiological_0189.wav,real,0,physiological,3.19,16000,1,102074,8876851febbbdc01...
human_physiological_0190.wav,real/human_physiological_0190.wav,real,0,physiological,3.16,16000,1,101124,c4b8fe46ef13dd03...
human_physiological_0191.wav,real/human_physiological_0191.wav,real,0,physiological,2.48,16000,1,79404,3784308d8b28fe60...
human_physiological_0192.wav,real/human_physiological_0192.wav,real,0,physiological,2.38,16000,1,76178,fa2e08f9ec9598e7...
human_physiological_0193.wav,real/human_physiological_0193.wav,real,0,physiological,2.56,16000,1,81924,707add112ec8a51c...
human_physiological_0194.wav,real/human_physiological_0194.wav,real,0,physiological,2.46,16000,1,78672,7ad5843d9b71c636...
human_physiological_0195.wav,real/human_physiological_0195.wav,real,0,physiological,2.99,16000,1,95622,2a4e1fe481e65708...
human_physiological_0196.wav,real/human_physiological_0196.wav,real,0,physiological,2.04,16000,1,65172,3a02ad209e2bd45d...
human_physiological_0197.wav,real/human_physiological_0197.wav,real,0,physiological,2.19,16000,1,70254,ac05130910455308...
human_physiological_0198.wav,real/human_physiological_0198.wav,real,0,physiological,3.12,16000,1,99978,405d643eb06ba515...
human_physiological_0199.wav,real/human_physiological_0199.wav,real,0,physiological,2.3,16000,1,73664,296902034cf75b6b...
human_physiological_0200.wav,real/human_physiological_0200.wav,real,0,physiological,2.83,16000,1,90558,2e9769f2ff0ef788...
local_real_00041_real_0001.wav,real/local_real_00041_real_0001.wav,real,0,local,3.23,16000,1,103268,3e15f6a572fe0826...
local_real_00042_real_0002.wav,real/local_real_00042_real_0002.wav,real,0,local,3.14,16000,1,100490,09d223f27b56209e...
local_real_00043_real_0003.wav,real/local_real_00043_real_0003.wav,real,0,local,3.2,16000,1,102324,fdc9f9f5f44f347d...
local_real_00044_real_0004.wav,real/local_real_00044_real_0004.wav,real,0,local,3.08,16000,1,98678,cab4bd82aad54333...
local_real_00045_real_0005.wav,real/local_real_00045_real_0005.wav,real,0,local,3.22,16000,1,102974,e11d7d5411815192...
local_real_00046_real_0006.wav,real/local_real_00046_real_0006.wav,real,0,local,2.59,16000,1,82916,c851f055914fbbe9...
local_real_00047_real_0007.wav,real/local_real_00047_real_0007.wav,real,0,local,2.42,16000,1,77382,cf785646234fb723...
local_real_00048_real_0008.wav,real/local_real_00048_real_0008.wav,real,0,local,2.54,16000,1,81310,a8a48e5b0caed397...
local_real_00049_real_0009.wav,real/local_real_00049_real_0009.wav,real,0,local,2.38,16000,1,76128,a6f40e529b078edf...
local_real_00050_real_0010.wav,real/local_real_00050_real_0010.wav,real,0,local,2.48,16000,1,79440,3dd6886d9994da1e...
local_real_00051_real_0011.wav,real/local_real_00051_real_0011.wav,real,0,local,2.97,16000,1,95184,4bc1fe4e1f33b8c1...
local_real_00052_real_0012.wav,real/local_real_00052_real_0012.wav,real,0,local,3.13,16000,1,100250,ae197df242744d39...
local_real_00053_real_0013.wav,real/local_real_00053_real_0013.wav,real,0,local,3.23,16000,1,103462,c0f0f68b47574ed1...
local_real_00054_real_0014.wav,real/local_real_00054_real_0014.wav,real,0,local,2.97,16000,1,95126,9eb84a7ce64cfc64...
local_real_00055_real_0015.wav,real/local_real_00055_real_0015.wav,real,0,local,2.73,16000,1,87316,7e1dced90ebca722...
local_real_00056_real_0016.wav,real/local_real_00056_real_0016.wav,real,0,local,2.22,16000,1,71224,e6ffc139963c0d07...
local_real_00057_real_0017.wav,real/local_real_00057_real_0017.wav,real,0,local,3.09,16000,1,99028,fb2a5e2b36d9486b...
local_real_00058_real_0018.wav,real/local_real_00058_real_0018.wav,real,0,local,2.36,16000,1,75456,e48cb765cf24a5ad...
local_real_00059_real_0019.wav,real/local_real_00059_real_0019.wav,real,0,local,3.23,16000,1,103380,fc9b206654174f35...
local_real_00060_real_0020.wav,real/local_real_00060_real_0020.wav,real,0,local,2.63,16000,1,84208,9e945dd25b516fac...
local_real_00061_real_0021.wav,real/local_real_00061_real_0021.wav,real,0,local,2.58,16000,1,82640,527b2ff1d2e8965b...
local_real_00062_real_0022.wav,real/local_real_00062_real_0022.wav,real,0,local,2.15,16000,1,68782,6184c70657e5191e...
local_real_00063_real_0023.wav,real/local_real_00063_real_0023.wav,real,0,local,2.52,16000,1,80680,74984392ac3d13ce...
local_real_00064_real_0024.wav,real/local_real_00064_real_0024.wav,real,0,local,2.55,16000,1,81662,b370321038efe68f...
local_real_00065_real_0025.wav,real/local_real_00065_real_0025.wav,real,0,local,3.06,16000,1,97826,1fcde025ae805c76...
local_real_00066_real_0026.wav,real/local_real_00066_real_0026.wav,real,0,local,2.22,16000,1,71158,caec8cdd9c3d1243...
local_real_00067_real_0027.wav,real/local_real_00067_real_0027.wav,real,0,local,3.3,16000,1,105570,b9b5fa39f49f018f...
local_real_00068_real_0028.wav,real/local_real_00068_real_0028.wav,real,0,local,3.4,16000,1,108808,f78b4b70af197189...
local_real_00069_real_0029.wav,real/local_real_00069_real_0029.wav,real,0,local,3.34,16000,1,106796,d15f6f49d1d3aaee...
local_real_00070_real_0030.wav,real/local_real_00070_real_0030.wav,real,0,local,3.18,16000,1,101838,80c25bb4d8dc75e9...
local_real_00071_real_0031.wav,real/local_real_00071_real_0031.wav,real,0,local,2.05,16000,1,65630,ba6ccc0f28d61b56...
local_real_00072_real_0032.wav,real/local_real_00072_real_0032.wav,real,0,local,2.02,16000,1,64670,c087bf19d01af492...
local_real_00073_real_0033.wav,real/local_real_00073_real_0033.wav,real,0,local,2.99,16000,1,95756,e40efcc2f88474cb...
local_real_00074_real_0034.wav,real/local_real_00074_real_0034.wav,real,0,local,3.26,16000,1,104208,273694e81e4cc43c...
local_real_00075_real_0035.wav,real/local_real_00075_real_0035.wav,real,0,local,3.2,16000,1,102476,8aed7ac0386ace28...
local_real_00076_real_0036.wav,real/local_real_00076_real_0036.wav,real,0,local,2.91,16000,1,93092,7cce2b6dcf860348...
local_real_00077_real_0037.wav,real/local_real_00077_real_0037.wav,real,0,local,2.61,16000,1,83556,2e78108384084edd...
local_real_00078_real_0038.wav,real/local_real_00078_real_0038.wav,real,0,local,3.09,16000,1,98972,5fa29c9c1b60cd49...
local_real_00079_real_0039.wav,real/local_real_00079_real_0039.wav,real,0,local,3.03,16000,1,96868,5472a1a11de27be9...
local_real_00080_real_0040.wav,real/local_real_00080_real_0040.wav,real,0,local,2.98,16000,1,95302,c32dd4af6968bdc5...
local_real_00270_hf_106_E10111891.wav,real/local_real_00270_hf_106_E10111891.wav,real,0,local,6.66,16000,1,213186,d908efc70ba31567...
local_real_00271_hf_108_E10081445.wav,real/local_real_00271_hf_108_E10081445.wav,real,0,local,3.97,16000,1,127158,8f9725beb94cc282...
local_real_00272_hf_117_E10099159.wav,real/local_real_00272_hf_117_E10099159.wav,real,0,local,4.87,16000,1,155742,23d6622ed356a115...
local_real_00273_hf_127_E10013586.wav,real/local_real_00273_hf_127_E10013586.wav,real,0,local,2.18,16000,1,69710,de1b19e4e40aa55c...
local_real_00274_hf_151_E10172773.wav,real/local_real_00274_hf_151_E10172773.wav,real,0,local,3.33,16000,1,106578,3abaea6cd3272628...
local_real_00275_hf_165_E10145791.wav,real/local_real_00275_hf_165_E10145791.wav,real,0,local,5.89,16000,1,188610,04d3d4d63526376c...
local_real_00276_hf_199_E10159957.wav,real/local_real_00276_hf_199_E10159957.wav,real,0,local,2.82,16000,1,90246,1ae0d286292e9964...
local_real_00277_hf_29_E10078063.wav,real/local_real_00277_hf_29_E10078063.wav,real,0,local,4.44,16000,1,142180,cd226a60d61e8285...
local_real_00278_hf_47_E10003531.wav,real/local_real_00278_hf_47_E10003531.wav,real,0,local,2.13,16000,1,68364,ce4cb712aaa2c4a8...
local_real_00279_hf_56_E10141943.wav,real/local_real_00279_hf_56_E10141943.wav,real,0,local,2.09,16000,1,66986,ddbb4b107ca690f0...
local_real_00280_hf_72_E10141224.wav,real/local_real_00280_hf_72_E10141224.wav,real,0,local,3.67,16000,1,117634,5a0cd01bdb84f340...
local_real_00464_hf_0_E_1000670.wav,real/local_real_00464_hf_0_E_1000670.wav,real,0,local,3.26,16000,1,104284,b92a2e20b07f74e6...
local_real_00465_hf_10_E_1008489.wav,real/local_real_00465_hf_10_E_1008489.wav,real,0,local,3.13,16000,1,100316,d0e9d8b4042bcf6f...
local_real_00466_hf_11_E_1009947.wav,real/local_real_00466_hf_11_E_1009947.wav,real,0,local,2.46,16000,1,78812,93b413ce37c6824f...
local_real_00467_hf_12_E_1011149.wav,real/local_real_00467_hf_12_E_1011149.wav,real,0,local,3.13,16000,1,100188,e6ac201213f667eb...
local_real_00468_hf_13_E_1011618.wav,real/local_real_00468_hf_13_E_1011618.wav,real,0,local,3.31,16000,1,105948,d00d188e68f58107...
local_real_00469_hf_14_E_1012343.wav,real/local_real_00469_hf_14_E_1012343.wav,real,0,local,3.44,16000,1,110172,7f961ec9e5f5cd26...
local_real_00470_hf_15_E_1012729.wav,real/local_real_00470_hf_15_E_1012729.wav,real,0,local,2.05,16000,1,65500,caf72f6fb79027bc...
local_real_00471_hf_16_E_1014168.wav,real/local_real_00471_hf_16_E_1014168.wav,real,0,local,3.97,16000,1,126940,314b3449020743f0...
local_real_00472_hf_1_E_1001313.wav,real/local_real_00472_hf_1_E_1001313.wav,real,0,local,3.92,16000,1,125404,0858419a1ed5f1bf...
local_real_00473_hf_2_E_1002007.wav,real/local_real_00473_hf_2_E_1002007.wav,real,0,local,3.88,16000,1,124124,9b27e34ce7ef04c8...
local_real_00474_hf_3_E_1004482.wav,real/local_real_00474_hf_3_E_1004482.wav,real,0,local,4.11,16000,1,131676,0ce62d4fa3cb8eb3...
local_real_00475_hf_4_E_1004761.wav,real/local_real_00475_hf_4_E_1004761.wav,real,0,local,2.86,16000,1,91548,d045e013ee61b5ff...
local_real_00476_hf_5_E_1005306.wav,real/local_real_00476_hf_5_E_1005306.wav,real,0,local,3.12,16000,1,99804,20e67ed61519f339...
local_real_00477_hf_6_E_1005678.wav,real/local_real_00477_hf_6_E_1005678.wav,real,0,local,3.2,16000,1,102364,5e245a8c7ea64b42...
local_real_00478_hf_7_E_1005738.wav,real/local_real_00478_hf_7_E_1005738.wav,real,0,local,2.38,16000,1,76252,62aa43a1f3282c7b...
local_real_00479_hf_8_E_1007768.wav,real/local_real_00479_hf_8_E_1007768.wav,real,0,local,3.39,16000,1,108508,24b91ce88a16ff4f...
local_real_00480_hf_9_E_1008261.wav,real/local_real_00480_hf_9_E_1008261.wav,real,0,local,3.42,16000,1,109404,dfc048856f9789d9...
local_real_00516_real_0001.wav,real/local_real_00516_real_0001.wav,real,0,local,2.56,16000,1,81854,b427e2e1cf28c27c...
local_real_00517_real_0002.wav,real/local_real_00517_real_0002.wav,real,0,local,2.58,16000,1,82528,d68cfa4b6cc24ae8...
local_real_00518_real_0003.wav,real/local_real_00518_real_0003.wav,real,0,local,3.49,16000,1,111724,31c0f6871001093b...
local_real_00519_real_0004.wav,real/local_real_00519_real_0004.wav,real,0,local,3.16,16000,1,101204,085e52bae72311bc...
local_real_00520_real_0005.wav,real/local_real_00520_real_0005.wav,real,0,local,3.23,16000,1,103342,d48eb7c45e3c3351...
local_real_00521_real_0006.wav,real/local_real_00521_real_0006.wav,real,0,local,2.53,16000,1,81020,7ae1b6da6b26c823...
local_real_00522_real_0007.wav,real/local_real_00522_real_0007.wav,real,0,local,3.32,16000,1,106338,377bbafada5f06a9...
local_real_00523_real_0008.wav,real/local_real_00523_real_0008.wav,real,0,local,2.39,16000,1,76422,dd3eaa1f32ab9b56...
local_real_00524_real_0009.wav,real/local_real_00524_real_0009.wav,real,0,local,2.19,16000,1,70212,eb3b32f24cfdf933...
local_real_00525_real_0010.wav,real/local_real_00525_real_0010.wav,real,0,local,3.28,16000,1,105116,868acd00030269ef...
local_real_00526_real_0011.wav,real/local_real_00526_real_0011.wav,real,0,local,3.33,16000,1,106546,3dd73b2d9cecff0c...
local_real_00527_real_0012.wav,real/local_real_00527_real_0012.wav,real,0,local,3.47,16000,1,111112,0e8283c350ba963f...
local_real_00528_real_0013.wav,real/local_real_00528_real_0013.wav,real,0,local,3.37,16000,1,107728,3d380f156dd6915a...
local_real_00529_real_0014.wav,real/local_real_00529_real_0014.wav,real,0,local,3.41,16000,1,109116,85fb6f0ea759fc26...
local_real_00530_real_0015.wav,real/local_real_00530_real_0015.wav,real,0,local,2.87,16000,1,91796,6ac3d4cba53da446...
local_real_00531_real_0016.wav,real/local_real_00531_real_0016.wav,real,0,local,2.92,16000,1,93640,544830e7af585e2d...
local_real_00532_real_0017.wav,real/local_real_00532_real_0017.wav,real,0,local,3.29,16000,1,105406,54388566556ad570...
local_real_00533_real_0018.wav,real/local_real_00533_real_0018.wav,real,0,local,2.91,16000,1,93316,ec0e4cb79a143b22...
local_real_00534_real_0019.wav,real/local_real_00534_real_0019.wav,real,0,local,2.06,16000,1,66096,40f1b8cee33216fc...
local_real_00535_real_0020.wav,real/local_real_00535_real_0020.wav,real,0,local,2.12,16000,1,67798,b5f62e7d1fb98f3b...
local_real_00536_real_0021.wav,real/local_real_00536_real_0021.wav,real,0,local,2.26,16000,1,72454,03d9ec5a307c8c5b...
local_real_00537_real_0022.wav,real/local_real_00537_real_0022.wav,real,0,local,3.05,16000,1,97796,7544ef0b73a47680...
local_real_00538_real_0023.wav,real/local_real_00538_real_0023.wav,real,0,local,3.48,16000,1,111450,7716f7ce491bbe21...
local_real_00539_real_0024.wav,real/local_real_00539_real_0024.wav,real,0,local,2.34,16000,1,75018,a92420e0563622d9...
local_real_00540_real_0025.wav,real/local_real_00540_real_0025.wav,real,0,local,2.72,16000,1,87126,7c68d0be6333d3c0...
local_real_00541_real_0026.wav,real/local_real_00541_real_0026.wav,real,0,local,2.73,16000,1,87456,11598cac157a0f29...
local_real_00542_real_0027.wav,real/local_real_00542_real_0027.wav,real,0,local,3.36,16000,1,107468,d9fff8554b3b0035...
local_real_00543_real_0028.wav,real/local_real_00543_real_0028.wav,real,0,local,3.28,16000,1,105056,50149ab0c0d0239a...
local_real_00544_real_0029.wav,real/local_real_00544_real_0029.wav,real,0,local,2.64,16000,1,84468,0894d9886f3d5b19...
local_real_00545_real_0030.wav,real/local_real_00545_real_0030.wav,real,0,local,2.3,16000,1,73560,dadc128b86bbf9a5...
local_real_00546_real_0031.wav,real/local_real_00546_real_0031.wav,real,0,local,3.29,16000,1,105274,c6ce15137195ba53...
local_real_00547_real_0032.wav,real/local_real_00547_real_0032.wav,real,0,local,3.48,16000,1,111366,1ef15825fdf98fa3...
local_real_00548_real_0033.wav,real/local_real_00548_real_0033.wav,real,0,local,3.0,16000,1,96042,2dca6b2153651f33...
local_real_00549_real_0034.wav,real/local_real_00549_real_0034.wav,real,0,local,2.43,16000,1,77930,8279f90204f95c75...
local_real_00550_real_0035.wav,real/local_real_00550_real_0035.wav,real,0,local,2.26,16000,1,72288,9d30f1a1d10e1668...
real_samples_01326_1089_134686_000002_000001.wav,real/real_samples_01326_1089_134686_000002_000001.wav,real,0,samples,5.97,24000,1,286604,126818e11fe80876...
real_samples_01327_1089_134686_000002_000002.wav,real/real_samples_01327_1089_134686_000002_000002.wav,real,0,samples,12.35,24000,1,592844,196c884ef2490cb8...
real_samples_01328_1089_134686_000002_000003.wav,real/real_samples_01328_1089_134686_000002_000003.wav,real,0,samples,20.68,24000,1,992684,37a1fa58801766a6...
real_samples_01329_1089_134686_000002_000004.wav,real/real_samples_01329_1089_134686_000002_000004.wav,real,0,samples,23.43,24000,1,1124684,fd611772d2436468...
real_samples_01330_1089_134686_000007_000000.wav,real/real_samples_01330_1089_134686_000007_000000.wav,real,0,samples,15.39,24000,1,738764,936ff8807a7ba3be...
real_samples_01331_1089_134686_000007_000002.wav,real/real_samples_01331_1089_134686_000007_000002.wav,real,0,samples,10.83,24000,1,519884,b417deeecfa9c13e...
real_samples_01332_1089_134686_000007_000004.wav,real/real_samples_01332_1089_134686_000007_000004.wav,real,0,samples,9.0,24000,1,432044,29a425ef569f4244...
real_samples_01333_1089_134686_000007_000005.wav,real/real_samples_01333_1089_134686_000007_000005.wav,real,0,samples,5.31,24000,1,254924,94daeef9bfbd6c3c...
real_samples_01334_1089_134686_000008_000000.wav,real/real_samples_01334_1089_134686_000008_000000.wav,real,0,samples,31.2,24000,1,1497644,4e1864ee246a9e59...
real_samples_01335_1089_134686_000009_000000.wav,real/real_samples_01335_1089_134686_000009_000000.wav,real,0,samples,3.51,24000,1,168524,266982db69ffe51e...
real_samples_01336_1089_134686_000009_000001.wav,real/real_samples_01336_1089_134686_000009_000001.wav,real,0,samples,9.92,24000,1,476204,961f1b963ab19ff1...
real_samples_01337_1089_134686_000009_000002.wav,real/real_samples_01337_1089_134686_000009_000002.wav,real,0,samples,12.92,24000,1,620204,626da9956ad7b297...
real_samples_01338_1089_134686_000009_000003.wav,real/real_samples_01338_1089_134686_000009_000003.wav,real,0,samples,6.03,24000,1,289484,3e8262a32f941424...
real_samples_01339_1089_134686_000009_000004.wav,real/real_samples_01339_1089_134686_000009_000004.wav,real,0,samples,14.64,24000,1,702764,6938dfe230dc3575...
real_samples_01340_1089_134686_000009_000005.wav,real/real_samples_01340_1089_134686_000009_000005.wav,real,0,samples,9.4,24000,1,451244,f307b0fe759f3829...
real_samples_01341_1089_134686_000009_000006.wav,real/real_samples_01341_1089_134686_000009_000006.wav,real,0,samples,9.81,24000,1,470924,17ba5bb79c2e1112...
real_samples_01342_1089_134686_000009_000008.wav,real/real_samples_01342_1089_134686_000009_000008.wav,real,0,samples,5.77,24000,1,277004,2ea6f32f65b888c6...
real_samples_01343_1089_134686_000009_000009.wav,real/real_samples_01343_1089_134686_000009_000009.wav,real,0,samples,15.15,24000,1,727244,41368dd7b482c417...
real_samples_01344_1089_134686_000009_000010.wav,real/real_samples_01344_1089_134686_000009_000010.wav,real,0,samples,12.53,24000,1,601484,7df7320837a5906c...
real_samples_01345_1089_134686_000010_000000.wav,real/real_samples_01345_1089_134686_000010_000000.wav,real,0,samples,3.91,24000,1,187724,4755e7de5857f482...
real_samples_01346_1089_134686_000010_000001.wav,real/real_samples_01346_1089_134686_000010_000001.wav,real,0,samples,4.11,24000,1,197324,07e81cd44f766629...
real_samples_01347_1089_134686_000011_000002.wav,real/real_samples_01347_1089_134686_000011_000002.wav,real,0,samples,22.17,24000,1,1064204,8be7203198dc726a...
real_samples_01348_1089_134686_000011_000003.wav,real/real_samples_01348_1089_134686_000011_000003.wav,real,0,samples,7.47,24000,1,358604,db37739db5faf5f0...
real_samples_01349_1089_134686_000012_000000.wav,real/real_samples_01349_1089_134686_000012_000000.wav,real,0,samples,8.35,24000,1,400844,9b0730cb89300867...
real_samples_01350_1089_134686_000012_000003.wav,real/real_samples_01350_1089_134686_000012_000003.wav,real,0,samples,11.06,24000,1,530924,07583e773bb0c354...
real_samples_01351_1089_134686_000012_000004.wav,real/real_samples_01351_1089_134686_000012_000004.wav,real,0,samples,4.06,24000,1,194924,08820d11bc9787f4...
real_samples_01352_1089_134686_000014_000001.wav,real/real_samples_01352_1089_134686_000014_000001.wav,real,0,samples,10.77,24000,1,517004,784b9634dc1bbdc7...
real_samples_01353_1089_134686_000014_000002.wav,real/real_samples_01353_1089_134686_000014_000002.wav,real,0,samples,6.87,24000,1,329804,4df6d09206261c1c...
real_samples_01354_1089_134686_000014_000003.wav,real/real_samples_01354_1089_134686_000014_000003.wav,real,0,samples,23.46,24000,1,1126124,cab1f4f7301921b0...
real_samples_01355_1089_134686_000015_000002.wav,real/real_samples_01355_1089_134686_000015_000002.wav,real,0,samples,4.0,24000,1,192044,8674b9bd9fb7d6b9...
real_samples_01356_1089_134686_000015_000003.wav,real/real_samples_01356_1089_134686_000015_000003.wav,real,0,samples,5.57,24000,1,267404,917f136b41a148b3...
real_samples_01357_1089_134686_000015_000004.wav,real/real_samples_01357_1089_134686_000015_000004.wav,real,0,samples,3.71,24000,1,178126,72a693376528533d...
real_samples_01358_1089_134686_000017_000000.wav,real/real_samples_01358_1089_134686_000017_000000.wav,real,0,samples,3.14,24000,1,150766,3e2430e5735cda8b...
real_samples_01359_1089_134686_000019_000000.wav,real/real_samples_01359_1089_134686_000019_000000.wav,real,0,samples,3.09,24000,1,148362,3a7b3b255d629cf5...
real_samples_01360_1089_134686_000021_000000.wav,real/real_samples_01360_1089_134686_000021_000000.wav,real,0,samples,8.38,24000,1,402286,923f3265c8fc6894...
real_samples_01361_1089_134686_000023_000000.wav,real/real_samples_01361_1089_134686_000023_000000.wav,real,0,samples,14.78,24000,1,709482,f512b36b7ef428f1...
real_samples_01362_1089_134686_000023_000001.wav,real/real_samples_01362_1089_134686_000023_000001.wav,real,0,samples,12.99,24000,1,623564,548bf2d40f5df24b...
real_samples_01363_1089_134686_000024_000000.wav,real/real_samples_01363_1089_134686_000024_000000.wav,real,0,samples,9.95,24000,1,477644,ce1f449813c5769b...
real_samples_01364_1089_134686_000024_000001.wav,real/real_samples_01364_1089_134686_000024_000001.wav,real,0,samples,16.13,24000,1,774284,1fd1609332e8c8de...
real_samples_01365_1089_134686_000024_000002.wav,real/real_samples_01365_1089_134686_000024_000002.wav,real,0,samples,6.07,24000,1,291406,9c22725ec5c858ac...
real_samples_01366_1089_134686_000024_000004.wav,real/real_samples_01366_1089_134686_000024_000004.wav,real,0,samples,10.44,24000,1,501164,4eeddd636f282cf6...
real_samples_01367_1089_134686_000024_000005.wav,real/real_samples_01367_1089_134686_000024_000005.wav,real,0,samples,12.57,24000,1,603406,ff3a96a6eaca5a19...
real_samples_01368_1089_134686_000024_000006.wav,real/real_samples_01368_1089_134686_000024_000006.wav,real,0,samples,8.19,24000,1,393164,98b06485728461ab...
real_samples_01369_1089_134686_000024_000007.wav,real/real_samples_01369_1089_134686_000024_000007.wav,real,0,samples,10.92,24000,1,524202,f0e4f71e88fcf68b...
real_samples_01370_1089_134686_000026_000000.wav,real/real_samples_01370_1089_134686_000026_000000.wav,real,0,samples,3.93,24000,1,188682,3adf14b5fb8d54a9...
real_samples_01371_1089_134686_000026_000001.wav,real/real_samples_01371_1089_134686_000026_000001.wav,real,0,samples,3.84,24000,1,184362,5789284a5abb1b7e...
real_samples_01372_1089_134686_000026_000003.wav,real/real_samples_01372_1089_134686_000026_000003.wav,real,0,samples,5.67,24000,1,272204,8db19cd364fa239b...
real_samples_01373_1089_134686_000027_000000.wav,real/real_samples_01373_1089_134686_000027_000000.wav,real,0,samples,3.31,24000,1,158924,e1ddca9f54c5701d...
real_samples_01374_1089_134686_000028_000002.wav,real/real_samples_01374_1089_134686_000028_000002.wav,real,0,samples,4.32,24000,1,207404,6d18a061f23a4b7b...
real_samples_01375_1089_134686_000028_000003.wav,real/real_samples_01375_1089_134686_000028_000003.wav,real,0,samples,4.9,24000,1,235244,25786ced2e10a1fb...
real_samples_01376_1089_134686_000028_000004.wav,real/real_samples_01376_1089_134686_000028_000004.wav,real,0,samples,5.32,24000,1,255406,c99dd52b2b014013...
real_samples_01377_1089_134686_000028_000006.wav,real/real_samples_01377_1089_134686_000028_000006.wav,real,0,samples,6.83,24000,1,327886,4bcc85d17dd2e785...
real_samples_01378_1089_134686_000028_000008.wav,real/real_samples_01378_1089_134686_000028_000008.wav,real,0,samples,3.67,24000,1,176204,bcccd9446645a922...
real_samples_01379_1089_134686_000030_000000.wav,real/real_samples_01379_1089_134686_000030_000000.wav,real,0,samples,5.57,24000,1,267406,8edf77ddfe38fdf0...
real_samples_01380_1089_134686_000030_000001.wav,real/real_samples_01380_1089_134686_000030_000001.wav,real,0,samples,5.86,24000,1,281324,8d0d721b53965bdb...
real_samples_01381_1089_134686_000032_000000.wav,real/real_samples_01381_1089_134686_000032_000000.wav,real,0,samples,6.82,24000,1,327404,78d0d9237e79aeca...
real_samples_01382_1089_134686_000032_000001.wav,real/real_samples_01382_1089_134686_000032_000001.wav,real,0,samples,7.56,24000,1,362924,5451369e763b355d...
real_samples_01383_1089_134686_000032_000004.wav,real/real_samples_01383_1089_134686_000032_000004.wav,real,0,samples,3.38,24000,1,162284,9dea0a75b8700423...
real_samples_01384_1089_134686_000032_000005.wav,real/real_samples_01384_1089_134686_000032_000005.wav,real,0,samples,7.87,24000,1,377804,99e8e5504fad9a48...
real_samples_01385_1089_134686_000032_000006.wav,real/real_samples_01385_1089_134686_000032_000006.wav,real,0,samples,5.55,24000,1,266444,c77bd194f6eb9a95...
real_samples_01386_1089_134686_000032_000007.wav,real/real_samples_01386_1089_134686_000032_000007.wav,real,0,samples,15.7,24000,1,753640,1a461a00f022095e...
real_samples_01387_1089_134686_000032_000008.wav,real/real_samples_01387_1089_134686_000032_000008.wav,real,0,samples,3.07,24000,1,147404,baf06554cc062c26...
real_samples_01388_1089_134686_000034_000001.wav,real/real_samples_01388_1089_134686_000034_000001.wav,real,0,samples,3.79,24000,1,181962,a26b0817c18fe827...
real_samples_01389_1089_134686_000034_000003.wav,real/real_samples_01389_1089_134686_000034_000003.wav,real,0,samples,17.12,24000,1,821804,e3a62373f8bd8f5c...
real_samples_01390_1089_134686_000034_000004.wav,real/real_samples_01390_1089_134686_000034_000004.wav,real,0,samples,3.08,24000,1,147884,634cbc5c04dc1042...
real_samples_01391_1089_134686_000035_000000.wav,real/real_samples_01391_1089_134686_000035_000000.wav,real,0,samples,10.05,24000,1,482442,aed6a7cbb648eb6b...
real_samples_01392_1089_134691_000002_000001.wav,real/real_samples_01392_1089_134691_000002_000001.wav,real,0,samples,7.32,24000,1,351404,8acf7467bc082870...
real_samples_01393_1089_134691_000002_000002.wav,real/real_samples_01393_1089_134691_000002_000002.wav,real,0,samples,4.63,24000,1,222284,5fbc507040c3226a...
real_samples_01394_1089_134691_000003_000000.wav,real/real_samples_01394_1089_134691_000003_000000.wav,real,0,samples,10.73,24000,1,515084,ac45089bf70419e5...
real_samples_01395_1089_134691_000004_000000.wav,real/real_samples_01395_1089_134691_000004_000000.wav,real,0,samples,5.03,24000,1,241484,7dc0504d6061754a...
real_samples_01396_1089_134691_000004_000001.wav,real/real_samples_01396_1089_134691_000004_000001.wav,real,0,samples,10.56,24000,1,506924,faff5820e1b037e6...
real_samples_01397_1089_134691_000004_000002.wav,real/real_samples_01397_1089_134691_000004_000002.wav,real,0,samples,18.53,24000,1,889484,f43fb6c80faf7862...
real_samples_01398_1089_134691_000005_000003.wav,real/real_samples_01398_1089_134691_000005_000003.wav,real,0,samples,12.15,24000,1,583244,3cdf931af7d4b51e...
real_samples_01399_1089_134691_000005_000005.wav,real/real_samples_01399_1089_134691_000005_000005.wav,real,0,samples,16.41,24000,1,787724,e1403a50dfaa5a5f...
real_samples_01400_1089_134691_000005_000006.wav,real/real_samples_01400_1089_134691_000005_000006.wav,real,0,samples,13.18,24000,1,632684,29b579fb3edbbff8...
real_samples_01401_1089_134691_000006_000000.wav,real/real_samples_01401_1089_134691_000006_000000.wav,real,0,samples,5.02,24000,1,241004,12dc5e21c9e14493...
real_samples_01402_1089_134691_000007_000000.wav,real/real_samples_01402_1089_134691_000007_000000.wav,real,0,samples,5.4,24000,1,259244,ee60d4f8a064f524...
real_samples_01403_1089_134691_000007_000001.wav,real/real_samples_01403_1089_134691_000007_000001.wav,real,0,samples,12.37,24000,1,593804,64d623685958ab9f...
real_samples_01404_1089_134691_000008_000000.wav,real/real_samples_01404_1089_134691_000008_000000.wav,real,0,samples,9.05,24000,1,434444,521d99ca205d9238...
real_samples_01405_1089_134691_000008_000001.wav,real/real_samples_01405_1089_134691_000008_000001.wav,real,0,samples,10.68,24000,1,512684,35b2ab0fd456f182...
real_samples_01406_1089_134691_000008_000003.wav,real/real_samples_01406_1089_134691_000008_000003.wav,real,0,samples,17.54,24000,1,841964,90453f029c0e44ca...
real_samples_01407_1089_134691_000010_000000.wav,real/real_samples_01407_1089_134691_000010_000000.wav,real,0,samples,19.18,24000,1,920684,444f4b116e882858...
real_samples_01408_1089_134691_000010_000001.wav,real/real_samples_01408_1089_134691_000010_000001.wav,real,0,samples,14.25,24000,1,684044,2ae02baca97d006b...
real_samples_01409_1089_134691_000010_000002.wav,real/real_samples_01409_1089_134691_000010_000002.wav,real,0,samples,15.39,24000,1,738764,429db115739e4f5e...
real_samples_01410_1089_134691_000011_000000.wav,real/real_samples_01410_1089_134691_000011_000000.wav,real,0,samples,3.95,24000,1,189644,2c88502f2e13c7b5...
real_samples_01411_1089_134691_000013_000003.wav,real/real_samples_01411_1089_134691_000013_000003.wav,real,0,samples,11.67,24000,1,560204,35e00ca2fbf570a2...
real_samples_01412_1089_134691_000013_000004.wav,real/real_samples_01412_1089_134691_000013_000004.wav,real,0,samples,5.42,24000,1,260204,e6da24a724b5ee82...
real_samples_01413_1089_134691_000014_000000.wav,real/real_samples_01413_1089_134691_000014_000000.wav,real,0,samples,3.46,24000,1,166124,88583f770e64d496...
real_samples_01414_1089_134691_000014_000001.wav,real/real_samples_01414_1089_134691_000014_000001.wav,real,0,samples,10.41,24000,1,499724,22c5464314a53ad8...
real_samples_01415_1089_134691_000014_000002.wav,real/real_samples_01415_1089_134691_000014_000002.wav,real,0,samples,17.02,24000,1,817004,4e2e7d6116aa4f7f...
real_samples_01416_1089_134691_000015_000000.wav,real/real_samples_01416_1089_134691_000015_000000.wav,real,0,samples,5.36,24000,1,257324,70250fa8bdc5e22c...
real_samples_01417_1089_134691_000015_000001.wav,real/real_samples_01417_1089_134691_000015_000001.wav,real,0,samples,11.09,24000,1,532364,9924b5e8c4bdd638...
real_samples_01418_1089_134691_000015_000002.wav,real/real_samples_01418_1089_134691_000015_000002.wav,real,0,samples,16.55,24000,1,794444,7cd4caf800575430...
real_samples_01419_1089_134691_000016_000000.wav,real/real_samples_01419_1089_134691_000016_000000.wav,real,0,samples,5.62,24000,1,269804,b438a4676d1fd31e...
real_samples_01420_1089_134691_000016_000001.wav,real/real_samples_01420_1089_134691_000016_000001.wav,real,0,samples,8.09,24000,1,388364,9dc4b7657e2df56b...
real_samples_01421_1089_134691_000016_000002.wav,real/real_samples_01421_1089_134691_000016_000002.wav,real,0,samples,10.81,24000,1,518924,ea4722e63f420e44...
real_samples_01422_1089_134691_000024_000000.wav,real/real_samples_01422_1089_134691_000024_000000.wav,real,0,samples,4.11,24000,1,197322,3e18933fa5f40a40...
real_samples_01423_1089_134691_000024_000001.wav,real/real_samples_01423_1089_134691_000024_000001.wav,real,0,samples,3.8,24000,1,182444,45dbfdf0826d5a3a...
real_samples_01424_1089_134691_000024_000002.wav,real/real_samples_01424_1089_134691_000024_000002.wav,real,0,samples,22.45,24000,1,1077644,72ac0b4b62f633cd...
real_samples_01425_1089_134691_000024_000003.wav,real/real_samples_01425_1089_134691_000024_000003.wav,real,0,samples,7.88,24000,1,378286,9b589be2b0bf0cf3...
real_samples_01426_1089_134691_000025_000000.wav,real/real_samples_01426_1089_134691_000025_000000.wav,real,0,samples,4.96,24000,1,238124,e6579a190f2d7196...
real_samples_01427_1089_134691_000025_000001.wav,real/real_samples_01427_1089_134691_000025_000001.wav,real,0,samples,20.1,24000,1,964842,29108b95046f0715...
real_samples_01428_1089_134691_000025_000002.wav,real/real_samples_01428_1089_134691_000025_000002.wav,real,0,samples,5.11,24000,1,245322,d41b58c73ed593bb...
real_samples_01429_1089_134691_000025_000003.wav,real/real_samples_01429_1089_134691_000025_000003.wav,real,0,samples,7.0,24000,1,336044,c09bcb417acc38cc...
real_samples_01430_1089_134691_000027_000000.wav,real/real_samples_01430_1089_134691_000027_000000.wav,real,0,samples,5.02,24000,1,241002,7683789c0aa0109a...
real_samples_01431_1089_134691_000027_000001.wav,real/real_samples_01431_1089_134691_000027_000001.wav,real,0,samples,4.73,24000,1,227086,b6b2abc4bdee63c7...
real_samples_01432_1089_134691_000027_000002.wav,real/real_samples_01432_1089_134691_000027_000002.wav,real,0,samples,8.01,24000,1,384524,431f4c22082d5b10...
real_samples_01433_1089_134691_000027_000003.wav,real/real_samples_01433_1089_134691_000027_000003.wav,real,0,samples,7.25,24000,1,348044,befbd7ae43fed1d0...
real_samples_01434_1089_134691_000027_000004.wav,real/real_samples_01434_1089_134691_000027_000004.wav,real,0,samples,11.4,24000,1,547242,3aa4a721c7e07ddb...
real_samples_01435_1089_134691_000027_000006.wav,real/real_samples_01435_1089_134691_000027_000006.wav,real,0,samples,26.73,24000,1,1283084,57485eb56cde462e...
real_samples_01436_1089_134691_000028_000001.wav,real/real_samples_01436_1089_134691_000028_000001.wav,real,0,samples,4.6,24000,1,220844,f6fd5d33db3ef5d7...
real_samples_01437_1089_134691_000028_000003.wav,real/real_samples_01437_1089_134691_000028_000003.wav,real,0,samples,9.02,24000,1,433004,d40882a01fc72064...
real_samples_01438_1089_134691_000035_000000.wav,real/real_samples_01438_1089_134691_000035_000000.wav,real,0,samples,8.8,24000,1,422444,6d5fd64ebeeedb4f...
real_samples_01439_1089_134691_000035_000001.wav,real/real_samples_01439_1089_134691_000035_000001.wav,real,0,samples,11.17,24000,1,536206,96459a1c27989651...
real_samples_01440_1089_134691_000035_000002.wav,real/real_samples_01440_1089_134691_000035_000002.wav,real,0,samples,6.92,24000,1,332204,5dd4c6f0320b3c72...
real_samples_01441_1089_134691_000037_000000.wav,real/real_samples_01441_1089_134691_000037_000000.wav,real,0,samples,15.73,24000,1,755084,639748603c8a066e...
real_samples_01442_1089_134691_000038_000000.wav,real/real_samples_01442_1089_134691_000038_000000.wav,real,0,samples,4.44,24000,1,213164,fe0a066621f0e0dd...
real_samples_01443_1089_134691_000038_000004.wav,real/real_samples_01443_1089_134691_000038_000004.wav,real,0,samples,13.82,24000,1,663404,4d5fa7e1772931dc...
real_samples_01444_1089_134691_000039_000000.wav,real/real_samples_01444_1089_134691_000039_000000.wav,real,0,samples,5.36,24000,1,257324,85c67f35c2ee8ac8...
real_samples_01445_1089_134691_000039_000001.wav,real/real_samples_01445_1089_134691_000039_000001.wav,real,0,samples,3.34,24000,1,160364,60241c30c32027bb...
real_samples_01446_1089_134691_000042_000001.wav,real/real_samples_01446_1089_134691_000042_000001.wav,real,0,samples,5.74,24000,1,275564,dc4dd7c3aaf39290...
real_samples_01447_1089_134691_000042_000002.wav,real/real_samples_01447_1089_134691_000042_000002.wav,real,0,samples,5.22,24000,1,250606,1e3b63b3aa717dbe...
real_samples_01448_1089_134691_000042_000003.wav,real/real_samples_01448_1089_134691_000042_000003.wav,real,0,samples,11.26,24000,1,540524,7c0f385d91c4b7a2...
real_samples_01449_1089_134691_000044_000001.wav,real/real_samples_01449_1089_134691_000044_000001.wav,real,0,samples,4.87,24000,1,233804,1a3de99145fdf219...
real_samples_01450_1089_134691_000045_000003.wav,real/real_samples_01450_1089_134691_000045_000003.wav,real,0,samples,10.33,24000,1,495888,52798163fb75a798...
real_samples_01451_1089_134691_000045_000004.wav,real/real_samples_01451_1089_134691_000045_000004.wav,real,0,samples,5.69,24000,1,273168,4d71499fae735904...
real_samples_01452_1089_134691_000045_000005.wav,real/real_samples_01452_1089_134691_000045_000005.wav,real,0,samples,7.29,24000,1,349960,056b52fb3937631b...
real_samples_01453_1089_134691_000045_000006.wav,real/real_samples_01453_1089_134691_000045_000006.wav,real,0,samples,7.79,24000,1,373966,ac099e671e248169...
real_samples_01454_1089_134691_000046_000000.wav,real/real_samples_01454_1089_134691_000046_000000.wav,real,0,samples,13.16,24000,1,631726,696ee6819473290e...
real_samples_01455_1089_134691_000047_000000.wav,real/real_samples_01455_1089_134691_000047_000000.wav,real,0,samples,6.21,24000,1,298122,df9020b13306f38c...
real_samples_01456_1089_134691_000048_000000.wav,real/real_samples_01456_1089_134691_000048_000000.wav,real,0,samples,3.5,24000,1,168044,a393e505be43a74e...
real_samples_01457_1089_134691_000049_000001.wav,real/real_samples_01457_1089_134691_000049_000001.wav,real,0,samples,4.12,24000,1,197804,9904796a605bd317...
real_samples_01458_1089_134691_000049_000002.wav,real/real_samples_01458_1089_134691_000049_000002.wav,real,0,samples,6.57,24000,1,315408,66810b75a3b78195...
real_samples_01459_1089_134691_000049_000003.wav,real/real_samples_01459_1089_134691_000049_000003.wav,real,0,samples,14.84,24000,1,712368,afd1837ba08f6857...
real_samples_01460_1089_134691_000052_000000.wav,real/real_samples_01460_1089_134691_000052_000000.wav,real,0,samples,11.32,24000,1,543408,251371415462384f...
real_samples_01461_1089_134691_000053_000001.wav,real/real_samples_01461_1089_134691_000053_000001.wav,real,0,samples,10.24,24000,1,491564,2bc9724fd3d10947...
real_samples_01462_1089_134691_000053_000002.wav,real/real_samples_01462_1089_134691_000053_000002.wav,real,0,samples,9.42,24000,1,452200,8effcbf2311f6475...
real_samples_01463_1089_134691_000054_000000.wav,real/real_samples_01463_1089_134691_000054_000000.wav,real,0,samples,5.81,24000,1,278928,4574226abbd0bac3...
real_samples_01464_1089_134691_000055_000000.wav,real/real_samples_01464_1089_134691_000055_000000.wav,real,0,samples,3.45,24000,1,165642,b41952cee6b4ee57...
real_samples_01465_1188_133604_000006_000000.wav,real/real_samples_01465_1188_133604_000006_000000.wav,real,0,samples,24.29,24000,1,1165964,3404db539d70d634...
real_samples_01466_1188_133604_000011_000002.wav,real/real_samples_01466_1188_133604_000011_000002.wav,real,0,samples,17.13,24000,1,822284,00cd96143369027c...
real_samples_01467_1188_133604_000011_000003.wav,real/real_samples_01467_1188_133604_000011_000003.wav,real,0,samples,26.01,24000,1,1248524,ce356c6100f7b737...
real_samples_01468_1188_133604_000012_000002.wav,real/real_samples_01468_1188_133604_000012_000002.wav,real,0,samples,11.75,24000,1,564044,3e93482ea75bf3f3...
real_samples_01469_1188_133604_000012_000003.wav,real/real_samples_01469_1188_133604_000012_000003.wav,real,0,samples,9.76,24000,1,468524,1e26b1f3ac4e9333...
real_samples_01470_1188_133604_000012_000004.wav,real/real_samples_01470_1188_133604_000012_000004.wav,real,0,samples,22.58,24000,1,1083884,433719a925904a36...
real_samples_01471_1188_133604_000018_000001.wav,real/real_samples_01471_1188_133604_000018_000001.wav,real,0,samples,13.15,24000,1,631246,4b9205b2da2d9a50...
real_samples_01472_1188_133604_000018_000002.wav,real/real_samples_01472_1188_133604_000018_000002.wav,real,0,samples,20.85,24000,1,1000842,9d81c7660eed11ba...
real_samples_01473_1188_133604_000021_000003.wav,real/real_samples_01473_1188_133604_000021_000003.wav,real,0,samples,21.02,24000,1,1009002,99b9757b3a5710c2...
real_samples_01474_1188_133604_000023_000000.wav,real/real_samples_01474_1188_133604_000023_000000.wav,real,0,samples,10.79,24000,1,517962,95dca425525f0890...
real_samples_01475_1188_133604_000024_000000.wav,real/real_samples_01475_1188_133604_000024_000000.wav,real,0,samples,5.25,24000,1,252044,89e9ed74103662af...
real_samples_01476_1188_133604_000024_000001.wav,real/real_samples_01476_1188_133604_000024_000001.wav,real,0,samples,13.22,24000,1,634606,a031b55c9bf9fff8...
real_samples_01477_1188_133604_000026_000001.wav,real/real_samples_01477_1188_133604_000026_000001.wav,real,0,samples,3.03,24000,1,145486,b37dee0835293809...
real_samples_01478_1188_133604_000028_000003.wav,real/real_samples_01478_1188_133604_000028_000003.wav,real,0,samples,5.46,24000,1,262124,b8534b23273a5a2c...
real_samples_01479_1188_133604_000028_000004.wav,real/real_samples_01479_1188_133604_000028_000004.wav,real,0,samples,19.02,24000,1,913004,c14872015c108954...
real_samples_01480_1188_133604_000030_000001.wav,real/real_samples_01480_1188_133604_000030_000001.wav,real,0,samples,19.99,24000,1,959564,c20bbc82a41a1300...
real_samples_01481_1188_133604_000031_000001.wav,real/real_samples_01481_1188_133604_000031_000001.wav,real,0,samples,11.27,24000,1,541006,fdb95ac941b1e807...
real_samples_01482_1188_133604_000033_000000.wav,real/real_samples_01482_1188_133604_000033_000000.wav,real,0,samples,3.41,24000,1,163726,f615b162e4b9e795...
real_samples_01483_1188_133604_000033_000001.wav,real/real_samples_01483_1188_133604_000033_000001.wav,real,0,samples,20.95,24000,1,1005642,dd93318d651b169d...
real_samples_01484_1188_133604_000036_000004.wav,real/real_samples_01484_1188_133604_000036_000004.wav,real,0,samples,7.13,24000,1,342284,7cc9be7310936784...
real_samples_01485_1188_133604_000038_000003.wav,real/real_samples_01485_1188_133604_000038_000003.wav,real,0,samples,15.44,24000,1,741162,d9082cb012c8d847...
real_samples_01486_1188_133604_000039_000001.wav,real/real_samples_01486_1188_133604_000039_000001.wav,real,0,samples,10.91,24000,1,523726,9e50432016333933...
real_samples_01487_1188_133604_000039_000002.wav,real/real_samples_01487_1188_133604_000039_000002.wav,real,0,samples,9.35,24000,1,448844,ae0bd0c15fa6d18f...
real_samples_01488_1188_133604_000039_000004.wav,real/real_samples_01488_1188_133604_000039_000004.wav,real,0,samples,11.48,24000,1,551082,85168add1e5caab3...
real_samples_01489_1188_133604_000040_000002.wav,real/real_samples_01489_1188_133604_000040_000002.wav,real,0,samples,8.87,24000,1,425804,80cac15183e51161...
real_samples_01490_1188_133604_000040_000003.wav,real/real_samples_01490_1188_133604_000040_000003.wav,real,0,samples,8.72,24000,1,418602,65f75b2bcdfcf049...
real_samples_01491_1188_133604_000042_000001.wav,real/real_samples_01491_1188_133604_000042_000001.wav,real,0,samples,3.32,24000,1,159408,639e57274ad4f47a...
real_samples_01492_1188_133604_000042_000003.wav,real/real_samples_01492_1188_133604_000042_000003.wav,real,0,samples,11.73,24000,1,563084,c2c3795bfa04061f...
real_samples_01493_1188_133604_000045_000000.wav,real/real_samples_01493_1188_133604_000045_000000.wav,real,0,samples,14.36,24000,1,689324,8bbc2a67b0cc505a...
real_samples_01494_1188_133604_000045_000001.wav,real/real_samples_01494_1188_133604_000045_000001.wav,real,0,samples,7.11,24000,1,341322,dc7c5a062a6e22df...
real_samples_01495_1188_133604_000046_000003.wav,real/real_samples_01495_1188_133604_000046_000003.wav,real,0,samples,18.13,24000,1,870286,c13cec4cab9d924e...
real_samples_01496_1188_133604_000048_000000.wav,real/real_samples_01496_1188_133604_000048_000000.wav,real,0,samples,11.37,24000,1,545804,9332a5b1e6e91ead...
real_samples_01497_1188_133604_000048_000001.wav,real/real_samples_01497_1188_133604_000048_000001.wav,real,0,samples,5.77,24000,1,277004,0d83bde158f93b80...
real_samples_01498_1188_133604_000050_000003.wav,real/real_samples_01498_1188_133604_000050_000003.wav,real,0,samples,17.8,24000,1,854446,89ffa8c3fbea1b33...
real_samples_01499_1188_133604_000055_000001.wav,real/real_samples_01499_1188_133604_000055_000001.wav,real,0,samples,4.14,24000,1,198758,ec1faaef10c03f5f...
real_samples_01500_1188_133604_000057_000001.wav,real/real_samples_01500_1188_133604_000057_000001.wav,real,0,samples,10.4,24000,1,499240,4e4ffac697cc9ab8...
real_samples_01501_1188_133604_000060_000003.wav,real/real_samples_01501_1188_133604_000060_000003.wav,real,0,samples,14.28,24000,1,685486,dcf5d6d0a9a48e42...
real_samples_01502_1188_133604_000061_000002.wav,real/real_samples_01502_1188_133604_000061_000002.wav,real,0,samples,6.87,24000,1,329808,3d9dc49ffb9ddd08...
real_samples_01503_1188_133604_000061_000006.wav,real/real_samples_01503_1188_133604_000061_000006.wav,real,0,samples,5.95,24000,1,285640,70d5be6c29b26f1b...
real_samples_01504_1188_133604_000062_000001.wav,real/real_samples_01504_1188_133604_000062_000001.wav,real,0,samples,17.42,24000,1,836200,72d3855c3e02813a...
real_samples_01505_1188_133604_000067_000002.wav,real/real_samples_01505_1188_133604_000067_000002.wav,real,0,samples,16.16,24000,1,775720,95f906d119e5440c...
real_samples_01506_121_121726_000004_000003.wav,real/real_samples_01506_121_121726_000004_000003.wav,real,0,samples,7.84,24000,1,376364,3902028068814358...
real_samples_01507_121_121726_000025_000001.wav,real/real_samples_01507_121_121726_000025_000001.wav,real,0,samples,6.11,24000,1,293324,5a28f3b9b5b3416c...
real_samples_01508_121_121726_000029_000003.wav,real/real_samples_01508_121_121726_000029_000003.wav,real,0,samples,3.24,24000,1,155564,406e3cbea7ba01af...
real_samples_01509_121_121726_000034_000001.wav,real/real_samples_01509_121_121726_000034_000001.wav,real,0,samples,6.67,24000,1,320204,953c6ca05a8d1a77...
real_samples_01510_121_123859_000017_000001.wav,real/real_samples_01510_121_123859_000017_000001.wav,real,0,samples,23.95,24000,1,1149646,b11686bf5a715ea5...
real_samples_01511_121_127105_000007_000002.wav,real/real_samples_01511_121_127105_000007_000002.wav,real,0,samples,14.4,24000,1,691244,3c0470acba00371f...
real_samples_01512_121_127105_000007_000003.wav,real/real_samples_01512_121_127105_000007_000003.wav,real,0,samples,5.38,24000,1,258284,c4710b26f82b09b8...
real_samples_01513_121_127105_000007_000004.wav,real/real_samples_01513_121_127105_000007_000004.wav,real,0,samples,7.67,24000,1,368204,9bc9bbeb027a600f...
real_samples_01514_121_127105_000008_000000.wav,real/real_samples_01514_121_127105_000008_000000.wav,real,0,samples,9.73,24000,1,467084,d81ccd2532ce68da...
real_samples_01515_121_127105_000008_000001.wav,real/real_samples_01515_121_127105_000008_000001.wav,real,0,samples,5.0,24000,1,240044,295dd8cb631b15f5...
real_samples_01516_121_127105_000008_000002.wav,real/real_samples_01516_121_127105_000008_000002.wav,real,0,samples,6.78,24000,1,325484,4b5076e372f40747...
real_samples_01517_121_127105_000009_000000.wav,real/real_samples_01517_121_127105_000009_000000.wav,real,0,samples,4.85,24000,1,232844,1f36fd531647b22b...
real_samples_01518_121_127105_000010_000000.wav,real/real_samples_01518_121_127105_000010_000000.wav,real,0,samples,9.52,24000,1,457004,9c2d733468003c3f...
real_samples_01519_121_127105_000010_000002.wav,real/real_samples_01519_121_127105_000010_000002.wav,real,0,samples,14.84,24000,1,712364,5e2bceaced204686...
real_samples_01520_121_127105_000012_000000.wav,real/real_samples_01520_121_127105_000012_000000.wav,real,0,samples,5.97,24000,1,286604,6fa33ac6574e91f6...
real_samples_01521_121_127105_000012_000001.wav,real/real_samples_01521_121_127105_000012_000001.wav,real,0,samples,4.09,24000,1,196364,2db1ab349aff1887...
real_samples_01522_121_127105_000013_000000.wav,real/real_samples_01522_121_127105_000013_000000.wav,real,0,samples,3.01,24000,1,144524,5e877b7b18de8f9f...
real_samples_01523_121_127105_000014_000000.wav,real/real_samples_01523_121_127105_000014_000000.wav,real,0,samples,6.01,24000,1,288524,c5967ba0c0fc1b46...
real_samples_01524_121_127105_000014_000001.wav,real/real_samples_01524_121_127105_000014_000001.wav,real,0,samples,4.05,24000,1,194444,da4771cc5f856cd0...
real_samples_01525_121_127105_000015_000000.wav,real/real_samples_01525_121_127105_000015_000000.wav,real,0,samples,3.02,24000,1,145004,515a9879565b7d70...
real_samples_01526_121_127105_000016_000000.wav,real/real_samples_01526_121_127105_000016_000000.wav,real,0,samples,6.05,24000,1,290444,e7ad889dec08bc31...
real_samples_01527_121_127105_000016_000002.wav,real/real_samples_01527_121_127105_000016_000002.wav,real,0,samples,9.0,24000,1,432044,8bdab1e44cfb79e4...
real_samples_01528_121_127105_000016_000004.wav,real/real_samples_01528_121_127105_000016_000004.wav,real,0,samples,3.58,24000,1,171884,27bd93e8429b5a64...
real_samples_01529_121_127105_000016_000005.wav,real/real_samples_01529_121_127105_000016_000005.wav,real,0,samples,13.53,24000,1,649484,b7ea6183131e432d...
real_samples_01530_121_127105_000016_000006.wav,real/real_samples_01530_121_127105_000016_000006.wav,real,0,samples,8.43,24000,1,404684,567add0d63c55424...
real_samples_01531_121_127105_000016_000008.wav,real/real_samples_01531_121_127105_000016_000008.wav,real,0,samples,9.65,24000,1,463244,6c20760143fd7e79...
real_samples_01532_121_127105_000018_000001.wav,real/real_samples_01532_121_127105_000018_000001.wav,real,0,samples,5.9,24000,1,283244,a0ecdb8f22498cbe...
real_samples_01533_121_127105_000020_000004.wav,real/real_samples_01533_121_127105_000020_000004.wav,real,0,samples,5.13,24000,1,246284,09c7f452030972cc...
real_samples_01534_121_127105_000020_000005.wav,real/real_samples_01534_121_127105_000020_000005.wav,real,0,samples,13.0,24000,1,624044,55c2e2ffe6c62f39...
real_samples_01535_121_127105_000020_000006.wav,real/real_samples_01535_121_127105_000020_000006.wav,real,0,samples,3.18,24000,1,152684,815cb9c2875f28bf...
real_samples_01536_121_127105_000020_000009.wav,real/real_samples_01536_121_127105_000020_000009.wav,real,0,samples,5.99,24000,1,287564,5f440825e3455c34...
real_samples_01537_121_127105_000022_000001.wav,real/real_samples_01537_121_127105_000022_000001.wav,real,0,samples,3.89,24000,1,186764,7c45aba37682151c...
real_samples_01538_121_127105_000025_000000.wav,real/real_samples_01538_121_127105_000025_000000.wav,real,0,samples,3.49,24000,1,167564,21f6ee81d0400111...
real_samples_01539_121_127105_000030_000001.wav,real/real_samples_01539_121_127105_000030_000001.wav,real,0,samples,3.07,24000,1,147404,b95ffec92a15c825...
real_samples_01540_121_127105_000033_000000.wav,real/real_samples_01540_121_127105_000033_000000.wav,real,0,samples,5.08,24000,1,243884,4b8a19805e0ad4cc...
real_samples_01541_121_127105_000035_000000.wav,real/real_samples_01541_121_127105_000035_000000.wav,real,0,samples,3.15,24000,1,151244,3057ef513049d435...
real_samples_01542_121_127105_000036_000003.wav,real/real_samples_01542_121_127105_000036_000003.wav,real,0,samples,5.7,24000,1,273644,6596b606f22894dd...
real_samples_01543_121_127105_000036_000004.wav,real/real_samples_01543_121_127105_000036_000004.wav,real,0,samples,4.7,24000,1,225644,6fc8530372dd1f75...
real_samples_01544_121_127105_000037_000000.wav,real/real_samples_01544_121_127105_000037_000000.wav,real,0,samples,3.07,24000,1,147404,31f80333709a9bb4...
real_samples_01545_121_127105_000041_000000.wav,real/real_samples_01545_121_127105_000041_000000.wav,real,0,samples,9.43,24000,1,452684,46c9d71df315fd80...
real_samples_01546_121_127105_000044_000007.wav,real/real_samples_01546_121_127105_000044_000007.wav,real,0,samples,15.79,24000,1,757962,173b5db468b970d8...
real_samples_01547_1284_1180_000005_000001.wav,real/real_samples_01547_1284_1180_000005_000001.wav,real,0,samples,9.43,24000,1,452684,7ec0a0f28e285c27...
real_samples_01548_1284_1180_000006_000002.wav,real/real_samples_01548_1284_1180_000006_000002.wav,real,0,samples,4.42,24000,1,212204,7c77c66943cdb18a...
real_samples_01549_1284_1180_000007_000000.wav,real/real_samples_01549_1284_1180_000007_000000.wav,real,0,samples,6.19,24000,1,297164,ea33625620c6c2e3...
real_samples_01550_1284_1180_000007_000001.wav,real/real_samples_01550_1284_1180_000007_000001.wav,real,0,samples,4.04,24000,1,193964,3fbb3c0f3b3e8481...
real_samples_01551_1284_1180_000008_000001.wav,real/real_samples_01551_1284_1180_000008_000001.wav,real,0,samples,5.62,24000,1,269804,b85d0c9d0e628559...
real_samples_01552_1284_1180_000011_000000.wav,real/real_samples_01552_1284_1180_000011_000000.wav,real,0,samples,5.11,24000,1,245324,e9344d9950abc143...
real_samples_01553_1284_1180_000018_000001.wav,real/real_samples_01553_1284_1180_000018_000001.wav,real,0,samples,3.22,24000,1,154604,6b0dd3affcb99603...
real_samples_01554_1284_1180_000020_000000.wav,real/real_samples_01554_1284_1180_000020_000000.wav,real,0,samples,6.1,24000,1,292844,0882088281d2ae25...
real_samples_01555_1284_1180_000023_000000.wav,real/real_samples_01555_1284_1180_000023_000000.wav,real,0,samples,6.5,24000,1,312044,0ceb901bedb92be6...
real_samples_01556_1284_1180_000024_000001.wav,real/real_samples_01556_1284_1180_000024_000001.wav,real,0,samples,9.31,24000,1,446924,9f950165ae8b9fdd...
real_samples_01557_1284_1180_000025_000000.wav,real/real_samples_01557_1284_1180_000025_000000.wav,real,0,samples,3.16,24000,1,151724,01ba1bea50b8abaf...
real_samples_01558_1284_1180_000027_000000.wav,real/real_samples_01558_1284_1180_000027_000000.wav,real,0,samples,5.33,24000,1,255884,e06a20642d38c7ae...
real_samples_01559_1284_1180_000029_000001.wav,real/real_samples_01559_1284_1180_000029_000001.wav,real,0,samples,9.14,24000,1,438764,217a5145b33f3025...
real_samples_01560_1284_1180_000035_000000.wav,real/real_samples_01560_1284_1180_000035_000000.wav,real,0,samples,3.13,24000,1,150284,1df6232d4481ea29...
real_samples_01561_1284_1180_000037_000000.wav,real/real_samples_01561_1284_1180_000037_000000.wav,real,0,samples,3.3,24000,1,158444,a7ba12d2462b4816...
real_samples_01562_1284_1180_000039_000000.wav,real/real_samples_01562_1284_1180_000039_000000.wav,real,0,samples,4.61,24000,1,221324,58cdaaeb6d3b8843...
real_samples_01563_1284_1180_000040_000000.wav,real/real_samples_01563_1284_1180_000040_000000.wav,real,0,samples,6.66,24000,1,319722,62fe80e5d09924db...
real_samples_01564_1284_1180_000042_000001.wav,real/real_samples_01564_1284_1180_000042_000001.wav,real,0,samples,4.98,24000,1,239086,135f4af18c3a17cf...
real_samples_01565_1284_1180_000043_000000.wav,real/real_samples_01565_1284_1180_000043_000000.wav,real,0,samples,5.75,24000,1,276044,09aab0cc677c3a64...
real_samples_01566_1284_1180_000044_000001.wav,real/real_samples_01566_1284_1180_000044_000001.wav,real,0,samples,3.06,24000,1,146924,043eaaebe169a2ca...
real_samples_01567_1284_1180_000045_000002.wav,real/real_samples_01567_1284_1180_000045_000002.wav,real,0,samples,5.64,24000,1,270764,041f0478b78f02be...
real_samples_01568_1284_1180_000046_000000.wav,real/real_samples_01568_1284_1180_000046_000000.wav,real,0,samples,8.2,24000,1,393644,57768bc438526456...
real_samples_01569_1284_1180_000049_000000.wav,real/real_samples_01569_1284_1180_000049_000000.wav,real,0,samples,3.87,24000,1,185804,02719456c6feac5f...
real_samples_01570_1284_1180_000050_000002.wav,real/real_samples_01570_1284_1180_000050_000002.wav,real,0,samples,3.33,24000,1,159884,731cb61e92159a62...
real_samples_01571_1284_1180_000053_000001.wav,real/real_samples_01571_1284_1180_000053_000001.wav,real,0,samples,5.57,24000,1,267404,d8410696e5418353...
real_samples_01572_1284_1181_000003_000001.wav,real/real_samples_01572_1284_1181_000003_000001.wav,real,0,samples,8.17,24000,1,392204,00f7afaea4b0304a...
real_samples_01573_1284_1181_000003_000002.wav,real/real_samples_01573_1284_1181_000003_000002.wav,real,0,samples,10.77,24000,1,517004,38ac54a09d40a22d...
real_samples_01574_1284_1181_000003_000004.wav,real/real_samples_01574_1284_1181_000003_000004.wav,real,0,samples,9.4,24000,1,451244,324e8f7e745bd89d...
real_samples_01575_1284_1181_000004_000000.wav,real/real_samples_01575_1284_1181_000004_000000.wav,real,0,samples,3.81,24000,1,182924,bff440e1d10a7eb3...
real_samples_01576_1284_1181_000005_000000.wav,real/real_samples_01576_1284_1181_000005_000000.wav,real,0,samples,3.35,24000,1,160844,59c04fef84eb8661...
real_samples_01577_1284_1181_000008_000002.wav,real/real_samples_01577_1284_1181_000008_000002.wav,real,0,samples,3.29,24000,1,157964,8a964e6c6103e136...
real_samples_01578_1284_1181_000012_000000.wav,real/real_samples_01578_1284_1181_000012_000000.wav,real,0,samples,3.35,24000,1,160844,d5d3e2332971c616...
real_samples_01579_1284_1181_000013_000000.wav,real/real_samples_01579_1284_1181_000013_000000.wav,real,0,samples,8.74,24000,1,419564,96d501db995a106e...
real_samples_01580_1284_1181_000014_000000.wav,real/real_samples_01580_1284_1181_000014_000000.wav,real,0,samples,10.97,24000,1,526604,fd60856c6f4a03ed...
real_samples_01581_1284_1181_000014_000002.wav,real/real_samples_01581_1284_1181_000014_000002.wav,real,0,samples,3.37,24000,1,161804,2af7562490db86e1...
real_samples_01582_1284_1181_000021_000003.wav,real/real_samples_01582_1284_1181_000021_000003.wav,real,0,samples,3.46,24000,1,166124,060330e1f42e1966...
real_samples_01583_1284_1181_000023_000002.wav,real/real_samples_01583_1284_1181_000023_000002.wav,real,0,samples,7.83,24000,1,375884,c1ee9ea836463c3a...
real_samples_01584_1284_1181_000027_000000.wav,real/real_samples_01584_1284_1181_000027_000000.wav,real,0,samples,5.36,24000,1,257324,cf669b8049da4999...
real_samples_01585_1284_1181_000028_000001.wav,real/real_samples_01585_1284_1181_000028_000001.wav,real,0,samples,5.54,24000,1,265964,20c88930880ed7df...
real_samples_01586_1284_1181_000031_000000.wav,real/real_samples_01586_1284_1181_000031_000000.wav,real,0,samples,6.56,24000,1,314924,e6577aef16acd04c...
real_samples_01587_1284_1181_000031_000001.wav,real/real_samples_01587_1284_1181_000031_000001.wav,real,0,samples,4.51,24000,1,216524,95ea5a611d3b93fd...
real_samples_01588_1284_1181_000033_000000.wav,real/real_samples_01588_1284_1181_000033_000000.wav,real,0,samples,3.46,24000,1,166122,9bff03329620eaf9...
real_samples_01589_1284_1181_000034_000000.wav,real/real_samples_01589_1284_1181_000034_000000.wav,real,0,samples,3.76,24000,1,180524,a40e6e2d51cf603b...
real_samples_01590_1284_1181_000036_000000.wav,real/real_samples_01590_1284_1181_000036_000000.wav,real,0,samples,8.69,24000,1,417164,b55883ee879fb149...
real_samples_01591_1284_1181_000037_000000.wav,real/real_samples_01591_1284_1181_000037_000000.wav,real,0,samples,3.54,24000,1,169966,3f992cf24e7ae9c4...
real_samples_01592_1284_1181_000039_000000.wav,real/real_samples_01592_1284_1181_000039_000000.wav,real,0,samples,3.32,24000,1,159404,92631845d67bab6c...
real_samples_01593_1284_1181_000042_000001.wav,real/real_samples_01593_1284_1181_000042_000001.wav,real,0,samples,4.37,24000,1,209804,bca50d853d50d556...
real_samples_01594_1284_1181_000047_000000.wav,real/real_samples_01594_1284_1181_000047_000000.wav,real,0,samples,4.1,24000,1,196842,8165075be1ba13e0...
real_samples_01595_1320_122612_000005_000001.wav,real/real_samples_01595_1320_122612_000005_000001.wav,real,0,samples,8.79,24000,1,421964,e773d9e9fb2935db...
real_samples_01596_1320_122612_000006_000000.wav,real/real_samples_01596_1320_122612_000006_000000.wav,real,0,samples,6.68,24000,1,320684,55d2cd47c75b8f94...
real_samples_01597_1320_122612_000006_000001.wav,real/real_samples_01597_1320_122612_000006_000001.wav,real,0,samples,15.51,24000,1,744524,98bd27e854e5d5d2...
real_samples_01598_1320_122612_000006_000002.wav,real/real_samples_01598_1320_122612_000006_000002.wav,real,0,samples,8.18,24000,1,392684,c755313cbaf56dcb...
real_samples_01599_1320_122612_000006_000004.wav,real/real_samples_01599_1320_122612_000006_000004.wav,real,0,samples,5.33,24000,1,255884,2737bf4cb4c8bbbc...
real_samples_01600_1320_122612_000007_000001.wav,real/real_samples_01600_1320_122612_000007_000001.wav,real,0,samples,4.76,24000,1,228524,ba6d9b6be612d258...
real_samples_01601_1320_122612_000009_000000.wav,real/real_samples_01601_1320_122612_000009_000000.wav,real,0,samples,7.22,24000,1,346604,ac5b6cd5aa2649ec...
real_samples_01602_1320_122612_000009_000001.wav,real/real_samples_01602_1320_122612_000009_000001.wav,real,0,samples,4.85,24000,1,232844,b5cd931cad68f5f1...
real_samples_01603_1320_122612_000009_000004.wav,real/real_samples_01603_1320_122612_000009_000004.wav,real,0,samples,7.15,24000,1,343244,656d96d6e50fbb45...
real_samples_01604_1320_122612_000010_000000.wav,real/real_samples_01604_1320_122612_000010_000000.wav,real,0,samples,6.82,24000,1,327404,741b8a3f57eb616e...
real_samples_01605_1320_122612_000013_000000.wav,real/real_samples_01605_1320_122612_000013_000000.wav,real,0,samples,9.24,24000,1,443564,11400c62e3d199b1...
real_samples_01606_1320_122612_000014_000000.wav,real/real_samples_01606_1320_122612_000014_000000.wav,real,0,samples,11.44,24000,1,549164,bc724b5bbc666e3a...
real_samples_01607_1320_122612_000015_000000.wav,real/real_samples_01607_1320_122612_000015_000000.wav,real,0,samples,11.32,24000,1,543404,4f3cf476bce130f8...
real_samples_01608_1320_122612_000016_000004.wav,real/real_samples_01608_1320_122612_000016_000004.wav,real,0,samples,8.71,24000,1,418124,23945fb3c92135b1...
real_samples_01609_1320_122612_000017_000000.wav,real/real_samples_01609_1320_122612_000017_000000.wav,real,0,samples,8.38,24000,1,402284,f20020b325985ef8...
real_samples_01610_1320_122612_000019_000003.wav,real/real_samples_01610_1320_122612_000019_000003.wav,real,0,samples,8.9,24000,1,427246,a6f4dac4187bb767...
real_samples_01611_1320_122612_000019_000005.wav,real/real_samples_01611_1320_122612_000019_000005.wav,real,0,samples,6.69,24000,1,321164,b5d4a6b0f469ea6c...
real_samples_01612_1320_122612_000020_000000.wav,real/real_samples_01612_1320_122612_000020_000000.wav,real,0,samples,4.42,24000,1,212202,d2deb3827d6f32e8...
real_samples_01613_1320_122612_000020_000001.wav,real/real_samples_01613_1320_122612_000020_000001.wav,real,0,samples,6.07,24000,1,291404,75e67824be48fba8...
real_samples_01614_1320_122612_000020_000003.wav,real/real_samples_01614_1320_122612_000020_000003.wav,real,0,samples,7.45,24000,1,357646,5bbad7bd5fcfb6a8...
real_samples_01615_1320_122612_000021_000000.wav,real/real_samples_01615_1320_122612_000021_000000.wav,real,0,samples,6.12,24000,1,293804,33b011a057c1fa75...
real_samples_01616_1320_122612_000023_000002.wav,real/real_samples_01616_1320_122612_000023_000002.wav,real,0,samples,13.0,24000,1,624044,8f7189dcb986f67b...
real_samples_01617_1320_122612_000023_000003.wav,real/real_samples_01617_1320_122612_000023_000003.wav,real,0,samples,22.6,24000,1,1084844,a1f9130c22f81e32...
real_samples_01618_1320_122612_000024_000001.wav,real/real_samples_01618_1320_122612_000024_000001.wav,real,0,samples,10.21,24000,1,490126,be45f4c71368dd74...
real_samples_01619_1320_122612_000024_000002.wav,real/real_samples_01619_1320_122612_000024_000002.wav,real,0,samples,3.27,24000,1,157004,86b990494914c624...
real_samples_01620_1320_122612_000024_000003.wav,real/real_samples_01620_1320_122612_000024_000003.wav,real,0,samples,4.36,24000,1,209324,e943e0e0bf45f8ae...
real_samples_01621_1320_122612_000028_000000.wav,real/real_samples_01621_1320_122612_000028_000000.wav,real,0,samples,13.33,24000,1,639882,c2c5d96cd936d1c2...
real_samples_01622_1320_122612_000029_000000.wav,real/real_samples_01622_1320_122612_000029_000000.wav,real,0,samples,6.6,24000,1,316842,abc76ef2c8b2560e...
real_samples_01623_1320_122612_000029_000001.wav,real/real_samples_01623_1320_122612_000029_000001.wav,real,0,samples,9.45,24000,1,453646,194acc2e3f48e948...
real_samples_01624_1320_122612_000030_000002.wav,real/real_samples_01624_1320_122612_000030_000002.wav,real,0,samples,9.15,24000,1,439244,273607b5339f6ae7...
real_samples_01625_1320_122612_000033_000000.wav,real/real_samples_01625_1320_122612_000033_000000.wav,real,0,samples,6.51,24000,1,312524,913606c48344e727...
real_samples_01626_1320_122612_000033_000001.wav,real/real_samples_01626_1320_122612_000033_000001.wav,real,0,samples,7.01,24000,1,336526,7b2cf9c0ecbf7b52...
real_samples_01627_1320_122612_000035_000003.wav,real/real_samples_01627_1320_122612_000035_000003.wav,real,0,samples,3.38,24000,1,162284,cce2ba196d984cd6...
real_samples_01628_1320_122612_000035_000005.wav,real/real_samples_01628_1320_122612_000035_000005.wav,real,0,samples,3.57,24000,1,171406,8176edc4b7dd3ace...
real_samples_01629_1320_122612_000035_000006.wav,real/real_samples_01629_1320_122612_000035_000006.wav,real,0,samples,4.87,24000,1,233804,5742ef46772fca5b...
real_samples_01630_1320_122612_000035_000007.wav,real/real_samples_01630_1320_122612_000035_000007.wav,real,0,samples,6.74,24000,1,323568,0359fcc7614ad469...
real_samples_01631_1320_122612_000037_000000.wav,real/real_samples_01631_1320_122612_000037_000000.wav,real,0,samples,9.0,24000,1,432044,c0df25fba0cb7fb8...
real_samples_01632_1320_122612_000037_000001.wav,real/real_samples_01632_1320_122612_000037_000001.wav,real,0,samples,6.57,24000,1,315406,fb58a8b2abc3f18b...
real_samples_01633_1320_122612_000037_000002.wav,real/real_samples_01633_1320_122612_000037_000002.wav,real,0,samples,5.12,24000,1,245804,0b01d7bec03c906e...
real_samples_01634_1320_122612_000038_000000.wav,real/real_samples_01634_1320_122612_000038_000000.wav,real,0,samples,22.85,24000,1,1096842,2fde5355281703a6...
real_samples_01635_1320_122612_000039_000003.wav,real/real_samples_01635_1320_122612_000039_000003.wav,real,0,samples,14.67,24000,1,704206,62ebbb28ee233695...
real_samples_01636_1320_122612_000039_000004.wav,real/real_samples_01636_1320_122612_000039_000004.wav,real,0,samples,3.64,24000,1,174766,3807f1ea5bccb990...
real_samples_01637_1320_122612_000040_000000.wav,real/real_samples_01637_1320_122612_000040_000000.wav,real,0,samples,17.87,24000,1,857804,26a7bd6fb3ffc282...
real_samples_01638_1320_122612_000040_000001.wav,real/real_samples_01638_1320_122612_000040_000001.wav,real,0,samples,3.8,24000,1,182448,8c4905909c86014b...
real_samples_01639_1320_122612_000040_000002.wav,real/real_samples_01639_1320_122612_000040_000002.wav,real,0,samples,7.44,24000,1,357166,6cb4d62005f1d4e3...
real_samples_01640_1320_122612_000043_000001.wav,real/real_samples_01640_1320_122612_000043_000001.wav,real,0,samples,10.7,24000,1,513648,6d724268f29c0cff...
real_samples_01641_1320_122612_000044_000000.wav,real/real_samples_01641_1320_122612_000044_000000.wav,real,0,samples,4.83,24000,1,231882,fd0dfae999e34017...
real_samples_01642_1320_122612_000044_000002.wav,real/real_samples_01642_1320_122612_000044_000002.wav,real,0,samples,19.92,24000,1,956206,0405a6fd780a31cd...
real_samples_01643_1320_122612_000044_000003.wav,real/real_samples_01643_1320_122612_000044_000003.wav,real,0,samples,13.24,24000,1,635564,a43a6b9372282532...
real_samples_01644_1320_122612_000044_000005.wav,real/real_samples_01644_1320_122612_000044_000005.wav,real,0,samples,3.91,24000,1,187720,d0e319f297d21348...
real_samples_01645_1320_122612_000046_000000.wav,real/real_samples_01645_1320_122612_000046_000000.wav,real,0,samples,9.61,24000,1,461322,439e4d3600412add...
real_samples_01646_1320_122612_000047_000000.wav,real/real_samples_01646_1320_122612_000047_000000.wav,real,0,samples,6.66,24000,1,319726,730b08a44e6fef7a...
real_samples_01647_1320_122612_000047_000001.wav,real/real_samples_01647_1320_122612_000047_000001.wav,real,0,samples,7.76,24000,1,372524,81d24710705bdbd9...
real_samples_01648_1320_122612_000049_000000.wav,real/real_samples_01648_1320_122612_000049_000000.wav,real,0,samples,11.25,24000,1,540044,bebd0ff806b66f75...
real_samples_01649_1320_122612_000050_000000.wav,real/real_samples_01649_1320_122612_000050_000000.wav,real,0,samples,4.51,24000,1,216526,09f7a5e93bd725b0...
real_samples_01650_1320_122612_000051_000000.wav,real/real_samples_01650_1320_122612_000051_000000.wav,real,0,samples,11.75,24000,1,564044,32b8de87c14a70ef...
real_samples_01651_1320_122612_000051_000001.wav,real/real_samples_01651_1320_122612_000051_000001.wav,real,0,samples,5.37,24000,1,257804,817a36e6c51d5808...
real_samples_01652_1320_122612_000056_000002.wav,real/real_samples_01652_1320_122612_000056_000002.wav,real,0,samples,7.99,24000,1,383562,348ce47de6e568e1...
real_samples_01653_1320_122612_000056_000003.wav,real/real_samples_01653_1320_122612_000056_000003.wav,real,0,samples,5.3,24000,1,254446,9db284cf8cb4bfe2...
real_samples_01654_1320_122612_000056_000006.wav,real/real_samples_01654_1320_122612_000056_000006.wav,real,0,samples,9.57,24000,1,459400,3b911d671927b865...
real_samples_01655_1320_122612_000056_000007.wav,real/real_samples_01655_1320_122612_000056_000007.wav,real,0,samples,3.51,24000,1,168520,f8295508223c334a...
real_samples_01656_1320_122612_000057_000000.wav,real/real_samples_01656_1320_122612_000057_000000.wav,real,0,samples,3.74,24000,1,179568,4beebabc59bcb3cb...
real_samples_01657_1320_122617_000021_000001.wav,real/real_samples_01657_1320_122617_000021_000001.wav,real,0,samples,3.69,24000,1,177164,d850bc5d6772f22f...
real_samples_01658_1320_122617_000027_000002.wav,real/real_samples_01658_1320_122617_000027_000002.wav,real,0,samples,4.45,24000,1,213640,dac5b5ebc2e2e869...
real_samples_01659_1320_122617_000029_000001.wav,real/real_samples_01659_1320_122617_000029_000001.wav,real,0,samples,14.69,24000,1,705164,3a27167863163d61...
real_samples_01660_1320_122617_000030_000002.wav,real/real_samples_01660_1320_122617_000030_000002.wav,real,0,samples,8.28,24000,1,397484,cf771d4ad3618688...
real_samples_01661_1320_122617_000033_000000.wav,real/real_samples_01661_1320_122617_000033_000000.wav,real,0,samples,3.25,24000,1,156044,279bff51e81d89fd...
real_samples_01662_1320_122617_000043_000001.wav,real/real_samples_01662_1320_122617_000043_000001.wav,real,0,samples,5.83,24000,1,279884,ebc9db5f537f95bc...
real_samples_01663_1320_122617_000049_000001.wav,real/real_samples_01663_1320_122617_000049_000001.wav,real,0,samples,3.84,24000,1,184364,fa066fdb5062fab7...
real_samples_01664_1320_122617_000055_000002.wav,real/real_samples_01664_1320_122617_000055_000002.wav,real,0,samples,11.59,24000,1,556364,1d9cf1f7a93f558c...
real_samples_01665_1320_122617_000055_000003.wav,real/real_samples_01665_1320_122617_000055_000003.wav,real,0,samples,3.25,24000,1,156044,82e7fd6794cd07b4...
real_samples_01666_1320_122617_000057_000001.wav,real/real_samples_01666_1320_122617_000057_000001.wav,real,0,samples,4.44,24000,1,213166,72c60f5ad81143b4...
real_samples_01667_1320_122617_000064_000002.wav,real/real_samples_01667_1320_122617_000064_000002.wav,real,0,samples,6.74,24000,1,323564,ee20a2b85c9fd502...
real_samples_01668_1320_122617_000067_000000.wav,real/real_samples_01668_1320_122617_000067_000000.wav,real,0,samples,4.22,24000,1,202608,69c6181615788dcc...
real_samples_01669_1320_122617_000069_000000.wav,real/real_samples_01669_1320_122617_000069_000000.wav,real,0,samples,12.1,24000,1,580848,5e3438917cd6b5ae...
real_samples_01670_1580_141083_000001_000002.wav,real/real_samples_01670_1580_141083_000001_000002.wav,real,0,samples,16.7,24000,1,801644,c2367ad72ebba628...
real_samples_01671_1580_141083_000002_000002.wav,real/real_samples_01671_1580_141083_000002_000002.wav,real,0,samples,4.19,24000,1,201164,eb8033fa489f5f40...
real_samples_01672_1580_141083_000003_000000.wav,real/real_samples_01672_1580_141083_000003_000000.wav,real,0,samples,4.4,24000,1,211244,b3deb8b0bd898d70...
real_samples_01673_1580_141083_000006_000000.wav,real/real_samples_01673_1580_141083_000006_000000.wav,real,0,samples,5.42,24000,1,260204,5d4c919f093aa79b...
real_samples_01674_1580_141083_000006_000001.wav,real/real_samples_01674_1580_141083_000006_000001.wav,real,0,samples,5.85,24000,1,280844,b85bcdc205c26aea...
real_samples_01675_1580_141083_000006_000002.wav,real/real_samples_01675_1580_141083_000006_000002.wav,real,0,samples,7.46,24000,1,358124,48a2b22c2610546b...
real_samples_01676_1580_141083_000007_000000.wav,real/real_samples_01676_1580_141083_000007_000000.wav,real,0,samples,5.96,24000,1,286124,a778169a564d831c...
real_samples_01677_1580_141083_000008_000000.wav,real/real_samples_01677_1580_141083_000008_000000.wav,real,0,samples,4.23,24000,1,203084,db2005dac3748499...
real_samples_01678_1580_141083_000008_000001.wav,real/real_samples_01678_1580_141083_000008_000001.wav,real,0,samples,3.55,24000,1,170444,00931131577309b5...
real_samples_01679_1580_141083_000008_000002.wav,real/real_samples_01679_1580_141083_000008_000002.wav,real,0,samples,3.78,24000,1,181484,05d6e41e01ac114f...
real_samples_01680_1580_141083_000008_000004.wav,real/real_samples_01680_1580_141083_000008_000004.wav,real,0,samples,5.06,24000,1,242924,93452fefe798dad7...
real_samples_01681_1580_141083_000009_000001.wav,real/real_samples_01681_1580_141083_000009_000001.wav,real,0,samples,3.33,24000,1,159884,d7de8bea2b6a9436...
real_samples_01682_1580_141083_000009_000002.wav,real/real_samples_01682_1580_141083_000009_000002.wav,real,0,samples,5.46,24000,1,262124,42cd4f3ec62c6c3a...
real_samples_01683_1580_141083_000009_000004.wav,real/real_samples_01683_1580_141083_000009_000004.wav,real,0,samples,8.29,24000,1,397964,7135bac05b47ae1d...
real_samples_01684_1580_141083_000010_000000.wav,real/real_samples_01684_1580_141083_000010_000000.wav,real,0,samples,4.02,24000,1,193004,7cac3e598737b2b7...
real_samples_01685_1580_141083_000012_000000.wav,real/real_samples_01685_1580_141083_000012_000000.wav,real,0,samples,5.4,24000,1,259244,af87cc4b4f8e1960...
real_samples_01686_1580_141083_000015_000000.wav,real/real_samples_01686_1580_141083_000015_000000.wav,real,0,samples,5.41,24000,1,259724,a468422da3f7ab1d...
real_samples_01687_1580_141083_000015_000001.wav,real/real_samples_01687_1580_141083_000015_000001.wav,real,0,samples,4.67,24000,1,224204,52c60168972564da...
real_samples_01688_1580_141083_000015_000002.wav,real/real_samples_01688_1580_141083_000015_000002.wav,real,0,samples,6.03,24000,1,289484,b8cc5d3b20a5d9f8...
real_samples_01689_1580_141083_000015_000003.wav,real/real_samples_01689_1580_141083_000015_000003.wav,real,0,samples,8.7,24000,1,417644,a737d39bb3b9e921...
real_samples_01690_1580_141083_000016_000002.wav,real/real_samples_01690_1580_141083_000016_000002.wav,real,0,samples,4.83,24000,1,231884,5a443eabec673f85...
real_samples_01691_1580_141083_000016_000003.wav,real/real_samples_01691_1580_141083_000016_000003.wav,real,0,samples,4.68,24000,1,224684,71d72d812340c50a...
real_samples_01692_1580_141083_000016_000004.wav,real/real_samples_01692_1580_141083_000016_000004.wav,real,0,samples,3.86,24000,1,185324,079b3beb7983d1a4...
real_samples_01693_1580_141083_000016_000006.wav,real/real_samples_01693_1580_141083_000016_000006.wav,real,0,samples,6.34,24000,1,304364,a7fce1fb0bdc5e63...
real_samples_01694_1580_141083_000017_000000.wav,real/real_samples_01694_1580_141083_000017_000000.wav,real,0,samples,5.32,24000,1,255404,d13e83787e4828b3...
real_samples_01695_1580_141083_000018_000001.wav,real/real_samples_01695_1580_141083_000018_000001.wav,real,0,samples,3.24,24000,1,155564,fe46fe1dd0c53516...
real_samples_01696_1580_141083_000018_000002.wav,real/real_samples_01696_1580_141083_000018_000002.wav,real,0,samples,3.56,24000,1,170924,66f1b2a2f8d1f691...
real_samples_01697_1580_141083_000018_000003.wav,real/real_samples_01697_1580_141083_000018_000003.wav,real,0,samples,4.88,24000,1,234284,c0c9166a92e84ea2...
real_samples_01698_1580_141083_000018_000004.wav,real/real_samples_01698_1580_141083_000018_000004.wav,real,0,samples,6.35,24000,1,304844,d56401b025846cfb...
real_samples_01699_1580_141083_000018_000005.wav,real/real_samples_01699_1580_141083_000018_000005.wav,real,0,samples,3.44,24000,1,165164,748f8cbe3ea25256...
real_samples_01700_1580_141083_000018_000006.wav,real/real_samples_01700_1580_141083_000018_000006.wav,real,0,samples,3.07,24000,1,147404,3f97dd2a8e7a5358...
real_samples_01701_1580_141083_000018_000007.wav,real/real_samples_01701_1580_141083_000018_000007.wav,real,0,samples,6.66,24000,1,319724,39538212081b3da6...
real_samples_01702_1580_141083_000018_000011.wav,real/real_samples_01702_1580_141083_000018_000011.wav,real,0,samples,3.62,24000,1,173804,9c20140fe6181fd2...
real_samples_01703_1580_141083_000019_000001.wav,real/real_samples_01703_1580_141083_000019_000001.wav,real,0,samples,3.05,24000,1,146444,0f19c3fd2717a23d...
real_samples_01704_1580_141083_000037_000000.wav,real/real_samples_01704_1580_141083_000037_000000.wav,real,0,samples,9.81,24000,1,470924,3e272c6f4bc8b89d...
real_samples_01705_1580_141083_000041_000001.wav,real/real_samples_01705_1580_141083_000041_000001.wav,real,0,samples,3.54,24000,1,169962,f40054726a950309...
real_samples_01706_1580_141083_000041_000006.wav,real/real_samples_01706_1580_141083_000041_000006.wav,real,0,samples,4.55,24000,1,218444,ec03fae409991a53...
real_samples_01707_1580_141083_000042_000001.wav,real/real_samples_01707_1580_141083_000042_000001.wav,real,0,samples,3.15,24000,1,151242,7d810a6a99995fcb...
real_samples_01708_1580_141083_000043_000001.wav,real/real_samples_01708_1580_141083_000043_000001.wav,real,0,samples,3.33,24000,1,159882,3275618a44bf17c3...
real_samples_01709_1580_141083_000044_000000.wav,real/real_samples_01709_1580_141083_000044_000000.wav,real,0,samples,3.88,24000,1,186286,582428ede62c2036...
real_samples_01710_1580_141083_000044_000001.wav,real/real_samples_01710_1580_141083_000044_000001.wav,real,0,samples,3.57,24000,1,171400,3c4773fd4eb3b56e...
real_samples_01711_1580_141083_000045_000002.wav,real/real_samples_01711_1580_141083_000045_000002.wav,real,0,samples,3.86,24000,1,185324,9efde845e003d1f1...
real_samples_01712_1580_141083_000047_000006.wav,real/real_samples_01712_1580_141083_000047_000006.wav,real,0,samples,3.75,24000,1,180044,cfac1b4d1caea91b...
real_samples_01713_1580_141083_000047_000007.wav,real/real_samples_01713_1580_141083_000047_000007.wav,real,0,samples,6.23,24000,1,299082,41e037f6003359f9...
real_samples_01714_1580_141083_000048_000000.wav,real/real_samples_01714_1580_141083_000048_000000.wav,real,0,samples,3.96,24000,1,190124,a76f9c24c8247fab...
real_samples_01715_1580_141083_000049_000008.wav,real/real_samples_01715_1580_141083_000049_000008.wav,real,0,samples,9.39,24000,1,450762,a501e073bac57d7f...
real_samples_01716_1580_141083_000051_000000.wav,real/real_samples_01716_1580_141083_000051_000000.wav,real,0,samples,4.91,24000,1,235724,72444afc21cfb09a...
real_samples_01717_1580_141083_000056_000004.wav,real/real_samples_01717_1580_141083_000056_000004.wav,real,0,samples,3.49,24000,1,167564,c52d60b06e1aefa8...
real_samples_01718_1580_141083_000056_000005.wav,real/real_samples_01718_1580_141083_000056_000005.wav,real,0,samples,8.22,24000,1,394604,f5dd153abd35631e...
real_samples_01719_1580_141083_000056_000006.wav,real/real_samples_01719_1580_141083_000056_000006.wav,real,0,samples,5.64,24000,1,270762,11a22af41c8a862d...
real_samples_01720_1580_141083_000061_000001.wav,real/real_samples_01720_1580_141083_000061_000001.wav,real,0,samples,5.58,24000,1,267882,7e280c2cb18a0156...
real_samples_01721_1580_141083_000063_000000.wav,real/real_samples_01721_1580_141083_000063_000000.wav,real,0,samples,5.27,24000,1,253006,4b7c52933c321bab...
real_samples_01722_1580_141083_000063_000001.wav,real/real_samples_01722_1580_141083_000063_000001.wav,real,0,samples,3.37,24000,1,161804,65043f45b9f91b8c...
real_samples_01723_1580_141083_000066_000002.wav,real/real_samples_01723_1580_141083_000066_000002.wav,real,0,samples,5.36,24000,1,257324,ed4e7c73eefdef3d...
real_samples_01724_1580_141083_000067_000000.wav,real/real_samples_01724_1580_141083_000067_000000.wav,real,0,samples,7.98,24000,1,383086,539251bfd6d0662c...
real_samples_01725_1580_141083_000070_000000.wav,real/real_samples_01725_1580_141083_000070_000000.wav,real,0,samples,5.14,24000,1,246762,5a06f67a032f36cf...
real_samples_01726_1580_141083_000071_000001.wav,real/real_samples_01726_1580_141083_000071_000001.wav,real,0,samples,3.49,24000,1,167562,91534111e7cd2d13...
real_samples_01727_1580_141083_000071_000002.wav,real/real_samples_01727_1580_141083_000071_000002.wav,real,0,samples,6.86,24000,1,329324,9aa6819f1c957ce7...
real_samples_01728_1580_141083_000079_000001.wav,real/real_samples_01728_1580_141083_000079_000001.wav,real,0,samples,3.18,24000,1,152684,73e443c6fab14335...
real_samples_01729_1580_141083_000081_000000.wav,real/real_samples_01729_1580_141083_000081_000000.wav,real,0,samples,4.24,24000,1,203564,92397ef16f2f0804...
real_samples_01730_1580_141083_000081_000001.wav,real/real_samples_01730_1580_141083_000081_000001.wav,real,0,samples,9.43,24000,1,452684,939911b2e8675fb5...
real_samples_01731_1580_141083_000081_000003.wav,real/real_samples_01731_1580_141083_000081_000003.wav,real,0,samples,5.09,24000,1,244366,94ef58157aa0e533...
real_samples_01732_1580_141083_000081_000004.wav,real/real_samples_01732_1580_141083_000081_000004.wav,real,0,samples,4.1,24000,1,196844,255055220f354292...
real_samples_01733_1580_141083_000082_000001.wav,real/real_samples_01733_1580_141083_000082_000001.wav,real,0,samples,3.36,24000,1,161322,8428fdbebded1b21...
real_samples_01734_1580_141083_000082_000002.wav,real/real_samples_01734_1580_141083_000082_000002.wav,real,0,samples,3.38,24000,1,162284,eb1f1e9086584736...
real_samples_01735_1580_141083_000083_000001.wav,real/real_samples_01735_1580_141083_000083_000001.wav,real,0,samples,7.27,24000,1,349004,0cf2cc05cd4d3c2c...
real_samples_01736_1580_141083_000083_000002.wav,real/real_samples_01736_1580_141083_000083_000002.wav,real,0,samples,3.24,24000,1,155562,31d7edcc52eb6d53...
real_samples_01737_1580_141083_000083_000003.wav,real/real_samples_01737_1580_141083_000083_000003.wav,real,0,samples,4.37,24000,1,209804,f497b909b146c67b...
real_samples_01738_1580_141083_000087_000002.wav,real/real_samples_01738_1580_141083_000087_000002.wav,real,0,samples,4.14,24000,1,198766,c3ceda7171d8d2d7...
real_samples_01739_1580_141083_000088_000000.wav,real/real_samples_01739_1580_141083_000088_000000.wav,real,0,samples,3.56,24000,1,170924,8befd5ea841f1c7e...
real_samples_01740_1580_141083_000090_000000.wav,real/real_samples_01740_1580_141083_000090_000000.wav,real,0,samples,3.24,24000,1,155562,9713cdde780c22ab...
real_samples_01741_1580_141083_000097_000000.wav,real/real_samples_01741_1580_141083_000097_000000.wav,real,0,samples,3.81,24000,1,182924,8315610b7b3c55bf...
real_samples_01742_1580_141083_000101_000001.wav,real/real_samples_01742_1580_141083_000101_000001.wav,real,0,samples,3.34,24000,1,160366,f8e2c348802963c6...
real_samples_01743_1580_141083_000108_000000.wav,real/real_samples_01743_1580_141083_000108_000000.wav,real,0,samples,3.67,24000,1,176206,b89696112ddec345...
real_samples_01744_1580_141083_000113_000000.wav,real/real_samples_01744_1580_141083_000113_000000.wav,real,0,samples,3.74,24000,1,179568,f9d9e7ba0cb26870...
real_samples_01745_1580_141083_000123_000001.wav,real/real_samples_01745_1580_141083_000123_000001.wav,real,0,samples,3.56,24000,1,170926,26bf71958fe155be...
real_samples_01746_1580_141084_000006_000000.wav,real/real_samples_01746_1580_141084_000006_000000.wav,real,0,samples,3.91,24000,1,187724,db18be9efbc98c3b...
real_samples_01747_1580_141084_000009_000000.wav,real/real_samples_01747_1580_141084_000009_000000.wav,real,0,samples,3.44,24000,1,165164,0b32bfb2c0ac9192...
real_samples_01748_1580_141084_000009_000001.wav,real/real_samples_01748_1580_141084_000009_000001.wav,real,0,samples,5.34,24000,1,256364,8ea95430ba446f4d...
real_samples_01749_1580_141084_000009_000002.wav,real/real_samples_01749_1580_141084_000009_000002.wav,real,0,samples,3.71,24000,1,178124,4b48f08da249bca7...
real_samples_01750_1580_141084_000009_000003.wav,real/real_samples_01750_1580_141084_000009_000003.wav,real,0,samples,11.22,24000,1,538604,b9522dc2ce125a1d...
real_samples_01751_1580_141084_000009_000005.wav,real/real_samples_01751_1580_141084_000009_000005.wav,real,0,samples,4.12,24000,1,197804,c47f5eb776ab9a65...
real_samples_01752_1580_141084_000009_000007.wav,real/real_samples_01752_1580_141084_000009_000007.wav,real,0,samples,5.97,24000,1,286604,9e5d669db05a12a2...
real_samples_01753_1580_141084_000015_000001.wav,real/real_samples_01753_1580_141084_000015_000001.wav,real,0,samples,6.64,24000,1,318764,82ee2af6907c480d...
real_samples_01754_1580_141084_000015_000004.wav,real/real_samples_01754_1580_141084_000015_000004.wav,real,0,samples,4.21,24000,1,202124,92982f788b116da0...
real_samples_01755_1580_141084_000016_000001.wav,real/real_samples_01755_1580_141084_000016_000001.wav,real,0,samples,3.12,24000,1,149804,98a5ecee001d569b...
real_samples_01756_1580_141084_000016_000002.wav,real/real_samples_01756_1580_141084_000016_000002.wav,real,0,samples,4.15,24000,1,199244,143733b2e2c31533...
real_samples_01757_1580_141084_000018_000002.wav,real/real_samples_01757_1580_141084_000018_000002.wav,real,0,samples,3.14,24000,1,150764,2832c9ada844f750...
real_samples_01758_1580_141084_000019_000000.wav,real/real_samples_01758_1580_141084_000019_000000.wav,real,0,samples,4.11,24000,1,197324,529d782decbc4fa8...
real_samples_01759_1580_141084_000028_000002.wav,real/real_samples_01759_1580_141084_000028_000002.wav,real,0,samples,3.65,24000,1,175244,f2c91d572aea83b7...
real_samples_01760_1580_141084_000029_000000.wav,real/real_samples_01760_1580_141084_000029_000000.wav,real,0,samples,7.64,24000,1,366764,546977ce017b2a22...
real_samples_01761_1580_141084_000029_000001.wav,real/real_samples_01761_1580_141084_000029_000001.wav,real,0,samples,6.16,24000,1,295724,8376935c80511882...
real_samples_01762_1580_141084_000029_000002.wav,real/real_samples_01762_1580_141084_000029_000002.wav,real,0,samples,5.33,24000,1,255884,5af5b453e3375fc9...
real_samples_01763_1580_141084_000030_000001.wav,real/real_samples_01763_1580_141084_000030_000001.wav,real,0,samples,3.18,24000,1,152684,ccac92099b26386b...
real_samples_01764_1580_141084_000030_000002.wav,real/real_samples_01764_1580_141084_000030_000002.wav,real,0,samples,3.73,24000,1,179084,bd5028b80583c454...
real_samples_01765_1580_141084_000030_000004.wav,real/real_samples_01765_1580_141084_000030_000004.wav,real,0,samples,13.68,24000,1,656684,46fe03da7390d508...
real_samples_01766_1580_141084_000031_000000.wav,real/real_samples_01766_1580_141084_000031_000000.wav,real,0,samples,6.42,24000,1,308204,15e5627940a54de6...
real_samples_01767_1580_141084_000040_000001.wav,real/real_samples_01767_1580_141084_000040_000001.wav,real,0,samples,4.52,24000,1,217004,8e88b398e22f0ba8...
real_samples_01768_1580_141084_000041_000001.wav,real/real_samples_01768_1580_141084_000041_000001.wav,real,0,samples,3.58,24000,1,171884,f118863287e96f95...
real_samples_01769_1580_141084_000044_000000.wav,real/real_samples_01769_1580_141084_000044_000000.wav,real,0,samples,5.84,24000,1,280364,cb84cf4e70a2bb5a...
real_samples_01770_1580_141084_000044_000001.wav,real/real_samples_01770_1580_141084_000044_000001.wav,real,0,samples,15.74,24000,1,755564,98aa8b5c843eea22...
real_samples_01771_1580_141084_000050_000001.wav,real/real_samples_01771_1580_141084_000050_000001.wav,real,0,samples,6.74,24000,1,323564,c0436de55cddbf11...
real_samples_01772_1580_141084_000051_000000.wav,real/real_samples_01772_1580_141084_000051_000000.wav,real,0,samples,4.84,24000,1,232364,f05aaf5911da5560...
real_samples_01773_1580_141084_000052_000001.wav,real/real_samples_01773_1580_141084_000052_000001.wav,real,0,samples,3.57,24000,1,171404,af42ea7788a68ff6...
real_samples_01774_1580_141084_000057_000000.wav,real/real_samples_01774_1580_141084_000057_000000.wav,real,0,samples,3.05,24000,1,146444,dbfedef22db97b44...
real_samples_01775_1580_141084_000063_000001.wav,real/real_samples_01775_1580_141084_000063_000001.wav,real,0,samples,4.02,24000,1,193006,a02dfdb54ae09d4f...
real_samples_01776_1580_141084_000069_000000.wav,real/real_samples_01776_1580_141084_000069_000000.wav,real,0,samples,3.6,24000,1,172846,6694628980da4ebb...
real_samples_01777_1580_141084_000069_000001.wav,real/real_samples_01777_1580_141084_000069_000001.wav,real,0,samples,6.42,24000,1,308202,79ecab62a9e44a42...
real_samples_01778_1580_141084_000069_000002.wav,real/real_samples_01778_1580_141084_000069_000002.wav,real,0,samples,7.57,24000,1,363406,7567e6f220329201...
real_samples_01779_1580_141084_000070_000001.wav,real/real_samples_01779_1580_141084_000070_000001.wav,real,0,samples,6.08,24000,1,291886,d8d18931e7a46dad...
real_samples_01780_1580_141084_000071_000000.wav,real/real_samples_01780_1580_141084_000071_000000.wav,real,0,samples,5.46,24000,1,262126,842c0c2029962011...
real_samples_01781_1580_141084_000072_000000.wav,real/real_samples_01781_1580_141084_000072_000000.wav,real,0,samples,6.2,24000,1,297642,60b39c15a6639a25...
real_samples_01782_1580_141084_000074_000000.wav,real/real_samples_01782_1580_141084_000074_000000.wav,real,0,samples,4.33,24000,1,207884,46965c85422c5420...
real_samples_01783_1580_141084_000074_000001.wav,real/real_samples_01783_1580_141084_000074_000001.wav,real,0,samples,8.11,24000,1,389322,0f7fdf38b0066a07...
real_samples_01784_1580_141084_000075_000000.wav,real/real_samples_01784_1580_141084_000075_000000.wav,real,0,samples,6.33,24000,1,303886,5cd9e510904aa97e...
real_samples_01785_1580_141084_000075_000001.wav,real/real_samples_01785_1580_141084_000075_000001.wav,real,0,samples,5.1,24000,1,244842,be182aeea68f38bd...
real_samples_01786_1580_141084_000076_000000.wav,real/real_samples_01786_1580_141084_000076_000000.wav,real,0,samples,9.23,24000,1,443082,b96272038976be63...
real_samples_01787_1580_141084_000076_000004.wav,real/real_samples_01787_1580_141084_000076_000004.wav,real,0,samples,3.22,24000,1,154604,be1e6d4f109c4693...
real_samples_01788_1580_141084_000076_000005.wav,real/real_samples_01788_1580_141084_000076_000005.wav,real,0,samples,8.22,24000,1,394602,35d64cf24408035c...
real_samples_01789_1580_141084_000077_000003.wav,real/real_samples_01789_1580_141084_000077_000003.wav,real,0,samples,6.4,24000,1,307244,10235eb61eee0753...
real_samples_01790_1580_141084_000077_000004.wav,real/real_samples_01790_1580_141084_000077_000004.wav,real,0,samples,5.8,24000,1,278444,5ab89335ebf2bc12...
real_samples_01791_1580_141084_000078_000000.wav,real/real_samples_01791_1580_141084_000078_000000.wav,real,0,samples,4.34,24000,1,208362,dee02f107b37e1d2...
real_samples_01792_1580_141084_000078_000001.wav,real/real_samples_01792_1580_141084_000078_000001.wav,real,0,samples,5.72,24000,1,274604,bed9d0099a89e81b...
real_samples_01793_1580_141084_000079_000002.wav,real/real_samples_01793_1580_141084_000079_000002.wav,real,0,samples,6.62,24000,1,317804,4876e534f9f225ed...
real_samples_01794_1580_141084_000079_000003.wav,real/real_samples_01794_1580_141084_000079_000003.wav,real,0,samples,7.26,24000,1,348524,bf7bed0a396ec99f...
real_samples_01795_1580_141084_000079_000005.wav,real/real_samples_01795_1580_141084_000079_000005.wav,real,0,samples,5.19,24000,1,249164,8fe6f91d293f52b5...
real_samples_01796_1580_141084_000082_000001.wav,real/real_samples_01796_1580_141084_000082_000001.wav,real,0,samples,4.29,24000,1,205964,10882a7c3d158199...
real_samples_01797_1580_141084_000082_000002.wav,real/real_samples_01797_1580_141084_000082_000002.wav,real,0,samples,3.49,24000,1,167568,3800bb48b7f4d826...
real_samples_01798_1580_141084_000082_000007.wav,real/real_samples_01798_1580_141084_000082_000007.wav,real,0,samples,5.4,24000,1,259242,59914fa342f569c1...
real_samples_01799_1580_141084_000085_000000.wav,real/real_samples_01799_1580_141084_000085_000000.wav,real,0,samples,3.18,24000,1,152684,bcf1288b1c7e1529...
real_samples_01800_1580_141084_000086_000000.wav,real/real_samples_01800_1580_141084_000086_000000.wav,real,0,samples,4.89,24000,1,234762,9bddb4637837daa5...
real_samples_01801_1580_141084_000086_000004.wav,real/real_samples_01801_1580_141084_000086_000004.wav,real,0,samples,4.43,24000,1,212684,a524c830373df252...
real_samples_01802_1580_141084_000090_000001.wav,real/real_samples_01802_1580_141084_000090_000001.wav,real,0,samples,12.03,24000,1,577482,9f995523b7ae26ca...
real_samples_01803_1580_141084_000091_000001.wav,real/real_samples_01803_1580_141084_000091_000001.wav,real,0,samples,12.73,24000,1,611082,8402f4d34159ebb6...
real_samples_01804_1580_141084_000091_000003.wav,real/real_samples_01804_1580_141084_000091_000003.wav,real,0,samples,9.12,24000,1,437804,8422ffa85a20c800...
real_samples_01805_1580_141084_000091_000006.wav,real/real_samples_01805_1580_141084_000091_000006.wav,real,0,samples,4.36,24000,1,209322,f610b437d622cf72...
real_samples_01806_1580_141084_000091_000008.wav,real/real_samples_01806_1580_141084_000091_000008.wav,real,0,samples,10.7,24000,1,513644,b2536130c24e4514...
real_samples_01807_1580_141084_000092_000000.wav,real/real_samples_01807_1580_141084_000092_000000.wav,real,0,samples,3.43,24000,1,164684,8f1c9c0b77e029de...
real_samples_01808_1580_141084_000092_000003.wav,real/real_samples_01808_1580_141084_000092_000003.wav,real,0,samples,4.1,24000,1,196844,f0408de47fb8739c...
real_samples_01809_1995_1826_000004_000000.wav,real/real_samples_01809_1995_1826_000004_000000.wav,real,0,samples,4.57,24000,1,219404,60d118e3dcf55baa...
real_samples_01810_1995_1826_000004_000001.wav,real/real_samples_01810_1995_1826_000004_000001.wav,real,0,samples,3.7,24000,1,177644,110133cad2b0558d...
real_samples_01811_1995_1826_000005_000001.wav,real/real_samples_01811_1995_1826_000005_000001.wav,real,0,samples,8.64,24000,1,414764,cbe210ace5c2b86f...
real_samples_01812_1995_1826_000005_000002.wav,real/real_samples_01812_1995_1826_000005_000002.wav,real,0,samples,9.71,24000,1,466124,cd4b180814b60442...
real_samples_01813_1995_1826_000005_000003.wav,real/real_samples_01813_1995_1826_000005_000003.wav,real,0,samples,11.64,24000,1,558764,ac9828cf96700410...
real_samples_01814_1995_1826_000008_000000.wav,real/real_samples_01814_1995_1826_000008_000000.wav,real,0,samples,4.45,24000,1,213644,4b36cc08885bb1af...
real_samples_01815_1995_1826_000011_000000.wav,real/real_samples_01815_1995_1826_000011_000000.wav,real,0,samples,7.15,24000,1,343244,9bb5c0ddb6cdbe1f...
real_samples_01816_1995_1826_000013_000000.wav,real/real_samples_01816_1995_1826_000013_000000.wav,real,0,samples,3.35,24000,1,160844,5d8104319978ce55...
real_samples_01817_1995_1826_000016_000000.wav,real/real_samples_01817_1995_1826_000016_000000.wav,real,0,samples,8.35,24000,1,400844,7b5da89d8cab5b5c...
real_samples_01818_1995_1826_000016_000001.wav,real/real_samples_01818_1995_1826_000016_000001.wav,real,0,samples,11.38,24000,1,546284,ace2b82a1e786d64...
real_samples_01819_1995_1826_000016_000004.wav,real/real_samples_01819_1995_1826_000016_000004.wav,real,0,samples,7.65,24000,1,367244,0b0814c5c2afd83b...
real_samples_01820_1995_1826_000016_000007.wav,real/real_samples_01820_1995_1826_000016_000007.wav,real,0,samples,8.9,24000,1,427244,72a30b8da54ee96c...
real_samples_01821_1995_1826_000016_000008.wav,real/real_samples_01821_1995_1826_000016_000008.wav,real,0,samples,6.66,24000,1,319724,eeeb1bcb33a2c5bf...
real_samples_01822_1995_1826_000016_000009.wav,real/real_samples_01822_1995_1826_000016_000009.wav,real,0,samples,7.9,24000,1,379244,967bbae04f48105f...
real_samples_01823_1995_1826_000016_000010.wav,real/real_samples_01823_1995_1826_000016_000010.wav,real,0,samples,7.27,24000,1,349004,6c640529f524c5d1...
real_samples_01824_1995_1826_000016_000011.wav,real/real_samples_01824_1995_1826_000016_000011.wav,real,0,samples,5.83,24000,1,279884,a3ad8302a19a956d...
real_samples_01825_1995_1826_000016_000012.wav,real/real_samples_01825_1995_1826_000016_000012.wav,real,0,samples,10.62,24000,1,509804,47cb6df2eedbf876...
real_samples_01826_1995_1826_000016_000013.wav,real/real_samples_01826_1995_1826_000016_000013.wav,real,0,samples,8.36,24000,1,401324,243469b53d57c495...
real_samples_01827_1995_1826_000018_000004.wav,real/real_samples_01827_1995_1826_000018_000004.wav,real,0,samples,18.95,24000,1,909644,48e9c24eedd39cc8...
real_samples_01828_1995_1826_000022_000000.wav,real/real_samples_01828_1995_1826_000022_000000.wav,real,0,samples,8.57,24000,1,411404,19069b02e3fdf912...
real_samples_01829_1995_1826_000022_000001.wav,real/real_samples_01829_1995_1826_000022_000001.wav,real,0,samples,5.69,24000,1,273164,2a553e76157f7755...
real_samples_01830_1995_1826_000026_000000.wav,real/real_samples_01830_1995_1826_000026_000000.wav,real,0,samples,4.23,24000,1,203084,cdc7e297b960c4d2...
real_samples_01831_1995_1826_000031_000002.wav,real/real_samples_01831_1995_1826_000031_000002.wav,real,0,samples,4.31,24000,1,206924,18256dfe4a19d851...
real_samples_01832_1995_1826_000031_000003.wav,real/real_samples_01832_1995_1826_000031_000003.wav,real,0,samples,4.83,24000,1,231884,a6a6c6c693903e5f...
real_samples_01833_1995_1826_000035_000000.wav,real/real_samples_01833_1995_1826_000035_000000.wav,real,0,samples,3.5,24000,1,168044,d9623f8ad29e859a...
real_samples_01834_1995_1826_000036_000000.wav,real/real_samples_01834_1995_1826_000036_000000.wav,real,0,samples,3.51,24000,1,168524,c9153a2baf934f70...
real_samples_01835_1995_1826_000042_000000.wav,real/real_samples_01835_1995_1826_000042_000000.wav,real,0,samples,10.3,24000,1,494446,c940b53ffeed9566...
real_samples_01836_1995_1826_000045_000001.wav,real/real_samples_01836_1995_1826_000045_000001.wav,real,0,samples,7.17,24000,1,344204,15255783f691cb90...
real_samples_01837_1995_1826_000046_000001.wav,real/real_samples_01837_1995_1826_000046_000001.wav,real,0,samples,6.73,24000,1,323082,4b23622329c5895e...
real_samples_01838_1995_1826_000047_000000.wav,real/real_samples_01838_1995_1826_000047_000000.wav,real,0,samples,3.42,24000,1,164202,752ec7cac45e20ff...
real_samples_01839_1995_1826_000051_000000.wav,real/real_samples_01839_1995_1826_000051_000000.wav,real,0,samples,6.88,24000,1,330286,f0b4ad7d5e7b7f9a...
real_samples_01840_1995_1826_000055_000000.wav,real/real_samples_01840_1995_1826_000055_000000.wav,real,0,samples,9.43,24000,1,452684,132e1658ea13221f...
real_samples_01841_1995_1826_000056_000000.wav,real/real_samples_01841_1995_1826_000056_000000.wav,real,0,samples,5.2,24000,1,249646,6c8892eb125737f0...
real_samples_01842_1995_1826_000056_000001.wav,real/real_samples_01842_1995_1826_000056_000001.wav,real,0,samples,4.82,24000,1,231400,60c4caf89a8175ef...
real_samples_01843_1995_1836_000003_000002.wav,real/real_samples_01843_1995_1836_000003_000002.wav,real,0,samples,5.51,24000,1,264524,6c14e82edf6fbbca...
real_samples_01844_1995_1836_000003_000003.wav,real/real_samples_01844_1995_1836_000003_000003.wav,real,0,samples,10.46,24000,1,502124,37c67e02ecf933b2...
real_samples_01845_1995_1836_000003_000004.wav,real/real_samples_01845_1995_1836_000003_000004.wav,real,0,samples,24.57,24000,1,1179404,b081c7f856c607ef...
real_samples_01846_1995_1836_000004_000008.wav,real/real_samples_01846_1995_1836_000004_000008.wav,real,0,samples,8.72,24000,1,418604,c4a3b174dde60f29...
real_samples_01847_1995_1836_000004_000012.wav,real/real_samples_01847_1995_1836_000004_000012.wav,real,0,samples,11.57,24000,1,555404,1d303cfef04257aa...
real_samples_01848_1995_1836_000005_000001.wav,real/real_samples_01848_1995_1836_000005_000001.wav,real,0,samples,7.59,24000,1,364364,6d19bf1d2bc4831d...
real_samples_01849_1995_1836_000007_000000.wav,real/real_samples_01849_1995_1836_000007_000000.wav,real,0,samples,7.45,24000,1,357644,8ac3831c65bddae2...
real_samples_01850_1995_1836_000007_000001.wav,real/real_samples_01850_1995_1836_000007_000001.wav,real,0,samples,3.14,24000,1,150764,134aa922611874ea...
real_samples_01851_1995_1836_000007_000002.wav,real/real_samples_01851_1995_1836_000007_000002.wav,real,0,samples,14.65,24000,1,703244,e616935cc06aed2e...
real_samples_01852_1995_1836_000008_000000.wav,real/real_samples_01852_1995_1836_000008_000000.wav,real,0,samples,5.38,24000,1,258284,fad72121ca95dc1b...
real_samples_01853_1995_1836_000011_000000.wav,real/real_samples_01853_1995_1836_000011_000000.wav,real,0,samples,11.21,24000,1,538124,f9e4993567869045...
real_samples_01854_1995_1836_000015_000000.wav,real/real_samples_01854_1995_1836_000015_000000.wav,real,0,samples,7.48,24000,1,359084,b08ddc74353373c3...
real_samples_01855_1995_1836_000016_000001.wav,real/real_samples_01855_1995_1836_000016_000001.wav,real,0,samples,12.6,24000,1,604844,21d44fff95ecbb09...
real_samples_01856_1995_1836_000018_000000.wav,real/real_samples_01856_1995_1836_000018_000000.wav,real,0,samples,6.79,24000,1,325964,b722ad1a3bf3c7bd...
real_samples_01857_1995_1836_000019_000000.wav,real/real_samples_01857_1995_1836_000019_000000.wav,real,0,samples,6.6,24000,1,316844,b7eb942a5dd964c6...
real_samples_01858_1995_1836_000022_000000.wav,real/real_samples_01858_1995_1836_000022_000000.wav,real,0,samples,3.37,24000,1,161804,09df2389abf01d96...
real_samples_01859_1995_1836_000023_000000.wav,real/real_samples_01859_1995_1836_000023_000000.wav,real,0,samples,4.11,24000,1,197324,5d339e642971913c...
real_samples_01860_1995_1836_000025_000000.wav,real/real_samples_01860_1995_1836_000025_000000.wav,real,0,samples,4.72,24000,1,226604,56c2508ec99ab0d8...
real_samples_01861_1995_1836_000026_000000.wav,real/real_samples_01861_1995_1836_000026_000000.wav,real,0,samples,4.59,24000,1,220364,7036ea1c02ff3e19...
real_samples_01862_1995_1836_000028_000001.wav,real/real_samples_01862_1995_1836_000028_000001.wav,real,0,samples,3.36,24000,1,161324,f779e37dc8bff95c...
real_samples_01863_1995_1836_000030_000000.wav,real/real_samples_01863_1995_1836_000030_000000.wav,real,0,samples,3.27,24000,1,157004,41969f30f8d3d7e7...
real_samples_01864_1995_1836_000035_000001.wav,real/real_samples_01864_1995_1836_000035_000001.wav,real,0,samples,4.8,24000,1,230444,6824b73804443fd1...
real_samples_01865_1995_1836_000036_000000.wav,real/real_samples_01865_1995_1836_000036_000000.wav,real,0,samples,8.85,24000,1,424844,486d96dd1abd1d0b...
real_samples_01866_1995_1836_000041_000000.wav,real/real_samples_01866_1995_1836_000041_000000.wav,real,0,samples,11.17,24000,1,536204,881a342a5d64b4fe...
real_samples_01867_1995_1836_000042_000000.wav,real/real_samples_01867_1995_1836_000042_000000.wav,real,0,samples,3.58,24000,1,171884,69ad99c5f2871002...
real_samples_01868_1995_1836_000045_000000.wav,real/real_samples_01868_1995_1836_000045_000000.wav,real,0,samples,3.39,24000,1,162766,4904a9c2189fbf58...
real_samples_01869_1995_1837_000010_000005.wav,real/real_samples_01869_1995_1837_000010_000005.wav,real,0,samples,5.05,24000,1,242444,fa4e48188b9f8339...
real_samples_01870_1995_1837_000011_000001.wav,real/real_samples_01870_1995_1837_000011_000001.wav,real,0,samples,3.16,24000,1,151724,23362e0c972a61f5...
real_samples_01871_1995_1837_000011_000002.wav,real/real_samples_01871_1995_1837_000011_000002.wav,real,0,samples,6.58,24000,1,315884,790997885950b8c4...
real_samples_01872_1995_1837_000012_000000.wav,real/real_samples_01872_1995_1837_000012_000000.wav,real,0,samples,3.23,24000,1,155084,f5ef535ffa14b414...
real_samples_01873_1995_1837_000012_000003.wav,real/real_samples_01873_1995_1837_000012_000003.wav,real,0,samples,5.42,24000,1,260204,6893133b14d66245...
real_samples_01874_1995_1837_000012_000004.wav,real/real_samples_01874_1995_1837_000012_000004.wav,real,0,samples,7.96,24000,1,382124,37da16cf388eedea...
real_samples_01875_1995_1837_000012_000008.wav,real/real_samples_01875_1995_1837_000012_000008.wav,real,0,samples,8.45,24000,1,405644,d90b5b29a834d8ba...
real_samples_01876_1995_1837_000013_000000.wav,real/real_samples_01876_1995_1837_000013_000000.wav,real,0,samples,6.99,24000,1,335564,c952d89c0f0712e7...
real_samples_01877_1995_1837_000013_000002.wav,real/real_samples_01877_1995_1837_000013_000002.wav,real,0,samples,3.25,24000,1,156044,4f973a1cb4b3d83a...
real_samples_01878_1995_1837_000014_000000.wav,real/real_samples_01878_1995_1837_000014_000000.wav,real,0,samples,3.23,24000,1,155084,5e30a3ef4e36f3ca...
real_samples_01879_1995_1837_000014_000001.wav,real/real_samples_01879_1995_1837_000014_000001.wav,real,0,samples,12.65,24000,1,607244,c1ab97baf1ab698d...
real_samples_01880_1995_1837_000015_000003.wav,real/real_samples_01880_1995_1837_000015_000003.wav,real,0,samples,11.95,24000,1,573644,f5aca81b1927c0f5...
real_samples_01881_1995_1837_000016_000001.wav,real/real_samples_01881_1995_1837_000016_000001.wav,real,0,samples,12.14,24000,1,582764,4fa5d5277d76afee...
real_samples_01882_1995_1837_000017_000000.wav,real/real_samples_01882_1995_1837_000017_000000.wav,real,0,samples,3.45,24000,1,165644,7a7a5c0616b50010...
real_samples_01883_1995_1837_000019_000001.wav,real/real_samples_01883_1995_1837_000019_000001.wav,real,0,samples,6.55,24000,1,314444,3db0789cdbecb384...
real_samples_01884_1995_1837_000019_000002.wav,real/real_samples_01884_1995_1837_000019_000002.wav,real,0,samples,7.85,24000,1,376844,5535dd4145e12497...
real_samples_01885_1995_1837_000020_000000.wav,real/real_samples_01885_1995_1837_000020_000000.wav,real,0,samples,3.12,24000,1,149804,c69dfd726e5e9dfd...
real_samples_01886_1995_1837_000020_000001.wav,real/real_samples_01886_1995_1837_000020_000001.wav,real,0,samples,16.68,24000,1,800684,f788dfeedc7ee065...
real_samples_01887_1995_1837_000021_000002.wav,real/real_samples_01887_1995_1837_000021_000002.wav,real,0,samples,5.1,24000,1,244844,bf75a4998aa82b04...
real_samples_01888_1995_1837_000021_000003.wav,real/real_samples_01888_1995_1837_000021_000003.wav,real,0,samples,9.49,24000,1,455564,46af021aec85f693...
real_samples_01889_1995_1837_000022_000003.wav,real/real_samples_01889_1995_1837_000022_000003.wav,real,0,samples,12.89,24000,1,618764,c579124a68cc7181...
real_samples_01890_1995_1837_000023_000003.wav,real/real_samples_01890_1995_1837_000023_000003.wav,real,0,samples,4.24,24000,1,203562,2bfd1514af374409...
real_samples_01891_1995_1837_000023_000006.wav,real/real_samples_01891_1995_1837_000023_000006.wav,real,0,samples,6.65,24000,1,319244,58fe7fd3f1d53531...
real_samples_01892_1995_1837_000024_000000.wav,real/real_samples_01892_1995_1837_000024_000000.wav,real,0,samples,3.88,24000,1,186284,2f81f858cafefcf4...
real_samples_01893_1995_1837_000024_000003.wav,real/real_samples_01893_1995_1837_000024_000003.wav,real,0,samples,4.2,24000,1,201644,71cede5661636d71...
real_samples_01894_1995_1837_000025_000000.wav,real/real_samples_01894_1995_1837_000025_000000.wav,real,0,samples,7.11,24000,1,341322,d318c7cfbad9123a...
real_samples_01895_1995_1837_000026_000002.wav,real/real_samples_01895_1995_1837_000026_000002.wav,real,0,samples,5.14,24000,1,246762,c564951e30fb9ab0...
real_samples_01896_1995_1837_000026_000003.wav,real/real_samples_01896_1995_1837_000026_000003.wav,real,0,samples,12.4,24000,1,595246,727cf932b72e4093...
real_samples_01897_2300_131720_000002_000002.wav,real/real_samples_01897_2300_131720_000002_000002.wav,real,0,samples,13.84,24000,1,664364,086d73f0640c07f6...
real_samples_01898_2300_131720_000002_000003.wav,real/real_samples_01898_2300_131720_000002_000003.wav,real,0,samples,12.29,24000,1,589964,b57617a7f0bf7690...
real_samples_01899_2300_131720_000003_000000.wav,real/real_samples_01899_2300_131720_000003_000000.wav,real,0,samples,14.77,24000,1,709004,1f164b3ecebab387...
real_samples_01900_2300_131720_000003_000001.wav,real/real_samples_01900_2300_131720_000003_000001.wav,real,0,samples,6.46,24000,1,310124,1a9128d78416c1b3...
real_samples_01901_2300_131720_000003_000002.wav,real/real_samples_01901_2300_131720_000003_000002.wav,real,0,samples,9.76,24000,1,468524,bd34f805e8a530ff...
real_samples_01902_2300_131720_000003_000003.wav,real/real_samples_01902_2300_131720_000003_000003.wav,real,0,samples,15.83,24000,1,759884,2be2df3bdf770fd5...
real_samples_01903_2300_131720_000004_000000.wav,real/real_samples_01903_2300_131720_000004_000000.wav,real,0,samples,9.73,24000,1,467084,fde3e7036748bb05...
real_samples_01904_2300_131720_000004_000001.wav,real/real_samples_01904_2300_131720_000004_000001.wav,real,0,samples,18.71,24000,1,898124,fe09b76ee220b735...
real_samples_01905_2300_131720_000004_000002.wav,real/real_samples_01905_2300_131720_000004_000002.wav,real,0,samples,18.3,24000,1,878444,4f6d441b6a6da0a3...
real_samples_01906_2300_131720_000004_000003.wav,real/real_samples_01906_2300_131720_000004_000003.wav,real,0,samples,18.98,24000,1,911084,f7d9367141712a0c...
real_samples_01907_2300_131720_000004_000006.wav,real/real_samples_01907_2300_131720_000004_000006.wav,real,0,samples,6.13,24000,1,294284,b09aba04d7809b1b...
real_samples_01908_2300_131720_000004_000007.wav,real/real_samples_01908_2300_131720_000004_000007.wav,real,0,samples,17.55,24000,1,842444,613348ae4468ef04...
real_samples_01909_2300_131720_000004_000011.wav,real/real_samples_01909_2300_131720_000004_000011.wav,real,0,samples,8.78,24000,1,421484,cd15eaf22cae6e49...
real_samples_01910_2300_131720_000004_000012.wav,real/real_samples_01910_2300_131720_000004_000012.wav,real,0,samples,5.89,24000,1,282764,4233f46745194134...
real_samples_01911_2300_131720_000005_000001.wav,real/real_samples_01911_2300_131720_000005_000001.wav,real,0,samples,17.14,24000,1,822764,7b2755353f1f1da7...
real_samples_01912_2300_131720_000005_000002.wav,real/real_samples_01912_2300_131720_000005_000002.wav,real,0,samples,9.09,24000,1,436364,d169698793b8b27f...
real_samples_01913_2300_131720_000005_000003.wav,real/real_samples_01913_2300_131720_000005_000003.wav,real,0,samples,10.4,24000,1,499244,246ae45403c6c5bb...
real_samples_01914_2300_131720_000005_000005.wav,real/real_samples_01914_2300_131720_000005_000005.wav,real,0,samples,22.55,24000,1,1082444,72973c413debba23...
real_samples_01915_2300_131720_000005_000006.wav,real/real_samples_01915_2300_131720_000005_000006.wav,real,0,samples,19.29,24000,1,925964,8cf0a4b072cdf1b7...
real_samples_01916_2300_131720_000006_000001.wav,real/real_samples_01916_2300_131720_000006_000001.wav,real,0,samples,5.28,24000,1,253486,41d37504b094f0f7...
real_samples_01917_2300_131720_000006_000002.wav,real/real_samples_01917_2300_131720_000006_000002.wav,real,0,samples,21.17,24000,1,1016206,3ebc956f8c728599...
real_samples_01918_2300_131720_000006_000004.wav,real/real_samples_01918_2300_131720_000006_000004.wav,real,0,samples,4.43,24000,1,212682,a115e68905099bd7...
real_samples_01919_2300_131720_000006_000005.wav,real/real_samples_01919_2300_131720_000006_000005.wav,real,0,samples,18.07,24000,1,867404,ec4e7f87f52aab92...
real_samples_01920_2300_131720_000007_000000.wav,real/real_samples_01920_2300_131720_000007_000000.wav,real,0,samples,6.86,24000,1,329324,a7b07baa723308d2...
real_samples_01921_2300_131720_000007_000001.wav,real/real_samples_01921_2300_131720_000007_000001.wav,real,0,samples,8.43,24000,1,404684,c673d1708f07ff6b...
real_samples_01922_2300_131720_000008_000004.wav,real/real_samples_01922_2300_131720_000008_000004.wav,real,0,samples,8.0,24000,1,384044,fd670a7fceb63ef6...
real_samples_01923_2300_131720_000008_000005.wav,real/real_samples_01923_2300_131720_000008_000005.wav,real,0,samples,7.39,24000,1,354766,a06a403a8a03a866...
real_samples_01924_2300_131720_000008_000007.wav,real/real_samples_01924_2300_131720_000008_000007.wav,real,0,samples,5.51,24000,1,264520,5da8f1995813b0a9...
real_samples_01925_2300_131720_000008_000009.wav,real/real_samples_01925_2300_131720_000008_000009.wav,real,0,samples,6.32,24000,1,303404,a37cb9b6a6db8ed2...
real_samples_01926_2300_131720_000010_000004.wav,real/real_samples_01926_2300_131720_000010_000004.wav,real,0,samples,14.4,24000,1,691242,c252e4283af27299...
real_samples_01927_2300_131720_000012_000000.wav,real/real_samples_01927_2300_131720_000012_000000.wav,real,0,samples,14.11,24000,1,677322,ba89c40895c8fc1c...
real_samples_01928_2300_131720_000012_000001.wav,real/real_samples_01928_2300_131720_000012_000001.wav,real,0,samples,14.24,24000,1,683562,aeff7bd4efdd6cd8...
real_samples_01929_2300_131720_000012_000002.wav,real/real_samples_01929_2300_131720_000012_000002.wav,real,0,samples,27.9,24000,1,1339242,526524f7810ddfd0...
real_samples_01930_2300_131720_000013_000000.wav,real/real_samples_01930_2300_131720_000013_000000.wav,real,0,samples,12.97,24000,1,622604,a30e55267c6070a0...
real_samples_01931_2300_131720_000013_000002.wav,real/real_samples_01931_2300_131720_000013_000002.wav,real,0,samples,12.92,24000,1,620206,aa25d576903479a7...
real_samples_01932_2300_131720_000013_000007.wav,real/real_samples_01932_2300_131720_000013_000007.wav,real,0,samples,15.57,24000,1,747402,d3b045b36ca8a50c...
real_samples_01933_2300_131720_000015_000003.wav,real/real_samples_01933_2300_131720_000015_000003.wav,real,0,samples,12.97,24000,1,622604,d6c710fe22b6fae8...
real_samples_01934_2300_131720_000016_000004.wav,real/real_samples_01934_2300_131720_000016_000004.wav,real,0,samples,3.37,24000,1,161804,41bfb1ba38fce3eb...
real_samples_01935_2300_131720_000016_000005.wav,real/real_samples_01935_2300_131720_000016_000005.wav,real,0,samples,6.72,24000,1,322608,53b5ebb7ee106260...
real_samples_01936_2300_131720_000016_000006.wav,real/real_samples_01936_2300_131720_000016_000006.wav,real,0,samples,3.56,24000,1,170926,f5eeb35abe968aa2...
real_samples_01937_2300_131720_000016_000008.wav,real/real_samples_01937_2300_131720_000016_000008.wav,real,0,samples,4.92,24000,1,236202,c70d0fd7a8b37192...
real_samples_01938_2300_131720_000016_000009.wav,real/real_samples_01938_2300_131720_000016_000009.wav,real,0,samples,3.31,24000,1,158922,5becfba02a61744f...
real_samples_01939_2300_131720_000016_000010.wav,real/real_samples_01939_2300_131720_000016_000010.wav,real,0,samples,9.37,24000,1,449804,435f69801bfa3078...
real_samples_01940_2300_131720_000016_000012.wav,real/real_samples_01940_2300_131720_000016_000012.wav,real,0,samples,6.36,24000,1,305324,564ebeeb8de1e7cb...
real_samples_01941_2300_131720_000016_000013.wav,real/real_samples_01941_2300_131720_000016_000013.wav,real,0,samples,3.82,24000,1,183406,fb36b341712a15bf...
real_samples_01942_2300_131720_000016_000014.wav,real/real_samples_01942_2300_131720_000016_000014.wav,real,0,samples,4.21,24000,1,202128,6c308739ac05a743...
real_samples_01943_2300_131720_000017_000001.wav,real/real_samples_01943_2300_131720_000017_000001.wav,real,0,samples,12.36,24000,1,593324,ecc58b94ebc7fff0...
real_samples_01944_2300_131720_000017_000002.wav,real/real_samples_01944_2300_131720_000017_000002.wav,real,0,samples,14.56,24000,1,698928,82b201eecd16bc15...
real_samples_01945_2300_131720_000018_000000.wav,real/real_samples_01945_2300_131720_000018_000000.wav,real,0,samples,11.45,24000,1,549648,a69455eca6a5b178...
real_samples_01946_2300_131720_000018_000001.wav,real/real_samples_01946_2300_131720_000018_000001.wav,real,0,samples,10.2,24000,1,489648,95d92a67182cbbb5...
real_samples_01947_2300_131720_000018_000002.wav,real/real_samples_01947_2300_131720_000018_000002.wav,real,0,samples,14.49,24000,1,695562,41227b67e4d23425...
real_samples_01948_2300_131720_000019_000000.wav,real/real_samples_01948_2300_131720_000019_000000.wav,real,0,samples,18.53,24000,1,889480,64c363815ec750c4...
real_samples_01949_2300_131720_000019_000001.wav,real/real_samples_01949_2300_131720_000019_000001.wav,real,0,samples,5.8,24000,1,278448,6af2365a242ecb6b...
real_samples_01950_2300_131720_000019_000002.wav,real/real_samples_01950_2300_131720_000019_000002.wav,real,0,samples,17.17,24000,1,824206,a139e900f77a5198...
real_samples_01951_2300_131720_000019_000003.wav,real/real_samples_01951_2300_131720_000019_000003.wav,real,0,samples,20.75,24000,1,996044,9ce6eecc6d1a5a4f...
real_samples_01952_2300_131720_000019_000004.wav,real/real_samples_01952_2300_131720_000019_000004.wav,real,0,samples,19.29,24000,1,925966,e805a09f8add089f...
real_samples_01953_2300_131720_000020_000001.wav,real/real_samples_01953_2300_131720_000020_000001.wav,real,0,samples,12.8,24000,1,614446,91e618ad9d48eed0...
real_samples_01954_2300_131720_000020_000002.wav,real/real_samples_01954_2300_131720_000020_000002.wav,real,0,samples,20.3,24000,1,974446,97bf688b955ab578...
real_samples_01955_2300_131720_000020_000003.wav,real/real_samples_01955_2300_131720_000020_000003.wav,real,0,samples,8.0,24000,1,384044,b342ae15560fc589...
real_samples_01956_2300_131720_000020_000006.wav,real/real_samples_01956_2300_131720_000020_000006.wav,real,0,samples,10.8,24000,1,518448,73ef948a0022f283...
real_samples_01957_2300_131720_000020_000007.wav,real/real_samples_01957_2300_131720_000020_000007.wav,real,0,samples,14.68,24000,1,704682,130af9b169a43d99...
real_samples_01958_2300_131720_000020_000008.wav,real/real_samples_01958_2300_131720_000020_000008.wav,real,0,samples,5.91,24000,1,283720,061ea26823e4b073...
real_samples_01959_2300_131720_000021_000001.wav,real/real_samples_01959_2300_131720_000021_000001.wav,real,0,samples,22.62,24000,1,1085804,2a4b9edcee3d1ca4...
real_samples_01960_2300_131720_000021_000006.wav,real/real_samples_01960_2300_131720_000021_000006.wav,real,0,samples,17.19,24000,1,825168,182621b7e4cd5e54...
real_samples_01961_2300_131720_000022_000003.wav,real/real_samples_01961_2300_131720_000022_000003.wav,real,0,samples,9.32,24000,1,447408,d27153ccb2aa87bb...
real_samples_01962_2300_131720_000023_000000.wav,real/real_samples_01962_2300_131720_000023_000000.wav,real,0,samples,24.58,24000,1,1179882,1a183bc7ede06096...
real_samples_01963_2300_131720_000023_000003.wav,real/real_samples_01963_2300_131720_000023_000003.wav,real,0,samples,6.27,24000,1,301006,0706b9042a1cf2cb...
real_samples_01964_2300_131720_000024_000002.wav,real/real_samples_01964_2300_131720_000024_000002.wav,real,0,samples,7.45,24000,1,357646,c34c9e8c96083adc...
real_samples_01965_2300_131720_000024_000003.wav,real/real_samples_01965_2300_131720_000024_000003.wav,real,0,samples,4.93,24000,1,236680,d5e8e502c62affcc...
real_samples_01966_2300_131720_000024_000004.wav,real/real_samples_01966_2300_131720_000024_000004.wav,real,0,samples,9.32,24000,1,447396,d8d9493355d1f1e2...
real_samples_01967_2300_131720_000025_000002.wav,real/real_samples_01967_2300_131720_000025_000002.wav,real,0,samples,3.96,24000,1,190122,b778eb3fefed2177...
real_samples_01968_2300_131720_000025_000005.wav,real/real_samples_01968_2300_131720_000025_000005.wav,real,0,samples,5.09,24000,1,244356,a2fcc547c84b3412...
real_samples_01969_2300_131720_000025_000006.wav,real/real_samples_01969_2300_131720_000025_000006.wav,real,0,samples,8.13,24000,1,390280,229689c35d3f3ad9...
real_samples_01970_2300_131720_000025_000007.wav,real/real_samples_01970_2300_131720_000025_000007.wav,real,0,samples,5.75,24000,1,276044,f3ccff576572526f...
real_samples_01971_2300_131720_000025_000008.wav,real/real_samples_01971_2300_131720_000025_000008.wav,real,0,samples,9.8,24000,1,470434,5ffaa33d51f99fa3...
real_samples_01972_2300_131720_000026_000000.wav,real/real_samples_01972_2300_131720_000026_000000.wav,real,0,samples,6.56,24000,1,314926,025aa7f5f4056369...
real_samples_01973_2300_131720_000026_000001.wav,real/real_samples_01973_2300_131720_000026_000001.wav,real,0,samples,9.85,24000,1,472836,aaae1b9ba421aee2...
real_samples_01974_2300_131720_000026_000002.wav,real/real_samples_01974_2300_131720_000026_000002.wav,real,0,samples,14.95,24000,1,717642,23083c05d1b90c30...
real_samples_01975_2300_131720_000026_000003.wav,real/real_samples_01975_2300_131720_000026_000003.wav,real,0,samples,4.81,24000,1,230914,4e2357314fe4ec02...
real_samples_01976_2300_131720_000026_000004.wav,real/real_samples_01976_2300_131720_000026_000004.wav,real,0,samples,13.82,24000,1,663396,843a2184b48184f5...
real_samples_01977_2300_131720_000026_000006.wav,real/real_samples_01977_2300_131720_000026_000006.wav,real,0,samples,16.9,24000,1,811240,6ceb0203f0162188...
real_samples_01978_2300_131720_000026_000007.wav,real/real_samples_01978_2300_131720_000026_000007.wav,real,0,samples,5.12,24000,1,245798,f4d0359987a9d141...
real_samples_01979_2300_131720_000030_000000.wav,real/real_samples_01979_2300_131720_000030_000000.wav,real,0,samples,11.77,24000,1,565004,9fd2daea7b37f118...
real_samples_01980_2300_131720_000030_000001.wav,real/real_samples_01980_2300_131720_000030_000001.wav,real,0,samples,6.65,24000,1,319240,f4b8420c88c2f79e...
real_samples_01981_2300_131720_000030_000003.wav,real/real_samples_01981_2300_131720_000030_000003.wav,real,0,samples,5.28,24000,1,253486,3bc7c3eebc7011bd...
real_samples_01982_2300_131720_000030_000005.wav,real/real_samples_01982_2300_131720_000030_000005.wav,real,0,samples,5.0,24000,1,240044,fc2a5ca5bdd837c8...
real_samples_01983_2300_131720_000032_000000.wav,real/real_samples_01983_2300_131720_000032_000000.wav,real,0,samples,22.95,24000,1,1101642,4f42c070c47cdc3b...
real_samples_01984_2300_131720_000032_000004.wav,real/real_samples_01984_2300_131720_000032_000004.wav,real,0,samples,10.02,24000,1,481006,8c202c15437653af...
real_samples_01985_2300_131720_000032_000005.wav,real/real_samples_01985_2300_131720_000032_000005.wav,real,0,samples,5.97,24000,1,286602,597d7bdfda1cbda4...
real_samples_01986_2300_131720_000033_000000.wav,real/real_samples_01986_2300_131720_000033_000000.wav,real,0,samples,11.63,24000,1,558278,ba3186db8bcef78a...
real_samples_01987_2300_131720_000033_000001.wav,real/real_samples_01987_2300_131720_000033_000001.wav,real,0,samples,10.12,24000,1,485798,e549ff549fcaeb41...
real_samples_01988_2300_131720_000033_000003.wav,real/real_samples_01988_2300_131720_000033_000003.wav,real,0,samples,7.61,24000,1,365316,40623d0b4b1d4c07...
real_samples_01989_2300_131720_000033_000004.wav,real/real_samples_01989_2300_131720_000033_000004.wav,real,0,samples,19.52,24000,1,937004,7db5d88f392ace62...
real_samples_01990_2300_131720_000033_000005.wav,real/real_samples_01990_2300_131720_000033_000005.wav,real,0,samples,17.75,24000,1,852044,5e4f86a6549dd675...
real_samples_01991_2300_131720_000033_000006.wav,real/real_samples_01991_2300_131720_000033_000006.wav,real,0,samples,18.09,24000,1,868356,31c5d8644660e41f...
real_samples_01992_2300_131720_000033_000008.wav,real/real_samples_01992_2300_131720_000033_000008.wav,real,0,samples,23.02,24000,1,1105004,127085172bc821d9...
real_samples_01993_2300_131720_000034_000001.wav,real/real_samples_01993_2300_131720_000034_000001.wav,real,0,samples,15.76,24000,1,756524,340496fe1ddc766a...
real_samples_01994_2300_131720_000034_000003.wav,real/real_samples_01994_2300_131720_000034_000003.wav,real,0,samples,13.37,24000,1,641798,2fe203e1b5f84f5e...
real_samples_01995_2300_131720_000034_000005.wav,real/real_samples_01995_2300_131720_000034_000005.wav,real,0,samples,5.16,24000,1,247720,ee6c8c2d8a593565...
real_samples_01996_2300_131720_000034_000008.wav,real/real_samples_01996_2300_131720_000034_000008.wav,real,0,samples,5.01,24000,1,240526,c6cec2a112a59c01...
real_samples_01997_2300_131720_000035_000001.wav,real/real_samples_01997_2300_131720_000035_000001.wav,real,0,samples,8.75,24000,1,420044,8026425dcc2b1def...
real_samples_01998_2300_131720_000035_000002.wav,real/real_samples_01998_2300_131720_000035_000002.wav,real,0,samples,4.5,24000,1,216044,26409150d07f8abc...
real_samples_01999_2300_131720_000035_000003.wav,real/real_samples_01999_2300_131720_000035_000003.wav,real,0,samples,10.18,24000,1,488680,5c3c7c9bbcb3a6df...
real_samples_02000_2300_131720_000035_000004.wav,real/real_samples_02000_2300_131720_000035_000004.wav,real,0,samples,4.14,24000,1,198758,ad6438275c9622b2...
real_samples_02001_2300_131720_000037_000001.wav,real/real_samples_02001_2300_131720_000037_000001.wav,real,0,samples,8.43,24000,1,404680,f728d0a083ccd80d...
real_samples_02002_2300_131720_000037_000002.wav,real/real_samples_02002_2300_131720_000037_000002.wav,real,0,samples,12.65,24000,1,607240,b37367f73501c071...
real_samples_02003_2300_131720_000037_000003.wav,real/real_samples_02003_2300_131720_000037_000003.wav,real,0,samples,16.99,24000,1,815564,42e699baeac8044d...
real_samples_02004_2300_131720_000038_000000.wav,real/real_samples_02004_2300_131720_000038_000000.wav,real,0,samples,8.12,24000,1,389798,ea6db4c561e8587b...
real_samples_02005_2300_131720_000038_000001.wav,real/real_samples_02005_2300_131720_000038_000001.wav,real,0,samples,4.29,24000,1,205966,eb4d7e8b7f9a0600...
real_samples_02006_2300_131720_000038_000002.wav,real/real_samples_02006_2300_131720_000038_000002.wav,real,0,samples,9.8,24000,1,470436,59c046e5ff50618f...
real_samples_02007_2300_131720_000038_000005.wav,real/real_samples_02007_2300_131720_000038_000005.wav,real,0,samples,17.61,24000,1,845318,f6fe7796b8bbe785...
real_samples_02008_2300_131720_000038_000006.wav,real/real_samples_02008_2300_131720_000038_000006.wav,real,0,samples,18.43,24000,1,884680,775044d4bb35ae0d...
real_samples_02009_2300_131720_000039_000003.wav,real/real_samples_02009_2300_131720_000039_000003.wav,real,0,samples,8.41,24000,1,403720,ddd9adfaa7f05461...
real_samples_02010_2300_131720_000039_000005.wav,real/real_samples_02010_2300_131720_000039_000005.wav,real,0,samples,4.85,24000,1,232836,df303374494e30d8...
real_samples_02011_2300_131720_000039_000007.wav,real/real_samples_02011_2300_131720_000039_000007.wav,real,0,samples,6.15,24000,1,295240,034e9f450af8a149...
real_samples_02012_2300_131720_000039_000010.wav,real/real_samples_02012_2300_131720_000039_000010.wav,real,0,samples,6.7,24000,1,321642,25dcdd93c587437d...
real_samples_02013_2300_131720_000040_000001.wav,real/real_samples_02013_2300_131720_000040_000001.wav,real,0,samples,11.4,24000,1,547240,471289d387a43b59...
real_samples_02014_2300_131720_000040_000002.wav,real/real_samples_02014_2300_131720_000040_000002.wav,real,0,samples,3.9,24000,1,187240,5eecb88ed8a87feb...
real_samples_02015_2300_131720_000040_000004.wav,real/real_samples_02015_2300_131720_000040_000004.wav,real,0,samples,9.0,24000,1,432044,57cd90ae69508029...
real_samples_02016_2300_131720_000040_000005.wav,real/real_samples_02016_2300_131720_000040_000005.wav,real,0,samples,5.88,24000,1,282278,08ebeab093b99cb7...
real_samples_02017_2300_131720_000040_000006.wav,real/real_samples_02017_2300_131720_000040_000006.wav,real,0,samples,12.15,24000,1,583240,c757a9480eb2b2a3...
real_samples_02018_2300_131720_000041_000001.wav,real/real_samples_02018_2300_131720_000041_000001.wav,real,0,samples,9.56,24000,1,458914,6427a0cc8d841a20...
real_samples_02019_2300_131720_000041_000002.wav,real/real_samples_02019_2300_131720_000041_000002.wav,real,0,samples,8.55,24000,1,410434,f485d101643d325b...
real_samples_02020_2300_131720_000042_000000.wav,real/real_samples_02020_2300_131720_000042_000000.wav,real,0,samples,13.41,24000,1,643718,3a151705fe481cd7...
real_samples_02021_2300_131720_000042_000001.wav,real/real_samples_02021_2300_131720_000042_000001.wav,real,0,samples,7.64,24000,1,366760,0577f9ab5c0e1a2a...
real_samples_02022_2300_131720_000042_000002.wav,real/real_samples_02022_2300_131720_000042_000002.wav,real,0,samples,5.51,24000,1,264524,fe742a7c0d29d9f4...
real_samples_02023_2300_131720_000042_000003.wav,real/real_samples_02023_2300_131720_000042_000003.wav,real,0,samples,6.73,24000,1,323082,3e218d84e6312a23...
real_samples_02024_2300_131720_000042_000004.wav,real/real_samples_02024_2300_131720_000042_000004.wav,real,0,samples,7.84,24000,1,376356,e13669989cf580dc...
real_samples_02025_2300_131720_000043_000001.wav,real/real_samples_02025_2300_131720_000043_000001.wav,real,0,samples,21.22,24000,1,1018602,e8051a90f6207b2a...
real_samples_02026_2300_131720_000044_000001.wav,real/real_samples_02026_2300_131720_000044_000001.wav,real,0,samples,13.65,24000,1,655240,40047826c17bef4c...
real_samples_02027_237_126133_000002_000004.wav,real/real_samples_02027_237_126133_000002_000004.wav,real,0,samples,6.58,24000,1,315884,fa3e16d79a367a38...
real_samples_02028_237_126133_000003_000000.wav,real/real_samples_02028_237_126133_000003_000000.wav,real,0,samples,6.88,24000,1,330284,3308c2374be5126e...
real_samples_02029_237_126133_000004_000000.wav,real/real_samples_02029_237_126133_000004_000000.wav,real,0,samples,12.63,24000,1,606284,0490823e180eeb32...
real_samples_02030_237_126133_000005_000000.wav,real/real_samples_02030_237_126133_000005_000000.wav,real,0,samples,11.04,24000,1,529964,c26e1ef8a0b90f05...
real_samples_02031_237_126133_000007_000001.wav,real/real_samples_02031_237_126133_000007_000001.wav,real,0,samples,8.06,24000,1,386924,56e2caaddc20fe2f...
real_samples_02032_237_126133_000008_000000.wav,real/real_samples_02032_237_126133_000008_000000.wav,real,0,samples,6.9,24000,1,331244,a13d21ef32c0b9ed...
real_samples_02033_237_126133_000009_000000.wav,real/real_samples_02033_237_126133_000009_000000.wav,real,0,samples,7.04,24000,1,337964,cbe565222137fcf8...
real_samples_02034_237_126133_000010_000000.wav,real/real_samples_02034_237_126133_000010_000000.wav,real,0,samples,10.17,24000,1,488204,783ed948b79d054e...
real_samples_02035_237_126133_000011_000000.wav,real/real_samples_02035_237_126133_000011_000000.wav,real,0,samples,7.84,24000,1,376364,9f17cec663a68f7e...
real_samples_02036_237_126133_000012_000000.wav,real/real_samples_02036_237_126133_000012_000000.wav,real,0,samples,10.77,24000,1,517004,3ae704bdcf2dac64...
real_samples_02037_237_126133_000013_000000.wav,real/real_samples_02037_237_126133_000013_000000.wav,real,0,samples,7.49,24000,1,359564,54ba2aca6acf601f...
real_samples_02038_237_126133_000014_000000.wav,real/real_samples_02038_237_126133_000014_000000.wav,real,0,samples,4.45,24000,1,213644,b83dde4868b68674...
real_samples_02039_237_126133_000014_000001.wav,real/real_samples_02039_237_126133_000014_000001.wav,real,0,samples,8.46,24000,1,406124,a7b08fda1715760a...
real_samples_02040_237_126133_000015_000001.wav,real/real_samples_02040_237_126133_000015_000001.wav,real,0,samples,6.08,24000,1,291884,99727be99339d5be...
real_samples_02041_237_126133_000015_000004.wav,real/real_samples_02041_237_126133_000015_000004.wav,real,0,samples,4.18,24000,1,200684,cd6a0ae88f2465bc...
real_samples_02042_237_126133_000016_000000.wav,real/real_samples_02042_237_126133_000016_000000.wav,real,0,samples,6.41,24000,1,307724,e1c45018a4404275...
real_samples_02043_237_126133_000017_000001.wav,real/real_samples_02043_237_126133_000017_000001.wav,real,0,samples,3.76,24000,1,180524,7cc91ccbb3affa90...
real_samples_02044_237_126133_000019_000000.wav,real/real_samples_02044_237_126133_000019_000000.wav,real,0,samples,3.56,24000,1,170924,3eb774ad43751bf6...
real_samples_02045_237_126133_000020_000000.wav,real/real_samples_02045_237_126133_000020_000000.wav,real,0,samples,3.4,24000,1,163244,bac60760a2e10520...
real_samples_02046_237_126133_000021_000000.wav,real/real_samples_02046_237_126133_000021_000000.wav,real,0,samples,5.35,24000,1,256844,e56ddc628ab2e80c...
real_samples_02047_237_126133_000023_000000.wav,real/real_samples_02047_237_126133_000023_000000.wav,real,0,samples,7.71,24000,1,370124,56cb72c4174771a1...
real_samples_02048_237_126133_000024_000000.wav,real/real_samples_02048_237_126133_000024_000000.wav,real,0,samples,5.42,24000,1,260204,e97961f965e4fd15...
real_samples_02049_237_126133_000025_000001.wav,real/real_samples_02049_237_126133_000025_000001.wav,real,0,samples,7.11,24000,1,341324,176ee9b5febcaabc...
real_samples_02050_237_126133_000026_000000.wav,real/real_samples_02050_237_126133_000026_000000.wav,real,0,samples,3.34,24000,1,160364,2e693169b6559456...
real_samples_02051_237_126133_000027_000000.wav,real/real_samples_02051_237_126133_000027_000000.wav,real,0,samples,3.91,24000,1,187724,acd861a1e41eb5f1...
real_samples_02052_237_126133_000028_000000.wav,real/real_samples_02052_237_126133_000028_000000.wav,real,0,samples,6.38,24000,1,306284,5fcb625177a340ea...
real_samples_02053_237_126133_000029_000000.wav,real/real_samples_02053_237_126133_000029_000000.wav,real,0,samples,5.04,24000,1,241964,cca2129f791eeb68...
real_samples_02054_237_126133_000030_000000.wav,real/real_samples_02054_237_126133_000030_000000.wav,real,0,samples,3.55,24000,1,170444,4c1a39cd8e20e480...
real_samples_02055_237_126133_000031_000000.wav,real/real_samples_02055_237_126133_000031_000000.wav,real,0,samples,6.71,24000,1,322124,52a5908b1ac2e58f...
real_samples_02056_237_126133_000032_000000.wav,real/real_samples_02056_237_126133_000032_000000.wav,real,0,samples,4.23,24000,1,203084,9cb05f2829a022a6...
real_samples_02057_237_126133_000033_000000.wav,real/real_samples_02057_237_126133_000033_000000.wav,real,0,samples,4.12,24000,1,197804,5ac96839f2636a1f...
real_samples_02058_237_126133_000033_000001.wav,real/real_samples_02058_237_126133_000033_000001.wav,real,0,samples,13.73,24000,1,659084,e701ebff20688fb7...
real_samples_02059_237_126133_000034_000000.wav,real/real_samples_02059_237_126133_000034_000000.wav,real,0,samples,5.99,24000,1,287564,c7c97f53239dec4c...
real_samples_02060_237_126133_000035_000000.wav,real/real_samples_02060_237_126133_000035_000000.wav,real,0,samples,4.37,24000,1,209804,b499574bb213c8d1...
real_samples_02061_237_126133_000036_000000.wav,real/real_samples_02061_237_126133_000036_000000.wav,real,0,samples,7.47,24000,1,358604,339f9fb312ea5485...
real_samples_02062_237_126133_000037_000000.wav,real/real_samples_02062_237_126133_000037_000000.wav,real,0,samples,5.36,24000,1,257324,db788e47bb021f77...
real_samples_02063_237_126133_000038_000000.wav,real/real_samples_02063_237_126133_000038_000000.wav,real,0,samples,6.42,24000,1,308204,2606a8ffa88b4466...
real_samples_02064_237_126133_000041_000000.wav,real/real_samples_02064_237_126133_000041_000000.wav,real,0,samples,8.35,24000,1,400844,7315ae70721a8d2b...
real_samples_02065_237_126133_000043_000000.wav,real/real_samples_02065_237_126133_000043_000000.wav,real,0,samples,5.17,24000,1,248204,cf13eb1094518553...
real_samples_02066_237_126133_000046_000000.wav,real/real_samples_02066_237_126133_000046_000000.wav,real,0,samples,5.26,24000,1,252524,36380a3ec3cb06b8...
real_samples_02067_237_126133_000047_000000.wav,real/real_samples_02067_237_126133_000047_000000.wav,real,0,samples,3.35,24000,1,160844,b051e2d1425bc23e...
real_samples_02068_237_126133_000048_000000.wav,real/real_samples_02068_237_126133_000048_000000.wav,real,0,samples,6.83,24000,1,327884,175e618718f200d4...
real_samples_02069_237_126133_000049_000000.wav,real/real_samples_02069_237_126133_000049_000000.wav,real,0,samples,12.5,24000,1,600044,9c743b63a9b3bc91...
real_samples_02070_237_126133_000049_000001.wav,real/real_samples_02070_237_126133_000049_000001.wav,real,0,samples,3.15,24000,1,151244,b133174893af4179...
real_samples_02071_237_126133_000050_000000.wav,real/real_samples_02071_237_126133_000050_000000.wav,real,0,samples,11.46,24000,1,550124,fc9e1e11f00bba7b...
real_samples_02072_237_126133_000051_000001.wav,real/real_samples_02072_237_126133_000051_000001.wav,real,0,samples,3.45,24000,1,165644,a98b837210fda3ee...
real_samples_02073_237_126133_000051_000002.wav,real/real_samples_02073_237_126133_000051_000002.wav,real,0,samples,3.97,24000,1,190604,834ea4a58091ed33...
real_samples_02074_237_126133_000054_000000.wav,real/real_samples_02074_237_126133_000054_000000.wav,real,0,samples,6.79,24000,1,325964,75ddd916e80d712f...
real_samples_02075_237_126133_000055_000000.wav,real/real_samples_02075_237_126133_000055_000000.wav,real,0,samples,4.57,24000,1,219404,03bed472ac79d52f...
real_samples_02076_237_126133_000055_000001.wav,real/real_samples_02076_237_126133_000055_000001.wav,real,0,samples,3.31,24000,1,158924,bf6dcbd5dfcbb681...
real_samples_02077_237_126133_000055_000003.wav,real/real_samples_02077_237_126133_000055_000003.wav,real,0,samples,4.06,24000,1,194924,5e7e789bc6cd1ae2...
real_samples_02078_237_126133_000056_000000.wav,real/real_samples_02078_237_126133_000056_000000.wav,real,0,samples,3.35,24000,1,160842,6d87c565047ed785...
real_samples_02079_237_126133_000056_000001.wav,real/real_samples_02079_237_126133_000056_000001.wav,real,0,samples,10.99,24000,1,527568,550e325ba2f18ee5...
real_samples_02080_237_126133_000056_000003.wav,real/real_samples_02080_237_126133_000056_000003.wav,real,0,samples,3.15,24000,1,151242,83ba3800937016b0...
real_samples_02081_237_126133_000057_000000.wav,real/real_samples_02081_237_126133_000057_000000.wav,real,0,samples,17.99,24000,1,863562,ee8b9f1efc0781bd...
real_samples_02082_237_126133_000058_000000.wav,real/real_samples_02082_237_126133_000058_000000.wav,real,0,samples,14.66,24000,1,703724,89bd5662a51e5260...
real_samples_02083_237_126133_000059_000000.wav,real/real_samples_02083_237_126133_000059_000000.wav,real,0,samples,10.53,24000,1,505482,4a606944cc3690cc...
real_samples_02084_237_126133_000060_000000.wav,real/real_samples_02084_237_126133_000060_000000.wav,real,0,samples,5.54,24000,1,265962,c65a596d42774df1...
real_samples_02085_237_134493_000002_000001.wav,real/real_samples_02085_237_134493_000002_000001.wav,real,0,samples,6.93,24000,1,332684,55ab62378c47ba53...
real_samples_02086_237_134493_000002_000002.wav,real/real_samples_02086_237_134493_000002_000002.wav,real,0,samples,5.25,24000,1,252044,81b4bb6e8a7d15c4...
real_samples_02087_237_134493_000002_000003.wav,real/real_samples_02087_237_134493_000002_000003.wav,real,0,samples,5.55,24000,1,266444,47da4449dfc6d29b...
real_samples_02088_237_134493_000002_000004.wav,real/real_samples_02088_237_134493_000002_000004.wav,real,0,samples,10.71,24000,1,514124,e8ca9ec67663c672...
real_samples_02089_237_134493_000002_000005.wav,real/real_samples_02089_237_134493_000002_000005.wav,real,0,samples,4.98,24000,1,239084,9f81cf50038cd8a3...
real_samples_02090_237_134493_000002_000006.wav,real/real_samples_02090_237_134493_000002_000006.wav,real,0,samples,12.16,24000,1,583724,aeddc707ee698066...
real_samples_02091_237_134493_000003_000001.wav,real/real_samples_02091_237_134493_000003_000001.wav,real,0,samples,8.79,24000,1,421964,2688ce09db5b8adb...
real_samples_02092_237_134493_000003_000003.wav,real/real_samples_02092_237_134493_000003_000003.wav,real,0,samples,8.97,24000,1,430604,f239fe7428ac30ba...
real_samples_02093_237_134493_000003_000004.wav,real/real_samples_02093_237_134493_000003_000004.wav,real,0,samples,4.42,24000,1,212204,58b279a24b0b6303...
real_samples_02094_237_134493_000004_000001.wav,real/real_samples_02094_237_134493_000004_000001.wav,real,0,samples,4.63,24000,1,222284,672b342ebb6c0a3e...
real_samples_02095_237_134493_000004_000002.wav,real/real_samples_02095_237_134493_000004_000002.wav,real,0,samples,4.4,24000,1,211244,57dbc0185e6bcd8d...
real_samples_02096_237_134493_000004_000003.wav,real/real_samples_02096_237_134493_000004_000003.wav,real,0,samples,6.46,24000,1,310124,825129acc9864713...
real_samples_02097_237_134493_000005_000000.wav,real/real_samples_02097_237_134493_000005_000000.wav,real,0,samples,10.1,24000,1,484844,9ea5600a6592982a...
real_samples_02098_237_134493_000005_000001.wav,real/real_samples_02098_237_134493_000005_000001.wav,real,0,samples,6.9,24000,1,331244,506bd174e666f3c8...
real_samples_02099_237_134493_000005_000003.wav,real/real_samples_02099_237_134493_000005_000003.wav,real,0,samples,8.45,24000,1,405644,dae5fb69cdc3e2a1...
real_samples_02100_237_134493_000005_000004.wav,real/real_samples_02100_237_134493_000005_000004.wav,real,0,samples,10.51,24000,1,504524,7bf708daf811b182...
real_samples_02101_237_134493_000005_000005.wav,real/real_samples_02101_237_134493_000005_000005.wav,real,0,samples,12.56,24000,1,602924,cc1733d5dc6991f1...
real_samples_02102_237_134493_000006_000000.wav,real/real_samples_02102_237_134493_000006_000000.wav,real,0,samples,13.02,24000,1,625004,88422c8ff057ce72...
real_samples_02103_237_134493_000006_000001.wav,real/real_samples_02103_237_134493_000006_000001.wav,real,0,samples,4.47,24000,1,214604,537bd98746bf0796...
real_samples_02104_237_134493_000006_000002.wav,real/real_samples_02104_237_134493_000006_000002.wav,real,0,samples,9.3,24000,1,446444,e626c7b98de36126...
real_samples_02105_237_134493_000006_000003.wav,real/real_samples_02105_237_134493_000006_000003.wav,real,0,samples,16.32,24000,1,783404,0cbab61a96349a42...
real_samples_02106_237_134493_000006_000004.wav,real/real_samples_02106_237_134493_000006_000004.wav,real,0,samples,10.8,24000,1,518444,a9097e44962bee33...
real_samples_02107_237_134493_000007_000000.wav,real/real_samples_02107_237_134493_000007_000000.wav,real,0,samples,5.97,24000,1,286604,1ab449e1b849e27a...
real_samples_02108_237_134493_000007_000001.wav,real/real_samples_02108_237_134493_000007_000001.wav,real,0,samples,5.33,24000,1,255884,246cd88525c76a27...
real_samples_02109_237_134493_000007_000002.wav,real/real_samples_02109_237_134493_000007_000002.wav,real,0,samples,18.75,24000,1,900044,dcb4a8fe5f79f261...
real_samples_02110_237_134493_000007_000003.wav,real/real_samples_02110_237_134493_000007_000003.wav,real,0,samples,9.4,24000,1,451244,588eb1b86615f600...
real_samples_02111_237_134493_000007_000004.wav,real/real_samples_02111_237_134493_000007_000004.wav,real,0,samples,4.82,24000,1,231404,5ba97538950d8807...
real_samples_02112_237_134493_000008_000006.wav,real/real_samples_02112_237_134493_000008_000006.wav,real,0,samples,4.3,24000,1,206444,6ab6cab362112024...
real_samples_02113_237_134493_000009_000002.wav,real/real_samples_02113_237_134493_000009_000002.wav,real,0,samples,4.11,24000,1,197324,7510118b71f706c3...
real_samples_02114_237_134493_000009_000003.wav,real/real_samples_02114_237_134493_000009_000003.wav,real,0,samples,4.01,24000,1,192524,0fe8e60c6f293195...
real_samples_02115_237_134493_000010_000000.wav,real/real_samples_02115_237_134493_000010_000000.wav,real,0,samples,3.43,24000,1,164684,a7c5cc1ff1282404...
real_samples_02116_237_134493_000011_000000.wav,real/real_samples_02116_237_134493_000011_000000.wav,real,0,samples,5.48,24000,1,263084,ab8061a772843658...
real_samples_02117_237_134493_000012_000000.wav,real/real_samples_02117_237_134493_000012_000000.wav,real,0,samples,3.85,24000,1,184844,33106c6db241eb79...
real_samples_02118_237_134493_000013_000001.wav,real/real_samples_02118_237_134493_000013_000001.wav,real,0,samples,5.74,24000,1,275564,fd3e389cca3c4fb5...
real_samples_02119_237_134493_000014_000000.wav,real/real_samples_02119_237_134493_000014_000000.wav,real,0,samples,10.79,24000,1,517964,3cc943331d4bcf1f...
real_samples_02120_237_134493_000014_000003.wav,real/real_samples_02120_237_134493_000014_000003.wav,real,0,samples,12.02,24000,1,577004,39368afd069b1d35...
real_samples_02121_237_134493_000015_000001.wav,real/real_samples_02121_237_134493_000015_000001.wav,real,0,samples,4.18,24000,1,200684,f4832e289c4772c7...
real_samples_02122_237_134493_000015_000004.wav,real/real_samples_02122_237_134493_000015_000004.wav,real,0,samples,3.05,24000,1,146444,80afed81ae3b0209...
real_samples_02123_237_134493_000017_000001.wav,real/real_samples_02123_237_134493_000017_000001.wav,real,0,samples,5.07,24000,1,243404,5b6c56d9bc2b3bb2...
real_samples_02124_237_134493_000017_000003.wav,real/real_samples_02124_237_134493_000017_000003.wav,real,0,samples,3.61,24000,1,173324,f09d8af429f1775e...
real_samples_02125_237_134493_000017_000004.wav,real/real_samples_02125_237_134493_000017_000004.wav,real,0,samples,6.76,24000,1,324526,7086718f2e4b7659...
real_samples_02126_237_134493_000017_000010.wav,real/real_samples_02126_237_134493_000017_000010.wav,real,0,samples,3.95,24000,1,189644,ed3ad3d834ce0b55...
real_samples_02127_237_134493_000017_000012.wav,real/real_samples_02127_237_134493_000017_000012.wav,real,0,samples,3.64,24000,1,174762,6de58bff5c405187...
real_samples_02128_237_134493_000017_000016.wav,real/real_samples_02128_237_134493_000017_000016.wav,real,0,samples,3.09,24000,1,148364,a17f9f5e356e702a...
real_samples_02129_237_134493_000021_000000.wav,real/real_samples_02129_237_134493_000021_000000.wav,real,0,samples,7.16,24000,1,343724,2bcba2278d09a246...
real_samples_02130_237_134500_000004_000006.wav,real/real_samples_02130_237_134500_000004_000006.wav,real,0,samples,3.76,24000,1,180524,424637434f6aaae6...
real_samples_02131_237_134500_000004_000008.wav,real/real_samples_02131_237_134500_000004_000008.wav,real,0,samples,4.1,24000,1,196844,45776da3da8ea26d...
real_samples_02132_237_134500_000005_000001.wav,real/real_samples_02132_237_134500_000005_000001.wav,real,0,samples,3.77,24000,1,181004,120b5b174ab85940...
real_samples_02133_237_134500_000005_000003.wav,real/real_samples_02133_237_134500_000005_000003.wav,real,0,samples,4.2,24000,1,201644,0513e77447bda928...
real_samples_02134_237_134500_000006_000000.wav,real/real_samples_02134_237_134500_000006_000000.wav,real,0,samples,3.2,24000,1,153644,d9beb36ddb0ef11d...
real_samples_02135_237_134500_000007_000002.wav,real/real_samples_02135_237_134500_000007_000002.wav,real,0,samples,3.85,24000,1,184844,dd5ef4d31f3f0e56...
real_samples_02136_237_134500_000007_000004.wav,real/real_samples_02136_237_134500_000007_000004.wav,real,0,samples,4.64,24000,1,222764,2e801b454a78736d...
real_samples_02137_237_134500_000008_000001.wav,real/real_samples_02137_237_134500_000008_000001.wav,real,0,samples,10.43,24000,1,500684,553c67bafe7ad54e...
real_samples_02138_237_134500_000009_000000.wav,real/real_samples_02138_237_134500_000009_000000.wav,real,0,samples,10.18,24000,1,488684,54bc9566e35e8943...
real_samples_02139_237_134500_000009_000001.wav,real/real_samples_02139_237_134500_000009_000001.wav,real,0,samples,12.68,24000,1,608684,c0e670b2fca8540e...
real_samples_02140_237_134500_000009_000002.wav,real/real_samples_02140_237_134500_000009_000002.wav,real,0,samples,9.97,24000,1,478604,0980d419271474c2...
real_samples_02141_237_134500_000009_000003.wav,real/real_samples_02141_237_134500_000009_000003.wav,real,0,samples,11.38,24000,1,546284,a31cf7f9edf94a3f...
real_samples_02142_237_134500_000014_000001.wav,real/real_samples_02142_237_134500_000014_000001.wav,real,0,samples,8.29,24000,1,397964,dafd289202d5d5e7...
real_samples_02143_237_134500_000014_000002.wav,real/real_samples_02143_237_134500_000014_000002.wav,real,0,samples,5.13,24000,1,246284,26f030f031ffd67f...
real_samples_02144_237_134500_000015_000000.wav,real/real_samples_02144_237_134500_000015_000000.wav,real,0,samples,5.22,24000,1,250604,b2ccce836d31fcc2...
real_samples_02145_237_134500_000016_000002.wav,real/real_samples_02145_237_134500_000016_000002.wav,real,0,samples,5.19,24000,1,249164,f295311ca2456875...
real_samples_02146_237_134500_000016_000003.wav,real/real_samples_02146_237_134500_000016_000003.wav,real,0,samples,3.86,24000,1,185324,0c33cc7f0e9ac6c3...
real_samples_02147_237_134500_000017_000001.wav,real/real_samples_02147_237_134500_000017_000001.wav,real,0,samples,12.47,24000,1,598604,c9b07d27eaaa40cc...
real_samples_02148_237_134500_000018_000000.wav,real/real_samples_02148_237_134500_000018_000000.wav,real,0,samples,3.39,24000,1,162764,61acc08ea56595d1...
real_samples_02149_237_134500_000020_000000.wav,real/real_samples_02149_237_134500_000020_000000.wav,real,0,samples,6.86,24000,1,329324,68307ab274a76acb...
real_samples_02150_237_134500_000022_000000.wav,real/real_samples_02150_237_134500_000022_000000.wav,real,0,samples,6.35,24000,1,304844,cdcd5c9bd7113abe...
real_samples_02151_237_134500_000022_000001.wav,real/real_samples_02151_237_134500_000022_000001.wav,real,0,samples,4.6,24000,1,220844,cd7f9bf7bc5f48a1...
real_samples_02152_237_134500_000023_000000.wav,real/real_samples_02152_237_134500_000023_000000.wav,real,0,samples,5.61,24000,1,269324,6cc2cac231cf2bc9...
real_samples_02153_237_134500_000023_000001.wav,real/real_samples_02153_237_134500_000023_000001.wav,real,0,samples,3.99,24000,1,191564,d08a01b0c4c24224...
real_samples_02154_237_134500_000024_000001.wav,real/real_samples_02154_237_134500_000024_000001.wav,real,0,samples,3.11,24000,1,149324,dfe8579415f803e7...
real_samples_02155_237_134500_000024_000002.wav,real/real_samples_02155_237_134500_000024_000002.wav,real,0,samples,3.69,24000,1,177164,dd6f3a3d93577525...
real_samples_02156_237_134500_000025_000005.wav,real/real_samples_02156_237_134500_000025_000005.wav,real,0,samples,3.78,24000,1,181484,17d7b31e614d27a1...
real_samples_02157_237_134500_000027_000003.wav,real/real_samples_02157_237_134500_000027_000003.wav,real,0,samples,3.3,24000,1,158444,50dba04241c04c7d...
real_samples_02158_237_134500_000028_000002.wav,real/real_samples_02158_237_134500_000028_000002.wav,real,0,samples,4.0,24000,1,192044,a1df093e116e7f9d...
real_samples_02159_237_134500_000031_000000.wav,real/real_samples_02159_237_134500_000031_000000.wav,real,0,samples,5.42,24000,1,260204,350f25ba3d70bd4e...
real_samples_02160_237_134500_000031_000001.wav,real/real_samples_02160_237_134500_000031_000001.wav,real,0,samples,10.26,24000,1,492526,c3fb2591dba108a6...
real_samples_02161_237_134500_000031_000002.wav,real/real_samples_02161_237_134500_000031_000002.wav,real,0,samples,4.36,24000,1,209322,c57c08cf912d8a97...
real_samples_02162_237_134500_000032_000000.wav,real/real_samples_02162_237_134500_000032_000000.wav,real,0,samples,3.66,24000,1,175726,838b2c701e5bf6cd...
real_samples_02163_237_134500_000032_000001.wav,real/real_samples_02163_237_134500_000032_000001.wav,real,0,samples,5.63,24000,1,270284,dcf38e9ca554651d...
real_samples_02164_237_134500_000035_000000.wav,real/real_samples_02164_237_134500_000035_000000.wav,real,0,samples,13.93,24000,1,668684,b99022f0e61b3cef...
real_samples_02165_237_134500_000035_000001.wav,real/real_samples_02165_237_134500_000035_000001.wav,real,0,samples,4.19,24000,1,201164,c405ac329280f670...
real_samples_02166_237_134500_000035_000003.wav,real/real_samples_02166_237_134500_000035_000003.wav,real,0,samples,4.83,24000,1,231882,94ff857fafb41881...
real_samples_02167_237_134500_000035_000004.wav,real/real_samples_02167_237_134500_000035_000004.wav,real,0,samples,10.16,24000,1,487722,4828d457db9f3a21...
real_samples_02168_237_134500_000035_000006.wav,real/real_samples_02168_237_134500_000035_000006.wav,real,0,samples,3.01,24000,1,144526,9e22e43b22d89f9a...
real_samples_02169_237_134500_000035_000007.wav,real/real_samples_02169_237_134500_000035_000007.wav,real,0,samples,3.05,24000,1,146448,830003074f821ecf...
real_samples_02170_237_134500_000036_000000.wav,real/real_samples_02170_237_134500_000036_000000.wav,real,0,samples,3.08,24000,1,147886,2a99bb60a04d288a...
real_samples_02171_237_134500_000036_000001.wav,real/real_samples_02171_237_134500_000036_000001.wav,real,0,samples,11.9,24000,1,571242,27e2949717887909...
real_samples_02172_237_134500_000036_000003.wav,real/real_samples_02172_237_134500_000036_000003.wav,real,0,samples,5.15,24000,1,247246,7290d293c328b183...
real_samples_02173_237_134500_000036_000005.wav,real/real_samples_02173_237_134500_000036_000005.wav,real,0,samples,5.16,24000,1,247722,1db3b3cfa722e098...
real_samples_02174_237_134500_000036_000007.wav,real/real_samples_02174_237_134500_000036_000007.wav,real,0,samples,3.53,24000,1,169482,3a9d92b5a2987313...
real_samples_02175_237_134500_000038_000000.wav,real/real_samples_02175_237_134500_000038_000000.wav,real,0,samples,8.11,24000,1,389322,91c503df4bccd539...
real_samples_02176_237_134500_000041_000000.wav,real/real_samples_02176_237_134500_000041_000000.wav,real,0,samples,3.54,24000,1,169964,82fd527c1984744d...
real_samples_02177_237_134500_000041_000001.wav,real/real_samples_02177_237_134500_000041_000001.wav,real,0,samples,4.67,24000,1,224202,517b2756e24a4244...
real_samples_02178_260_123286_000004_000000.wav,real/real_samples_02178_260_123286_000004_000000.wav,real,0,samples,4.09,24000,1,196364,8c1e197cf6ef2f85...
real_samples_02179_260_123286_000005_000000.wav,real/real_samples_02179_260_123286_000005_000000.wav,real,0,samples,3.64,24000,1,174764,d35a460b0f075a2c...
real_samples_02180_260_123286_000005_000001.wav,real/real_samples_02180_260_123286_000005_000001.wav,real,0,samples,5.99,24000,1,287564,a6ccfc631f3bebaf...
real_samples_02181_260_123286_000007_000000.wav,real/real_samples_02181_260_123286_000007_000000.wav,real,0,samples,5.21,24000,1,250124,695f0ca069b4a0db...
real_samples_02182_260_123286_000012_000001.wav,real/real_samples_02182_260_123286_000012_000001.wav,real,0,samples,4.22,24000,1,202604,ee7b95b6211092b6...
real_samples_02183_260_123286_000013_000000.wav,real/real_samples_02183_260_123286_000013_000000.wav,real,0,samples,6.14,24000,1,294764,1758bdff5011e706...
real_samples_02184_260_123286_000014_000000.wav,real/real_samples_02184_260_123286_000014_000000.wav,real,0,samples,10.91,24000,1,523724,5241f4f230e02c52...
real_samples_02185_260_123286_000016_000000.wav,real/real_samples_02185_260_123286_000016_000000.wav,real,0,samples,4.34,24000,1,208364,3956845fb2355d36...
real_samples_02186_260_123286_000018_000000.wav,real/real_samples_02186_260_123286_000018_000000.wav,real,0,samples,3.29,24000,1,157964,da7c72dbbebb9a00...
real_samples_02187_260_123286_000019_000002.wav,real/real_samples_02187_260_123286_000019_000002.wav,real,0,samples,3.21,24000,1,154124,26a95b6e6dca9cba...
real_samples_02188_260_123286_000020_000000.wav,real/real_samples_02188_260_123286_000020_000000.wav,real,0,samples,5.21,24000,1,250124,39e2ae39b6ffc2cb...
real_samples_02189_260_123286_000021_000004.wav,real/real_samples_02189_260_123286_000021_000004.wav,real,0,samples,3.72,24000,1,178604,04810ee5e4c428c6...
real_samples_02190_260_123286_000021_000005.wav,real/real_samples_02190_260_123286_000021_000005.wav,real,0,samples,5.68,24000,1,272684,d80cc9d079e60905...
real_samples_02191_260_123286_000021_000007.wav,real/real_samples_02191_260_123286_000021_000007.wav,real,0,samples,3.95,24000,1,189644,034a76c26e258a11...
real_samples_02192_260_123286_000022_000001.wav,real/real_samples_02192_260_123286_000022_000001.wav,real,0,samples,4.54,24000,1,217964,da6b7caf7e375e5d...
real_samples_02193_260_123286_000024_000000.wav,real/real_samples_02193_260_123286_000024_000000.wav,real,0,samples,8.0,24000,1,384044,56d6f3600e1abeac...
real_samples_02194_260_123286_000028_000000.wav,real/real_samples_02194_260_123286_000028_000000.wav,real,0,samples,3.72,24000,1,178604,b01c83c1763a0000...
real_samples_02195_260_123286_000029_000000.wav,real/real_samples_02195_260_123286_000029_000000.wav,real,0,samples,8.12,24000,1,389804,1963492fdba570da...
real_samples_02196_260_123286_000029_000002.wav,real/real_samples_02196_260_123286_000029_000002.wav,real,0,samples,3.16,24000,1,151724,8f99cb939639939a...
real_samples_02197_260_123286_000031_000003.wav,real/real_samples_02197_260_123286_000031_000003.wav,real,0,samples,5.5,24000,1,264044,4b06e721a8f425ad...
real_samples_02198_260_123286_000032_000002.wav,real/real_samples_02198_260_123286_000032_000002.wav,real,0,samples,15.85,24000,1,760844,d201f04a63485823...
real_samples_02199_260_123286_000033_000000.wav,real/real_samples_02199_260_123286_000033_000000.wav,real,0,samples,4.91,24000,1,235724,db54fca2cfd925dc...
real_samples_02200_260_123286_000033_000003.wav,real/real_samples_02200_260_123286_000033_000003.wav,real,0,samples,5.8,24000,1,278444,c7b3dbca8c588399...
real_samples_02201_260_123286_000034_000002.wav,real/real_samples_02201_260_123286_000034_000002.wav,real,0,samples,10.96,24000,1,526124,b9d96137694f6a93...
real_samples_02202_260_123288_000006_000000.wav,real/real_samples_02202_260_123288_000006_000000.wav,real,0,samples,6.34,24000,1,304364,f9061c7ec316a66c...
real_samples_02203_260_123288_000006_000002.wav,real/real_samples_02203_260_123288_000006_000002.wav,real,0,samples,9.36,24000,1,449324,90dc6f4b7f2473ad...
real_samples_02204_260_123288_000006_000004.wav,real/real_samples_02204_260_123288_000006_000004.wav,real,0,samples,11.73,24000,1,563084,20769a50e79cf1c4...
real_samples_02205_260_123288_000007_000000.wav,real/real_samples_02205_260_123288_000007_000000.wav,real,0,samples,13.06,24000,1,626924,abcddd22e44d4bd9...
real_samples_02206_260_123288_000007_000001.wav,real/real_samples_02206_260_123288_000007_000001.wav,real,0,samples,6.95,24000,1,333644,55b62be24c52eab4...
real_samples_02207_260_123288_000008_000000.wav,real/real_samples_02207_260_123288_000008_000000.wav,real,0,samples,3.67,24000,1,176204,362f56b450d6953b...
real_samples_02208_260_123288_000008_000001.wav,real/real_samples_02208_260_123288_000008_000001.wav,real,0,samples,10.54,24000,1,505964,bae4aa0226387f8a...
real_samples_02209_260_123288_000009_000000.wav,real/real_samples_02209_260_123288_000009_000000.wav,real,0,samples,4.44,24000,1,213164,704546819fe00c0e...
real_samples_02210_260_123288_000011_000001.wav,real/real_samples_02210_260_123288_000011_000001.wav,real,0,samples,8.55,24000,1,410444,eb1c7f065f511998...
real_samples_02211_260_123288_000012_000000.wav,real/real_samples_02211_260_123288_000012_000000.wav,real,0,samples,4.96,24000,1,238124,bdd55ea2b1ebf6d7...
real_samples_02212_260_123288_000013_000001.wav,real/real_samples_02212_260_123288_000013_000001.wav,real,0,samples,8.06,24000,1,386924,a584e1450a32d2d4...
real_samples_02213_260_123288_000013_000002.wav,real/real_samples_02213_260_123288_000013_000002.wav,real,0,samples,9.51,24000,1,456524,8443e3a77dcc8121...
real_samples_02214_260_123288_000013_000003.wav,real/real_samples_02214_260_123288_000013_000003.wav,real,0,samples,3.42,24000,1,164204,72060c0d78c522a9...
real_samples_02215_260_123288_000015_000000.wav,real/real_samples_02215_260_123288_000015_000000.wav,real,0,samples,3.24,24000,1,155564,6d320cf39810d656...
real_samples_02216_260_123288_000016_000001.wav,real/real_samples_02216_260_123288_000016_000001.wav,real,0,samples,10.67,24000,1,512204,c625b48f968331ff...
real_samples_02217_260_123288_000016_000002.wav,real/real_samples_02217_260_123288_000016_000002.wav,real,0,samples,3.72,24000,1,178604,79c6794f5d2b7f03...
real_samples_02218_260_123288_000016_000003.wav,real/real_samples_02218_260_123288_000016_000003.wav,real,0,samples,4.45,24000,1,213644,e4a43c09b5924b65...
real_samples_02219_260_123288_000016_000005.wav,real/real_samples_02219_260_123288_000016_000005.wav,real,0,samples,3.36,24000,1,161324,1552c2cc4a1591e0...
real_samples_02220_260_123288_000016_000006.wav,real/real_samples_02220_260_123288_000016_000006.wav,real,0,samples,7.74,24000,1,371564,016994e28ea29b39...
real_samples_02221_260_123288_000017_000001.wav,real/real_samples_02221_260_123288_000017_000001.wav,real,0,samples,13.37,24000,1,641804,a7b8bf1123392b55...
real_samples_02222_260_123288_000019_000001.wav,real/real_samples_02222_260_123288_000019_000001.wav,real,0,samples,3.04,24000,1,145964,16459edfd60c7052...
real_samples_02223_260_123288_000020_000000.wav,real/real_samples_02223_260_123288_000020_000000.wav,real,0,samples,3.46,24000,1,166124,c5475902ab5ac368...
real_samples_02224_260_123288_000023_000001.wav,real/real_samples_02224_260_123288_000023_000001.wav,real,0,samples,11.48,24000,1,551084,da5ebbaba29f9717...
real_samples_02225_260_123288_000023_000004.wav,real/real_samples_02225_260_123288_000023_000004.wav,real,0,samples,9.78,24000,1,469484,71f7e9f72f36c81c...
real_samples_02226_260_123288_000023_000005.wav,real/real_samples_02226_260_123288_000023_000005.wav,real,0,samples,6.33,24000,1,303884,323abd9b1fdbbd84...
real_samples_02227_260_123288_000023_000006.wav,real/real_samples_02227_260_123288_000023_000006.wav,real,0,samples,5.34,24000,1,256364,535a309020f2e483...
real_samples_02228_260_123288_000024_000001.wav,real/real_samples_02228_260_123288_000024_000001.wav,real,0,samples,4.96,24000,1,238124,7a15dc682e2cc1e2...
real_samples_02229_260_123288_000024_000002.wav,real/real_samples_02229_260_123288_000024_000002.wav,real,0,samples,9.79,24000,1,469964,29a2924bcc9e7b65...
real_samples_02230_260_123288_000027_000000.wav,real/real_samples_02230_260_123288_000027_000000.wav,real,0,samples,4.57,24000,1,219404,d1c57fb4b94341a3...
real_samples_02231_260_123288_000027_000002.wav,real/real_samples_02231_260_123288_000027_000002.wav,real,0,samples,3.52,24000,1,169004,c9f9da4d9611aaf3...
real_samples_02232_260_123288_000027_000003.wav,real/real_samples_02232_260_123288_000027_000003.wav,real,0,samples,23.99,24000,1,1151564,f8b63074e45ff013...
real_samples_02233_260_123288_000028_000000.wav,real/real_samples_02233_260_123288_000028_000000.wav,real,0,samples,20.24,24000,1,971564,7f2bdfd6a0a19416...
real_samples_02234_260_123288_000030_000001.wav,real/real_samples_02234_260_123288_000030_000001.wav,real,0,samples,4.32,24000,1,207406,ba3afcb886c7f1cb...
real_samples_02235_260_123288_000031_000001.wav,real/real_samples_02235_260_123288_000031_000001.wav,real,0,samples,4.65,24000,1,223242,95b7f8890705b74b...
real_samples_02236_260_123288_000032_000001.wav,real/real_samples_02236_260_123288_000032_000001.wav,real,0,samples,4.7,24000,1,225642,7f73f5a4f39fbd35...
real_samples_02237_260_123288_000032_000002.wav,real/real_samples_02237_260_123288_000032_000002.wav,real,0,samples,3.21,24000,1,154122,7e490c60598c6112...
real_samples_02238_260_123288_000033_000001.wav,real/real_samples_02238_260_123288_000033_000001.wav,real,0,samples,4.86,24000,1,233328,4b0627570cff9d3f...
real_samples_02239_260_123288_000034_000001.wav,real/real_samples_02239_260_123288_000034_000001.wav,real,0,samples,3.93,24000,1,188684,ea1b035811c8431d...
real_samples_02240_260_123288_000034_000002.wav,real/real_samples_02240_260_123288_000034_000002.wav,real,0,samples,4.02,24000,1,193006,791b6bb66b53c53f...
real_samples_02241_260_123288_000035_000002.wav,real/real_samples_02241_260_123288_000035_000002.wav,real,0,samples,3.13,24000,1,150286,f4d4fc7008d26780...
real_samples_02242_260_123288_000036_000000.wav,real/real_samples_02242_260_123288_000036_000000.wav,real,0,samples,3.99,24000,1,191564,80e62e767b64b284...
real_samples_02243_260_123288_000038_000000.wav,real/real_samples_02243_260_123288_000038_000000.wav,real,0,samples,6.9,24000,1,331246,9bb56f42a9a61f25...
real_samples_02244_260_123288_000038_000001.wav,real/real_samples_02244_260_123288_000038_000001.wav,real,0,samples,11.38,24000,1,546286,7f347442998d6d5c...
real_samples_02245_260_123288_000039_000000.wav,real/real_samples_02245_260_123288_000039_000000.wav,real,0,samples,4.1,24000,1,196846,5252b1a14e22413c...
real_samples_02246_260_123288_000039_000001.wav,real/real_samples_02246_260_123288_000039_000001.wav,real,0,samples,13.75,24000,1,660044,0a444caae9d47a1b...
real_samples_02247_260_123288_000039_000003.wav,real/real_samples_02247_260_123288_000039_000003.wav,real,0,samples,12.74,24000,1,611564,7050b229a2549240...
real_samples_02248_260_123288_000040_000000.wav,real/real_samples_02248_260_123288_000040_000000.wav,real,0,samples,5.54,24000,1,265962,717bbc54fd70278f...
real_samples_02249_260_123288_000041_000002.wav,real/real_samples_02249_260_123288_000041_000002.wav,real,0,samples,7.02,24000,1,337006,1cf275cf1c77e0b1...
real_samples_02250_260_123288_000041_000003.wav,real/real_samples_02250_260_123288_000041_000003.wav,real,0,samples,13.24,24000,1,635562,14bd1ff1eb24aa90...
real_samples_02251_260_123288_000042_000000.wav,real/real_samples_02251_260_123288_000042_000000.wav,real,0,samples,7.02,24000,1,337004,fab2497d0d8b63b2...
real_samples_02252_260_123288_000043_000001.wav,real/real_samples_02252_260_123288_000043_000001.wav,real,0,samples,9.64,24000,1,462766,7c0e56d7fce35152...
real_samples_02253_260_123288_000045_000003.wav,real/real_samples_02253_260_123288_000045_000003.wav,real,0,samples,3.28,24000,1,157486,58256dff6f86fd68...
real_samples_02254_260_123288_000045_000004.wav,real/real_samples_02254_260_123288_000045_000004.wav,real,0,samples,5.16,24000,1,247724,704ca8dc8a1a6a8c...
real_samples_02255_260_123440_000002_000000.wav,real/real_samples_02255_260_123440_000002_000000.wav,real,0,samples,11.86,24000,1,569324,1d631b1bd0ee1a94...
real_samples_02256_260_123440_000002_000001.wav,real/real_samples_02256_260_123440_000002_000001.wav,real,0,samples,13.48,24000,1,647084,0adf03ad56f363c4...
real_samples_02257_260_123440_000002_000004.wav,real/real_samples_02257_260_123440_000002_000004.wav,real,0,samples,3.25,24000,1,156044,5a6d850b09121d37...
real_samples_02258_260_123440_000008_000000.wav,real/real_samples_02258_260_123440_000008_000000.wav,real,0,samples,9.53,24000,1,457484,5738dc7c060d8013...
real_samples_02259_260_123440_000010_000002.wav,real/real_samples_02259_260_123440_000010_000002.wav,real,0,samples,5.53,24000,1,265484,6ead9d5f65df9b32...
real_samples_02260_260_123440_000010_000003.wav,real/real_samples_02260_260_123440_000010_000003.wav,real,0,samples,3.33,24000,1,159884,bec1792bb7a0ce1b...
real_samples_02261_260_123440_000010_000004.wav,real/real_samples_02261_260_123440_000010_000004.wav,real,0,samples,3.02,24000,1,145004,5a165e5bda946557...
real_samples_02262_260_123440_000011_000000.wav,real/real_samples_02262_260_123440_000011_000000.wav,real,0,samples,13.77,24000,1,661004,0ad18fe30518c5f2...
real_samples_02263_260_123440_000011_000003.wav,real/real_samples_02263_260_123440_000011_000003.wav,real,0,samples,3.2,24000,1,153644,9e2266483f49856b...
real_samples_02264_260_123440_000011_000004.wav,real/real_samples_02264_260_123440_000011_000004.wav,real,0,samples,9.05,24000,1,434444,8e94f1665d1c35b2...
real_samples_02265_260_123440_000011_000005.wav,real/real_samples_02265_260_123440_000011_000005.wav,real,0,samples,16.66,24000,1,799724,5102363d087b1280...
real_samples_02266_260_123440_000014_000000.wav,real/real_samples_02266_260_123440_000014_000000.wav,real,0,samples,16.87,24000,1,809804,5ab4f82d99c8f8e2...
real_samples_02267_260_123440_000014_000001.wav,real/real_samples_02267_260_123440_000014_000001.wav,real,0,samples,4.51,24000,1,216524,d3dacfed9820d61a...
real_samples_02268_260_123440_000014_000002.wav,real/real_samples_02268_260_123440_000014_000002.wav,real,0,samples,8.78,24000,1,421484,fa6116da0977972d...
real_samples_02269_260_123440_000014_000004.wav,real/real_samples_02269_260_123440_000014_000004.wav,real,0,samples,3.15,24000,1,151244,9ae5eec9ca1ddb40...
real_samples_02270_260_123440_000015_000000.wav,real/real_samples_02270_260_123440_000015_000000.wav,real,0,samples,8.85,24000,1,424844,5d2b406383c181f2...
real_samples_02271_260_123440_000018_000002.wav,real/real_samples_02271_260_123440_000018_000002.wav,real,0,samples,5.25,24000,1,252044,4fe89c92a5db9cf2...
real_samples_02272_260_123440_000019_000000.wav,real/real_samples_02272_260_123440_000019_000000.wav,real,0,samples,18.54,24000,1,889964,e8a9faf8b030ebbf...
real_samples_02273_260_123440_000020_000000.wav,real/real_samples_02273_260_123440_000020_000000.wav,real,0,samples,17.73,24000,1,851084,47522db329729930...
real_samples_02274_260_123440_000021_000001.wav,real/real_samples_02274_260_123440_000021_000001.wav,real,0,samples,9.64,24000,1,462764,36ba1447ca912e73...
real_samples_02275_260_123440_000022_000000.wav,real/real_samples_02275_260_123440_000022_000000.wav,real,0,samples,3.21,24000,1,154124,99db56a396a6f602...
real_samples_02276_260_123440_000023_000000.wav,real/real_samples_02276_260_123440_000023_000000.wav,real,0,samples,4.4,24000,1,211246,df2cf64f55f1581d...
real_samples_02277_260_123440_000023_000001.wav,real/real_samples_02277_260_123440_000023_000001.wav,real,0,samples,5.98,24000,1,287086,1b750d11dae3a4eb...
real_samples_02278_260_123440_000024_000000.wav,real/real_samples_02278_260_123440_000024_000000.wav,real,0,samples,4.55,24000,1,218442,0b3edc6ca9962bc9...
real_samples_02279_260_123440_000024_000002.wav,real/real_samples_02279_260_123440_000024_000002.wav,real,0,samples,5.16,24000,1,247722,da11ac3dfd54c9a8...
real_samples_02280_260_123440_000025_000002.wav,real/real_samples_02280_260_123440_000025_000002.wav,real,0,samples,4.24,24000,1,203568,d0f46f0c0e7912bd...
real_samples_02281_2830_3979_000008_000000.wav,real/real_samples_02281_2830_3979_000008_000000.wav,real,0,samples,10.99,24000,1,527564,c952a73a112e43d9...
real_samples_02282_2830_3979_000009_000001.wav,real/real_samples_02282_2830_3979_000009_000001.wav,real,0,samples,4.38,24000,1,210284,93156d7a76e03269...
real_samples_02283_2830_3979_000012_000000.wav,real/real_samples_02283_2830_3979_000012_000000.wav,real,0,samples,15.3,24000,1,734444,71a736446ec17a9f...
real_samples_02284_2830_3979_000014_000000.wav,real/real_samples_02284_2830_3979_000014_000000.wav,real,0,samples,19.68,24000,1,944684,0f865bfed4196ac7...
real_samples_02285_2830_3979_000016_000001.wav,real/real_samples_02285_2830_3979_000016_000001.wav,real,0,samples,3.63,24000,1,174284,295842530a2fac76...
real_samples_02286_2830_3979_000017_000001.wav,real/real_samples_02286_2830_3979_000017_000001.wav,real,0,samples,6.33,24000,1,303884,2f2a00282dde3218...
real_samples_02287_2830_3979_000017_000003.wav,real/real_samples_02287_2830_3979_000017_000003.wav,real,0,samples,3.37,24000,1,161804,f55bfbdfd9fcdf0d...
real_samples_02288_2830_3979_000017_000004.wav,real/real_samples_02288_2830_3979_000017_000004.wav,real,0,samples,12.55,24000,1,602444,204b0e69755cf9a2...
real_samples_02289_2830_3979_000017_000006.wav,real/real_samples_02289_2830_3979_000017_000006.wav,real,0,samples,12.89,24000,1,618764,1324b22d4aad5d39...
real_samples_02290_2830_3979_000018_000000.wav,real/real_samples_02290_2830_3979_000018_000000.wav,real,0,samples,6.08,24000,1,291884,4b8cf0e8e002805d...
real_samples_02291_2830_3979_000018_000002.wav,real/real_samples_02291_2830_3979_000018_000002.wav,real,0,samples,5.03,24000,1,241484,48cd4cfb741238e4...
real_samples_02292_2830_3979_000018_000004.wav,real/real_samples_02292_2830_3979_000018_000004.wav,real,0,samples,14.05,24000,1,674444,26bda078ea8c977d...
real_samples_02293_2830_3979_000018_000006.wav,real/real_samples_02293_2830_3979_000018_000006.wav,real,0,samples,5.81,24000,1,278924,a5005077e335ca56...
real_samples_02294_2830_3979_000018_000008.wav,real/real_samples_02294_2830_3979_000018_000008.wav,real,0,samples,12.76,24000,1,612524,9a0a2af0c7cf319b...
real_samples_02295_2830_3979_000018_000009.wav,real/real_samples_02295_2830_3979_000018_000009.wav,real,0,samples,8.6,24000,1,412844,784dc1e607daa595...
real_samples_02296_2830_3979_000019_000001.wav,real/real_samples_02296_2830_3979_000019_000001.wav,real,0,samples,7.72,24000,1,370604,b6c2d228b33bd520...
real_samples_02297_2830_3979_000020_000000.wav,real/real_samples_02297_2830_3979_000020_000000.wav,real,0,samples,10.94,24000,1,525164,f94be57c28ec0293...
real_samples_02298_2830_3979_000021_000000.wav,real/real_samples_02298_2830_3979_000021_000000.wav,real,0,samples,6.71,24000,1,322124,d4f37fa12041a491...
real_samples_02299_2830_3979_000023_000000.wav,real/real_samples_02299_2830_3979_000023_000000.wav,real,0,samples,5.25,24000,1,252044,ed70730e45aa9de1...
real_samples_02300_2830_3980_000011_000001.wav,real/real_samples_02300_2830_3980_000011_000001.wav,real,0,samples,6.91,24000,1,331724,dcf6867faacc047e...
real_samples_02301_2830_3980_000012_000000.wav,real/real_samples_02301_2830_3980_000012_000000.wav,real,0,samples,10.76,24000,1,516524,3f2f4fa202aac384...
real_samples_02302_2830_3980_000014_000000.wav,real/real_samples_02302_2830_3980_000014_000000.wav,real,0,samples,8.82,24000,1,423404,181194dcaee6849d...
real_samples_02303_2830_3980_000015_000000.wav,real/real_samples_02303_2830_3980_000015_000000.wav,real,0,samples,13.19,24000,1,633164,5da8b32516faad11...
real_samples_02304_2830_3980_000016_000001.wav,real/real_samples_02304_2830_3980_000016_000001.wav,real,0,samples,3.65,24000,1,175244,02f5fb9df2ed1102...
real_samples_02305_2830_3980_000016_000008.wav,real/real_samples_02305_2830_3980_000016_000008.wav,real,0,samples,7.49,24000,1,359564,4b6d4e8f120a22f1...
real_samples_02306_2830_3980_000017_000000.wav,real/real_samples_02306_2830_3980_000017_000000.wav,real,0,samples,10.65,24000,1,511244,651c2031adf1d0c9...
real_samples_02307_2830_3980_000017_000001.wav,real/real_samples_02307_2830_3980_000017_000001.wav,real,0,samples,5.84,24000,1,280364,14013078745352fd...
real_samples_02308_2830_3980_000017_000002.wav,real/real_samples_02308_2830_3980_000017_000002.wav,real,0,samples,12.1,24000,1,580844,64e04708a1d2698a...
real_samples_02309_2830_3980_000018_000000.wav,real/real_samples_02309_2830_3980_000018_000000.wav,real,0,samples,5.62,24000,1,269804,aaba9d339b53db86...
real_samples_02310_2830_3980_000018_000001.wav,real/real_samples_02310_2830_3980_000018_000001.wav,real,0,samples,3.09,24000,1,148364,bc1e10e2921cf38c...
real_samples_02311_2830_3980_000018_000002.wav,real/real_samples_02311_2830_3980_000018_000002.wav,real,0,samples,5.3,24000,1,254444,7b8faea4ed7fd4c3...
real_samples_02312_2830_3980_000019_000000.wav,real/real_samples_02312_2830_3980_000019_000000.wav,real,0,samples,16.02,24000,1,769004,e91c53b57408e2b0...
real_samples_02313_2830_3980_000021_000000.wav,real/real_samples_02313_2830_3980_000021_000000.wav,real,0,samples,6.56,24000,1,314924,7d84a1659000df91...
real_samples_02314_2830_3980_000021_000001.wav,real/real_samples_02314_2830_3980_000021_000001.wav,real,0,samples,9.49,24000,1,455564,45cc730395eb2a73...
real_samples_02315_2830_3980_000022_000000.wav,real/real_samples_02315_2830_3980_000022_000000.wav,real,0,samples,4.4,24000,1,211244,8d3381bd4bf9a5f0...
real_samples_02316_2830_3980_000022_000002.wav,real/real_samples_02316_2830_3980_000022_000002.wav,real,0,samples,5.72,24000,1,274604,ef42a12e0032f761...
real_samples_02317_2830_3980_000023_000001.wav,real/real_samples_02317_2830_3980_000023_000001.wav,real,0,samples,3.27,24000,1,157004,69e1ff9e439d926d...
real_samples_02318_2830_3980_000024_000000.wav,real/real_samples_02318_2830_3980_000024_000000.wav,real,0,samples,4.72,24000,1,226604,88e4013fbda04635...
real_samples_02319_2830_3980_000024_000001.wav,real/real_samples_02319_2830_3980_000024_000001.wav,real,0,samples,3.38,24000,1,162284,4567c98fb6bb2895...
real_samples_02320_2830_3980_000024_000003.wav,real/real_samples_02320_2830_3980_000024_000003.wav,real,0,samples,4.48,24000,1,215084,fa998089b9051aa8...
real_samples_02321_2830_3980_000070_000001.wav,real/real_samples_02321_2830_3980_000070_000001.wav,real,0,samples,7.02,24000,1,337004,c3d45935c10156fa...
real_samples_02322_2830_3980_000091_000002.wav,real/real_samples_02322_2830_3980_000091_000002.wav,real,0,samples,4.36,24000,1,209324,796882e9d87d61af...
real_samples_02323_2830_3980_000108_000000.wav,real/real_samples_02323_2830_3980_000108_000000.wav,real,0,samples,7.06,24000,1,338914,a374ed55812ad6ea...
real_samples_02324_2830_3980_000109_000002.wav,real/real_samples_02324_2830_3980_000109_000002.wav,real,0,samples,15.26,24000,1,732524,26cbbf1611e27b93...
real_samples_02325_2961_961_000002_000000.wav,real/real_samples_02325_2961_961_000002_000000.wav,real,0,samples,3.81,24000,1,182924,5e2418efa3afbb9e...
real_samples_02326_2961_961_000002_000001.wav,real/real_samples_02326_2961_961_000002_000001.wav,real,0,samples,12.98,24000,1,623084,4ef1a5b6ef5716c0...
real_samples_02327_2961_961_000003_000001.wav,real/real_samples_02327_2961_961_000003_000001.wav,real,0,samples,17.65,24000,1,847244,cfa94b7b8ff6e4f9...
real_samples_02328_2961_961_000004_000003.wav,real/real_samples_02328_2961_961_000004_000003.wav,real,0,samples,8.83,24000,1,423884,0784587471cf7839...
real_samples_02329_2961_961_000004_000006.wav,real/real_samples_02329_2961_961_000004_000006.wav,real,0,samples,15.07,24000,1,723404,a923f140ea48e16b...
real_samples_02330_2961_961_000004_000007.wav,real/real_samples_02330_2961_961_000004_000007.wav,real,0,samples,3.79,24000,1,181964,e6ca15ac918c0c43...
real_samples_02331_2961_961_000004_000008.wav,real/real_samples_02331_2961_961_000004_000008.wav,real,0,samples,7.8,24000,1,374444,750420acabcdf1c5...
real_samples_02332_2961_961_000004_000012.wav,real/real_samples_02332_2961_961_000004_000012.wav,real,0,samples,14.08,24000,1,675884,194d7fb0063621df...
real_samples_02333_2961_961_000004_000014.wav,real/real_samples_02333_2961_961_000004_000014.wav,real,0,samples,11.2,24000,1,537644,82d67bfe932e98fb...
real_samples_02334_2961_961_000004_000017.wav,real/real_samples_02334_2961_961_000004_000017.wav,real,0,samples,7.65,24000,1,367244,747d550703297a7e...
real_samples_02335_2961_961_000004_000019.wav,real/real_samples_02335_2961_961_000004_000019.wav,real,0,samples,13.96,24000,1,670124,c9b548d1cdca7c05...
real_samples_02336_2961_961_000004_000021.wav,real/real_samples_02336_2961_961_000004_000021.wav,real,0,samples,7.11,24000,1,341324,ecf1ff9c774dcc0e...
real_samples_02337_2961_961_000004_000024.wav,real/real_samples_02337_2961_961_000004_000024.wav,real,0,samples,4.19,24000,1,201164,b18f5666dcfee8de...
real_samples_02338_2961_961_000004_000027.wav,real/real_samples_02338_2961_961_000004_000027.wav,real,0,samples,8.82,24000,1,423404,4cc2249f4bbc3894...
real_samples_02339_2961_961_000004_000029.wav,real/real_samples_02339_2961_961_000004_000029.wav,real,0,samples,6.98,24000,1,335084,5b834249e643c0f9...
real_samples_02340_2961_961_000004_000032.wav,real/real_samples_02340_2961_961_000004_000032.wav,real,0,samples,13.73,24000,1,659084,3c06fcb12fbc3414...
real_samples_02341_2961_961_000004_000033.wav,real/real_samples_02341_2961_961_000004_000033.wav,real,0,samples,8.97,24000,1,430606,b7b2a02c9f8d223c...
real_samples_02342_2961_961_000004_000034.wav,real/real_samples_02342_2961_961_000004_000034.wav,real,0,samples,4.5,24000,1,216044,c51c43068038cb3a...
real_samples_02343_2961_961_000004_000035.wav,real/real_samples_02343_2961_961_000004_000035.wav,real,0,samples,22.18,24000,1,1064684,c3eab691eb69b077...
real_samples_02344_2961_961_000004_000036.wav,real/real_samples_02344_2961_961_000004_000036.wav,real,0,samples,6.75,24000,1,324044,927fbc9543ffd27d...
real_samples_02345_2961_961_000004_000037.wav,real/real_samples_02345_2961_961_000004_000037.wav,real,0,samples,4.71,24000,1,226124,66062b28f9aa2149...
real_samples_02346_2961_961_000004_000039.wav,real/real_samples_02346_2961_961_000004_000039.wav,real,0,samples,11.93,24000,1,572688,d98e71ff8f058645...
real_samples_02347_2961_961_000005_000001.wav,real/real_samples_02347_2961_961_000005_000001.wav,real,0,samples,21.39,24000,1,1026762,60cee5625ee5fc35...
real_samples_02348_2961_961_000005_000004.wav,real/real_samples_02348_2961_961_000005_000004.wav,real,0,samples,7.72,24000,1,370606,61dd77f3d079107e...
real_samples_02349_2961_961_000007_000001.wav,real/real_samples_02349_2961_961_000007_000001.wav,real,0,samples,4.39,24000,1,210766,2c3564c3cd3f0baa...
real_samples_02350_2961_961_000007_000004.wav,real/real_samples_02350_2961_961_000007_000004.wav,real,0,samples,13.8,24000,1,662444,aa4f2daec50cfc17...
real_samples_02351_2961_961_000008_000000.wav,real/real_samples_02351_2961_961_000008_000000.wav,real,0,samples,6.12,24000,1,293804,b2289100831f54d2...
real_samples_02352_2961_961_000009_000000.wav,real/real_samples_02352_2961_961_000009_000000.wav,real,0,samples,12.29,24000,1,589966,dd6e8dfcb02fa57b...
real_samples_02353_2961_961_000009_000002.wav,real/real_samples_02353_2961_961_000009_000002.wav,real,0,samples,23.73,24000,1,1139082,cd15d7986defe493...
real_samples_02354_2961_961_000010_000000.wav,real/real_samples_02354_2961_961_000010_000000.wav,real,0,samples,17.27,24000,1,829006,c9f228219bb2e8d4...
real_samples_02355_2961_961_000011_000000.wav,real/real_samples_02355_2961_961_000011_000000.wav,real,0,samples,5.68,24000,1,272684,0999457c45591f95...
real_samples_02356_2961_961_000011_000001.wav,real/real_samples_02356_2961_961_000011_000001.wav,real,0,samples,13.79,24000,1,661964,06e713ceabe5ca5b...
real_samples_02357_2961_961_000011_000002.wav,real/real_samples_02357_2961_961_000011_000002.wav,real,0,samples,12.22,24000,1,586604,534a2d3c384696db...
real_samples_02358_2961_961_000011_000003.wav,real/real_samples_02358_2961_961_000011_000003.wav,real,0,samples,12.6,24000,1,604842,3dfbad4b137a8865...
real_samples_02359_2961_961_000011_000004.wav,real/real_samples_02359_2961_961_000011_000004.wav,real,0,samples,11.83,24000,1,567884,5f652ee76c5a3df7...
real_samples_02360_2961_961_000013_000000.wav,real/real_samples_02360_2961_961_000013_000000.wav,real,0,samples,14.23,24000,1,683082,bd6246905f101ef4...
real_samples_02361_2961_961_000013_000003.wav,real/real_samples_02361_2961_961_000013_000003.wav,real,0,samples,17.39,24000,1,834764,708b87231d1681cc...
real_samples_02362_2961_961_000014_000000.wav,real/real_samples_02362_2961_961_000014_000000.wav,real,0,samples,12.88,24000,1,618284,9fdbd52f96da47c1...
real_samples_02363_2961_961_000014_000001.wav,real/real_samples_02363_2961_961_000014_000001.wav,real,0,samples,12.39,24000,1,594764,012ea96660a2049a...
real_samples_02364_2961_961_000014_000002.wav,real/real_samples_02364_2961_961_000014_000002.wav,real,0,samples,19.49,24000,1,935564,e9e270ddbde625a5...
real_samples_02365_2961_961_000014_000003.wav,real/real_samples_02365_2961_961_000014_000003.wav,real,0,samples,20.02,24000,1,961004,eaf5268dfcdcb096...
real_samples_02366_2961_961_000016_000003.wav,real/real_samples_02366_2961_961_000016_000003.wav,real,0,samples,16.94,24000,1,813166,323d84e424d775a0...
real_samples_02367_2961_961_000016_000004.wav,real/real_samples_02367_2961_961_000016_000004.wav,real,0,samples,13.68,24000,1,656686,304284af916c0e86...
real_samples_02368_2961_961_000017_000001.wav,real/real_samples_02368_2961_961_000017_000001.wav,real,0,samples,10.91,24000,1,523726,b1832363b8f66c05...
real_samples_02369_2961_961_000018_000000.wav,real/real_samples_02369_2961_961_000018_000000.wav,real,0,samples,16.25,24000,1,780044,e2a4f813c3cfd8a1...
real_samples_02370_2961_961_000018_000001.wav,real/real_samples_02370_2961_961_000018_000001.wav,real,0,samples,14.01,24000,1,672524,6787a4cc7801a8f3...
real_samples_02371_2961_961_000019_000000.wav,real/real_samples_02371_2961_961_000019_000000.wav,real,0,samples,9.66,24000,1,463726,f3fe8f030eb1befb...
real_samples_02372_2961_961_000019_000002.wav,real/real_samples_02372_2961_961_000019_000002.wav,real,0,samples,16.04,24000,1,769966,20a459c02008b822...
real_samples_02373_2961_961_000019_000003.wav,real/real_samples_02373_2961_961_000019_000003.wav,real,0,samples,12.63,24000,1,606284,8e9c73a2b25f6300...
real_samples_02374_2961_961_000019_000004.wav,real/real_samples_02374_2961_961_000019_000004.wav,real,0,samples,15.89,24000,1,762760,5b863f577a12d185...
real_samples_02375_2961_961_000019_000005.wav,real/real_samples_02375_2961_961_000019_000005.wav,real,0,samples,14.5,24000,1,696044,44b20a9d868b99ff...
real_samples_02376_2961_961_000019_000006.wav,real/real_samples_02376_2961_961_000019_000006.wav,real,0,samples,10.08,24000,1,483888,e95d006ab0232875...
real_samples_02377_2961_961_000019_000007.wav,real/real_samples_02377_2961_961_000019_000007.wav,real,0,samples,19.65,24000,1,943246,04d1ef1e563905f6...
real_samples_02378_2961_961_000020_000000.wav,real/real_samples_02378_2961_961_000020_000000.wav,real,0,samples,8.0,24000,1,384044,7a3eb0de2c6e61d8...
real_samples_02379_2961_961_000020_000001.wav,real/real_samples_02379_2961_961_000020_000001.wav,real,0,samples,6.2,24000,1,297646,a76f2c8a8e846fca...
real_samples_02380_2961_961_000020_000002.wav,real/real_samples_02380_2961_961_000020_000002.wav,real,0,samples,8.07,24000,1,387402,094d623dc4e6da7e...
real_samples_02381_2961_961_000020_000003.wav,real/real_samples_02381_2961_961_000020_000003.wav,real,0,samples,17.37,24000,1,833804,df06c0498c8a31cd...
real_samples_02382_2961_961_000020_000004.wav,real/real_samples_02382_2961_961_000020_000004.wav,real,0,samples,14.56,24000,1,698926,d216cc17070f9c2d...
real_samples_02383_2961_961_000020_000006.wav,real/real_samples_02383_2961_961_000020_000006.wav,real,0,samples,12.35,24000,1,592848,af40c419b81a03bf...
real_samples_02384_2961_961_000020_000007.wav,real/real_samples_02384_2961_961_000020_000007.wav,real,0,samples,17.71,24000,1,850122,163410ade84f7a61...
real_samples_02385_2961_961_000021_000001.wav,real/real_samples_02385_2961_961_000021_000001.wav,real,0,samples,4.01,24000,1,192524,b36b674a846c59b6...
real_samples_02386_2961_961_000022_000000.wav,real/real_samples_02386_2961_961_000022_000000.wav,real,0,samples,15.47,24000,1,742608,37144c95fa8e28fa...
real_samples_02387_2961_961_000022_000001.wav,real/real_samples_02387_2961_961_000022_000001.wav,real,0,samples,6.93,24000,1,332682,8d97139b52120539...
real_samples_02388_2961_961_000022_000002.wav,real/real_samples_02388_2961_961_000022_000002.wav,real,0,samples,4.83,24000,1,231882,6e5b29fc0dfda331...
real_samples_02389_2961_961_000022_000003.wav,real/real_samples_02389_2961_961_000022_000003.wav,real,0,samples,8.23,24000,1,395084,ec603f4a45e4ace5...
real_samples_02390_2961_961_000022_000004.wav,real/real_samples_02390_2961_961_000022_000004.wav,real,0,samples,19.65,24000,1,943246,2cf519e4ac79d1b3...
real_samples_02391_2961_961_000022_000005.wav,real/real_samples_02391_2961_961_000022_000005.wav,real,0,samples,18.16,24000,1,871726,e83825eaedb624f6...
real_samples_02392_2961_961_000022_000007.wav,real/real_samples_02392_2961_961_000022_000007.wav,real,0,samples,23.43,24000,1,1124686,c23ccac2e84946df...
real_samples_02393_2961_961_000023_000001.wav,real/real_samples_02393_2961_961_000023_000001.wav,real,0,samples,25.93,24000,1,1244682,8cfe497f67afd0a9...
real_samples_02394_2961_961_000023_000002.wav,real/real_samples_02394_2961_961_000023_000002.wav,real,0,samples,11.84,24000,1,568364,33b0bd0e593b535e...
real_samples_02395_2961_961_000023_000003.wav,real/real_samples_02395_2961_961_000023_000003.wav,real,0,samples,20.45,24000,1,981648,715aaee31b5f917b...
real_samples_02396_2961_961_000023_000006.wav,real/real_samples_02396_2961_961_000023_000006.wav,real,0,samples,16.98,24000,1,815088,010900dd0d979d7d...
real_samples_02397_2961_961_000023_000007.wav,real/real_samples_02397_2961_961_000023_000007.wav,real,0,samples,5.53,24000,1,265486,0b0347d2094ba4c2...
real_samples_02398_2961_961_000024_000000.wav,real/real_samples_02398_2961_961_000024_000000.wav,real,0,samples,15.87,24000,1,761804,2d8a04e8b8d2519f...
real_samples_02399_2961_961_000024_000001.wav,real/real_samples_02399_2961_961_000024_000001.wav,real,0,samples,14.38,24000,1,690286,196822a2df01dac6...
real_samples_02400_2961_961_000024_000002.wav,real/real_samples_02400_2961_961_000024_000002.wav,real,0,samples,6.51,24000,1,312524,962237129d439b0e...
real_samples_02401_2961_961_000025_000000.wav,real/real_samples_02401_2961_961_000025_000000.wav,real,0,samples,7.73,24000,1,371084,c1f801c59b44d830...
real_samples_02402_2961_961_000025_000003.wav,real/real_samples_02402_2961_961_000025_000003.wav,real,0,samples,7.81,24000,1,374926,fa0780606c4a7d3d...
real_samples_02403_2961_961_000025_000005.wav,real/real_samples_02403_2961_961_000025_000005.wav,real,0,samples,8.87,24000,1,425798,dd2f827790481c48...
real_samples_02404_2961_961_000025_000006.wav,real/real_samples_02404_2961_961_000025_000006.wav,real,0,samples,15.05,24000,1,722446,7810b32c3a584342...
real_samples_02405_2961_961_000025_000008.wav,real/real_samples_02405_2961_961_000025_000008.wav,real,0,samples,13.18,24000,1,632680,d0f5e9a7559195f7...
real_samples_02406_2961_961_000026_000002.wav,real/real_samples_02406_2961_961_000026_000002.wav,real,0,samples,8.57,24000,1,411394,4011fca3a440720d...
real_samples_02407_2961_961_000026_000003.wav,real/real_samples_02407_2961_961_000026_000003.wav,real,0,samples,11.82,24000,1,567396,2292ce953d584ba7...
real_samples_02408_2961_961_000026_000004.wav,real/real_samples_02408_2961_961_000026_000004.wav,real,0,samples,15.03,24000,1,721486,515a80a838edb73f...
real_samples_02409_2961_961_000026_000005.wav,real/real_samples_02409_2961_961_000026_000005.wav,real,0,samples,8.86,24000,1,425318,48ad79b2eed43158...
real_samples_02410_3570_5694_000005_000000.wav,real/real_samples_02410_3570_5694_000005_000000.wav,real,0,samples,11.4,24000,1,547244,cf7c9584a8dec289...
real_samples_02411_3570_5694_000005_000001.wav,real/real_samples_02411_3570_5694_000005_000001.wav,real,0,samples,18.06,24000,1,866924,97b4dd8745a1b810...
real_samples_02412_3570_5694_000005_000002.wav,real/real_samples_02412_3570_5694_000005_000002.wav,real,0,samples,15.14,24000,1,726764,bb0b2d9f99ba9fbb...
real_samples_02413_3570_5694_000005_000003.wav,real/real_samples_02413_3570_5694_000005_000003.wav,real,0,samples,4.98,24000,1,239084,2ff9abe28b148be6...
real_samples_02414_3570_5694_000005_000004.wav,real/real_samples_02414_3570_5694_000005_000004.wav,real,0,samples,7.98,24000,1,383084,a0951ceb05076a2b...
real_samples_02415_3570_5694_000006_000000.wav,real/real_samples_02415_3570_5694_000006_000000.wav,real,0,samples,13.45,24000,1,645644,27e69c01e1393199...
real_samples_02416_3570_5694_000006_000002.wav,real/real_samples_02416_3570_5694_000006_000002.wav,real,0,samples,9.92,24000,1,476204,681a453e9917bf6b...
real_samples_02417_3570_5694_000006_000004.wav,real/real_samples_02417_3570_5694_000006_000004.wav,real,0,samples,12.21,24000,1,586124,3b63d36b1a7ce904...
real_samples_02418_3570_5694_000006_000005.wav,real/real_samples_02418_3570_5694_000006_000005.wav,real,0,samples,18.72,24000,1,898604,6c2a6425ca4f8669...
real_samples_02419_3570_5694_000006_000006.wav,real/real_samples_02419_3570_5694_000006_000006.wav,real,0,samples,14.55,24000,1,698444,bbc2a1e93b1fb0ac...
real_samples_02420_3570_5694_000006_000007.wav,real/real_samples_02420_3570_5694_000006_000007.wav,real,0,samples,4.61,24000,1,221324,143c1a3e7f9dc798...
real_samples_02421_3570_5694_000006_000008.wav,real/real_samples_02421_3570_5694_000006_000008.wav,real,0,samples,7.74,24000,1,371564,89e4fe65cbe2bc04...
real_samples_02422_3570_5694_000007_000001.wav,real/real_samples_02422_3570_5694_000007_000001.wav,real,0,samples,4.87,24000,1,233804,0341ca84321bda7f...
real_samples_02423_3570_5694_000007_000002.wav,real/real_samples_02423_3570_5694_000007_000002.wav,real,0,samples,9.95,24000,1,477644,1f80f58d9663f6bb...
real_samples_02424_3570_5694_000007_000003.wav,real/real_samples_02424_3570_5694_000007_000003.wav,real,0,samples,13.18,24000,1,632684,9db1c0677c5b032f...
real_samples_02425_3570_5694_000007_000004.wav,real/real_samples_02425_3570_5694_000007_000004.wav,real,0,samples,13.81,24000,1,662924,910470e1ab9370f6...
real_samples_02426_3570_5694_000007_000005.wav,real/real_samples_02426_3570_5694_000007_000005.wav,real,0,samples,6.1,24000,1,292844,c6987ef9d14a6a9c...
real_samples_02427_3570_5694_000007_000006.wav,real/real_samples_02427_3570_5694_000007_000006.wav,real,0,samples,9.82,24000,1,471404,a36b6dbec5e8134c...
real_samples_02428_3570_5694_000007_000008.wav,real/real_samples_02428_3570_5694_000007_000008.wav,real,0,samples,8.26,24000,1,396524,db2b2e2a5923f1c1...
real_samples_02429_3570_5694_000007_000009.wav,real/real_samples_02429_3570_5694_000007_000009.wav,real,0,samples,5.9,24000,1,283244,65f91f120362d620...
real_samples_02430_3570_5694_000007_000010.wav,real/real_samples_02430_3570_5694_000007_000010.wav,real,0,samples,13.36,24000,1,641324,4011a91213debc20...
real_samples_02431_3570_5694_000008_000000.wav,real/real_samples_02431_3570_5694_000008_000000.wav,real,0,samples,10.59,24000,1,508364,1f2381fd636a1eea...
real_samples_02432_3570_5694_000008_000001.wav,real/real_samples_02432_3570_5694_000008_000001.wav,real,0,samples,19.41,24000,1,931724,e467b988a7bd7c2a...
real_samples_02433_3570_5694_000008_000002.wav,real/real_samples_02433_3570_5694_000008_000002.wav,real,0,samples,19.1,24000,1,916844,de5473c0be7f4217...
real_samples_02434_3570_5694_000008_000003.wav,real/real_samples_02434_3570_5694_000008_000003.wav,real,0,samples,8.88,24000,1,426284,85cce8b3649df88b...
real_samples_02435_3570_5694_000008_000004.wav,real/real_samples_02435_3570_5694_000008_000004.wav,real,0,samples,4.46,24000,1,214124,63286f847ba746c7...
real_samples_02436_3570_5694_000008_000007.wav,real/real_samples_02436_3570_5694_000008_000007.wav,real,0,samples,12.0,24000,1,576044,58784506049ca39c...
real_samples_02437_3570_5694_000008_000008.wav,real/real_samples_02437_3570_5694_000008_000008.wav,real,0,samples,12.39,24000,1,594764,a77927a5dfe68f9a...
real_samples_02438_3570_5694_000008_000009.wav,real/real_samples_02438_3570_5694_000008_000009.wav,real,0,samples,12.98,24000,1,623086,ca8d8f062d2c7d13...
real_samples_02439_3570_5694_000008_000010.wav,real/real_samples_02439_3570_5694_000008_000010.wav,real,0,samples,12.32,24000,1,591400,2667a90d37c6e165...
real_samples_02440_3570_5694_000008_000011.wav,real/real_samples_02440_3570_5694_000008_000011.wav,real,0,samples,13.58,24000,1,651884,c6d28efb48a8cce1...
real_samples_02441_3570_5694_000008_000012.wav,real/real_samples_02441_3570_5694_000008_000012.wav,real,0,samples,12.85,24000,1,616844,d21ae525ec06d6f1...
real_samples_02442_3570_5694_000009_000001.wav,real/real_samples_02442_3570_5694_000009_000001.wav,real,0,samples,25.69,24000,1,1233164,dfc6023fed181903...
real_samples_02443_3570_5694_000009_000002.wav,real/real_samples_02443_3570_5694_000009_000002.wav,real,0,samples,3.1,24000,1,148846,fe5db9bb48e935c1...
real_samples_02444_3570_5694_000009_000003.wav,real/real_samples_02444_3570_5694_000009_000003.wav,real,0,samples,7.97,24000,1,382602,7b7c8ace05a5c993...
real_samples_02445_3570_5694_000009_000004.wav,real/real_samples_02445_3570_5694_000009_000004.wav,real,0,samples,14.23,24000,1,683082,661f8f35078ccccb...
real_samples_02446_3570_5694_000010_000000.wav,real/real_samples_02446_3570_5694_000010_000000.wav,real,0,samples,12.19,24000,1,585164,9729568527549627...
real_samples_02447_3570_5694_000010_000001.wav,real/real_samples_02447_3570_5694_000010_000001.wav,real,0,samples,6.18,24000,1,296684,e8b912da9f3b1ec0...
real_samples_02448_3570_5694_000010_000002.wav,real/real_samples_02448_3570_5694_000010_000002.wav,real,0,samples,11.03,24000,1,529484,fc3ad26cb165e19c...
real_samples_02449_3570_5694_000010_000003.wav,real/real_samples_02449_3570_5694_000010_000003.wav,real,0,samples,10.74,24000,1,515562,3a6b97428dd00526...
real_samples_02450_3570_5694_000010_000004.wav,real/real_samples_02450_3570_5694_000010_000004.wav,real,0,samples,15.41,24000,1,739724,f1fc385e12b32a3f...
real_samples_02451_3570_5694_000010_000005.wav,real/real_samples_02451_3570_5694_000010_000005.wav,real,0,samples,9.52,24000,1,457002,7a46bfb5d115e6da...
real_samples_02452_3570_5694_000010_000007.wav,real/real_samples_02452_3570_5694_000010_000007.wav,real,0,samples,3.64,24000,1,174766,82469bd2d843b8a4...
real_samples_02453_3570_5694_000010_000008.wav,real/real_samples_02453_3570_5694_000010_000008.wav,real,0,samples,6.8,24000,1,326448,bef6366e76707210...
real_samples_02454_3570_5694_000011_000000.wav,real/real_samples_02454_3570_5694_000011_000000.wav,real,0,samples,5.12,24000,1,245804,b0daa39839391760...
real_samples_02455_3570_5694_000011_000001.wav,real/real_samples_02455_3570_5694_000011_000001.wav,real,0,samples,6.99,24000,1,335568,3daf93366cddae92...
real_samples_02456_3570_5694_000011_000002.wav,real/real_samples_02456_3570_5694_000011_000002.wav,real,0,samples,7.35,24000,1,352842,d30b974bdac1d8e6...
real_samples_02457_3570_5694_000011_000003.wav,real/real_samples_02457_3570_5694_000011_000003.wav,real,0,samples,16.32,24000,1,783406,b7422b6718941ab9...
real_samples_02458_3570_5694_000011_000004.wav,real/real_samples_02458_3570_5694_000011_000004.wav,real,0,samples,5.89,24000,1,282766,d2c67853b59e0704...
real_samples_02459_3570_5694_000011_000005.wav,real/real_samples_02459_3570_5694_000011_000005.wav,real,0,samples,7.81,24000,1,374924,e459c809339ff9fe...
real_samples_02460_3570_5694_000011_000006.wav,real/real_samples_02460_3570_5694_000011_000006.wav,real,0,samples,13.68,24000,1,656688,e19e90b0c762d24e...
real_samples_02461_3570_5694_000012_000001.wav,real/real_samples_02461_3570_5694_000012_000001.wav,real,0,samples,10.82,24000,1,519406,aa7cacaf924d5ab5...
real_samples_02462_3570_5694_000012_000002.wav,real/real_samples_02462_3570_5694_000012_000002.wav,real,0,samples,18.8,24000,1,902444,38f029856a4b53eb...
real_samples_02463_3570_5694_000012_000003.wav,real/real_samples_02463_3570_5694_000012_000003.wav,real,0,samples,10.25,24000,1,492044,080d8f73e3d34636...
real_samples_02464_3570_5694_000013_000000.wav,real/real_samples_02464_3570_5694_000013_000000.wav,real,0,samples,10.44,24000,1,501164,61e76f7802cf9655...
real_samples_02465_3570_5694_000013_000001.wav,real/real_samples_02465_3570_5694_000013_000001.wav,real,0,samples,5.2,24000,1,249646,fe95658c4ed2d805...
real_samples_02466_3570_5694_000013_000003.wav,real/real_samples_02466_3570_5694_000013_000003.wav,real,0,samples,11.14,24000,1,534762,b787e583c409a51b...
real_samples_02467_3570_5694_000013_000004.wav,real/real_samples_02467_3570_5694_000013_000004.wav,real,0,samples,10.14,24000,1,486764,d4c0dcf22d745790...
real_samples_02468_3570_5694_000013_000006.wav,real/real_samples_02468_3570_5694_000013_000006.wav,real,0,samples,10.28,24000,1,493484,6cb41b5f81aaba6d...
real_samples_02469_3570_5694_000013_000007.wav,real/real_samples_02469_3570_5694_000013_000007.wav,real,0,samples,10.78,24000,1,517484,d0b586837cc760e5...
real_samples_02470_3570_5694_000013_000008.wav,real/real_samples_02470_3570_5694_000013_000008.wav,real,0,samples,8.02,24000,1,385002,31d18ad431bd0ae0...
real_samples_02471_3570_5694_000014_000002.wav,real/real_samples_02471_3570_5694_000014_000002.wav,real,0,samples,9.73,24000,1,467084,eb604df86eb478f6...
real_samples_02472_3570_5694_000014_000004.wav,real/real_samples_02472_3570_5694_000014_000004.wav,real,0,samples,12.74,24000,1,611562,681a3ebc5ed14b76...
real_samples_02473_3570_5694_000014_000005.wav,real/real_samples_02473_3570_5694_000014_000005.wav,real,0,samples,7.89,24000,1,378762,725059291c693636...
real_samples_02474_3570_5694_000014_000006.wav,real/real_samples_02474_3570_5694_000014_000006.wav,real,0,samples,7.3,24000,1,350444,8386c9a4c3bb9c71...
real_samples_02475_3570_5694_000014_000007.wav,real/real_samples_02475_3570_5694_000014_000007.wav,real,0,samples,4.32,24000,1,207406,83eebf55f20f271c...
real_samples_02476_3570_5694_000014_000008.wav,real/real_samples_02476_3570_5694_000014_000008.wav,real,0,samples,11.43,24000,1,548682,273fa9bda48975da...
real_samples_02477_3570_5694_000014_000009.wav,real/real_samples_02477_3570_5694_000014_000009.wav,real,0,samples,3.14,24000,1,150766,4ae44e5b4344b422...
real_samples_02478_3570_5694_000014_000012.wav,real/real_samples_02478_3570_5694_000014_000012.wav,real,0,samples,9.21,24000,1,442122,c68cb81c8627dc75...
real_samples_02479_3570_5694_000014_000013.wav,real/real_samples_02479_3570_5694_000014_000013.wav,real,0,samples,12.07,24000,1,579408,06570a27a9aec669...
real_samples_02480_3570_5694_000014_000014.wav,real/real_samples_02480_3570_5694_000014_000014.wav,real,0,samples,3.52,24000,1,169004,e3d0989cf9fb84c7...
real_samples_02481_3570_5694_000014_000015.wav,real/real_samples_02481_3570_5694_000014_000015.wav,real,0,samples,9.9,24000,1,475244,ecc0df3bc548ef5f...
real_samples_02482_3570_5694_000014_000018.wav,real/real_samples_02482_3570_5694_000014_000018.wav,real,0,samples,7.36,24000,1,353324,d659554c04b309f4...
real_samples_02483_3570_5694_000014_000019.wav,real/real_samples_02483_3570_5694_000014_000019.wav,real,0,samples,5.29,24000,1,253960,b2c940691b0e8123...
real_samples_02484_3570_5694_000014_000021.wav,real/real_samples_02484_3570_5694_000014_000021.wav,real,0,samples,3.77,24000,1,181006,f6896fa1161ba167...
real_samples_02485_3570_5694_000014_000022.wav,real/real_samples_02485_3570_5694_000014_000022.wav,real,0,samples,7.25,24000,1,348044,885ff7a10241ae1c...
real_samples_02486_3570_5694_000014_000023.wav,real/real_samples_02486_3570_5694_000014_000023.wav,real,0,samples,8.67,24000,1,416200,f5114d5ee425601d...
real_samples_02487_3570_5695_000000_000000.wav,real/real_samples_02487_3570_5695_000000_000000.wav,real,0,samples,6.83,24000,1,327884,d4a51948a2126e40...
real_samples_02488_3570_5695_000000_000002.wav,real/real_samples_02488_3570_5695_000000_000002.wav,real,0,samples,4.35,24000,1,208844,e03a9ab0823aa438...
real_samples_02489_3570_5695_000000_000004.wav,real/real_samples_02489_3570_5695_000000_000004.wav,real,0,samples,7.26,24000,1,348524,13824ba7ade40acd...
real_samples_02490_3570_5695_000001_000001.wav,real/real_samples_02490_3570_5695_000001_000001.wav,real,0,samples,6.29,24000,1,301964,3da16684913183eb...
real_samples_02491_3570_5695_000001_000002.wav,real/real_samples_02491_3570_5695_000001_000002.wav,real,0,samples,3.17,24000,1,152204,0d262b85f1b76827...
real_samples_02492_3570_5695_000001_000003.wav,real/real_samples_02492_3570_5695_000001_000003.wav,real,0,samples,6.33,24000,1,303884,d1415be63ec643fc...
real_samples_02493_3570_5695_000001_000004.wav,real/real_samples_02493_3570_5695_000001_000004.wav,real,0,samples,9.33,24000,1,447884,b2b3ff44c2782078...
real_samples_02494_3570_5695_000001_000005.wav,real/real_samples_02494_3570_5695_000001_000005.wav,real,0,samples,13.47,24000,1,646604,942feb80206077c2...
real_samples_02495_3570_5695_000001_000006.wav,real/real_samples_02495_3570_5695_000001_000006.wav,real,0,samples,13.23,24000,1,635084,fbd4ae33e933d716...
real_samples_02496_3570_5695_000001_000007.wav,real/real_samples_02496_3570_5695_000001_000007.wav,real,0,samples,12.54,24000,1,601964,a7d07aa516132496...
real_samples_02497_3570_5695_000002_000000.wav,real/real_samples_02497_3570_5695_000002_000000.wav,real,0,samples,5.69,24000,1,273164,e3e4596b140b0596...
real_samples_02498_3570_5695_000002_000001.wav,real/real_samples_02498_3570_5695_000002_000001.wav,real,0,samples,14.68,24000,1,704684,3d8bdb6f66dedc21...
real_samples_02499_3570_5695_000002_000003.wav,real/real_samples_02499_3570_5695_000002_000003.wav,real,0,samples,20.79,24000,1,997964,52e07f649d78508a...
real_samples_02500_3570_5695_000002_000004.wav,real/real_samples_02500_3570_5695_000002_000004.wav,real,0,samples,4.11,24000,1,197324,b63b44a766c0d210...
real_samples_02501_3570_5695_000002_000005.wav,real/real_samples_02501_3570_5695_000002_000005.wav,real,0,samples,14.7,24000,1,705644,bf1a21ebc89082b8...
real_samples_02502_3570_5695_000002_000006.wav,real/real_samples_02502_3570_5695_000002_000006.wav,real,0,samples,12.18,24000,1,584684,66e4f7a316ef612a...
real_samples_02503_3570_5695_000002_000007.wav,real/real_samples_02503_3570_5695_000002_000007.wav,real,0,samples,10.23,24000,1,491084,1a40d0c852705d6a...
real_samples_02504_3570_5695_000002_000008.wav,real/real_samples_02504_3570_5695_000002_000008.wav,real,0,samples,12.52,24000,1,601004,7cfed823b5910191...
real_samples_02505_3570_5695_000004_000000.wav,real/real_samples_02505_3570_5695_000004_000000.wav,real,0,samples,11.64,24000,1,558764,1f5f035de3b4ab3a...
real_samples_02506_3570_5695_000004_000001.wav,real/real_samples_02506_3570_5695_000004_000001.wav,real,0,samples,4.45,24000,1,213644,c98c262a0a64d532...
real_samples_02507_3570_5695_000004_000002.wav,real/real_samples_02507_3570_5695_000004_000002.wav,real,0,samples,9.84,24000,1,472364,8f5fab27445b7127...
real_samples_02508_3570_5695_000004_000003.wav,real/real_samples_02508_3570_5695_000004_000003.wav,real,0,samples,5.94,24000,1,285164,fd0abb8d2f89215e...
real_samples_02509_3570_5695_000004_000006.wav,real/real_samples_02509_3570_5695_000004_000006.wav,real,0,samples,15.15,24000,1,727244,2660a02de834b82c...
real_samples_02510_3570_5695_000004_000008.wav,real/real_samples_02510_3570_5695_000004_000008.wav,real,0,samples,9.21,24000,1,442124,d123cdcd6b5619f0...
real_samples_02511_3570_5695_000004_000009.wav,real/real_samples_02511_3570_5695_000004_000009.wav,real,0,samples,19.36,24000,1,929324,aa09b456df40ed85...
real_samples_02512_3570_5695_000004_000010.wav,real/real_samples_02512_3570_5695_000004_000010.wav,real,0,samples,5.73,24000,1,275084,f2a74c60f160460c...
real_samples_02513_3570_5695_000004_000011.wav,real/real_samples_02513_3570_5695_000004_000011.wav,real,0,samples,6.02,24000,1,289004,d62805726b630bf1...
real_samples_02514_3570_5695_000004_000012.wav,real/real_samples_02514_3570_5695_000004_000012.wav,real,0,samples,7.11,24000,1,341324,f0110041d09b23d8...
real_samples_02515_3570_5695_000004_000013.wav,real/real_samples_02515_3570_5695_000004_000013.wav,real,0,samples,9.33,24000,1,447884,4c247334d57c19ba...
real_samples_02516_3570_5695_000005_000000.wav,real/real_samples_02516_3570_5695_000005_000000.wav,real,0,samples,15.25,24000,1,732044,eb3e950e6c8987ab...
real_samples_02517_3570_5695_000005_000001.wav,real/real_samples_02517_3570_5695_000005_000001.wav,real,0,samples,5.91,24000,1,283724,f7a84f6878945bbe...
real_samples_02518_3570_5695_000005_000002.wav,real/real_samples_02518_3570_5695_000005_000002.wav,real,0,samples,9.83,24000,1,471884,c568dc7653030c11...
real_samples_02519_3570_5695_000005_000003.wav,real/real_samples_02519_3570_5695_000005_000003.wav,real,0,samples,6.05,24000,1,290444,e115a86f5ca80731...
real_samples_02520_3570_5695_000005_000004.wav,real/real_samples_02520_3570_5695_000005_000004.wav,real,0,samples,6.39,24000,1,306764,a33bd63f1e35be5a...
real_samples_02521_3570_5695_000005_000005.wav,real/real_samples_02521_3570_5695_000005_000005.wav,real,0,samples,3.97,24000,1,190604,49dcbe11c16b0ea5...
real_samples_02522_3570_5695_000006_000001.wav,real/real_samples_02522_3570_5695_000006_000001.wav,real,0,samples,4.4,24000,1,211242,c63f6dbf64b4e3c9...
real_samples_02523_3570_5695_000006_000003.wav,real/real_samples_02523_3570_5695_000006_000003.wav,real,0,samples,3.49,24000,1,167562,d450f4b7098beaaf...
real_samples_02524_3570_5695_000006_000004.wav,real/real_samples_02524_3570_5695_000006_000004.wav,real,0,samples,14.64,24000,1,702766,29eae27b8c9b22b6...
real_samples_02525_3570_5695_000007_000001.wav,real/real_samples_02525_3570_5695_000007_000001.wav,real,0,samples,19.26,24000,1,924524,7d28a1d6893a34e4...
real_samples_02526_3570_5695_000007_000002.wav,real/real_samples_02526_3570_5695_000007_000002.wav,real,0,samples,9.28,24000,1,445484,6e9db28417cdd3fe...
real_samples_02527_3570_5695_000007_000003.wav,real/real_samples_02527_3570_5695_000007_000003.wav,real,0,samples,11.53,24000,1,553486,e71a127688261583...
real_samples_02528_3570_5695_000007_000004.wav,real/real_samples_02528_3570_5695_000007_000004.wav,real,0,samples,11.48,24000,1,551084,cf17b82e918edbc3...
real_samples_02529_3570_5695_000007_000005.wav,real/real_samples_02529_3570_5695_000007_000005.wav,real,0,samples,7.75,24000,1,372044,439529bfc4c7c872...
real_samples_02530_3570_5695_000008_000000.wav,real/real_samples_02530_3570_5695_000008_000000.wav,real,0,samples,14.12,24000,1,677804,a7103488f02a62b2...
real_samples_02531_3570_5695_000008_000002.wav,real/real_samples_02531_3570_5695_000008_000002.wav,real,0,samples,6.49,24000,1,311564,c6ca665fd368e354...
real_samples_02532_3570_5695_000008_000003.wav,real/real_samples_02532_3570_5695_000008_000003.wav,real,0,samples,10.38,24000,1,498284,a292f120a52f0f58...
real_samples_02533_3570_5695_000008_000004.wav,real/real_samples_02533_3570_5695_000008_000004.wav,real,0,samples,10.68,24000,1,512682,df76487bbc12d7d6...
real_samples_02534_3570_5695_000008_000005.wav,real/real_samples_02534_3570_5695_000008_000005.wav,real,0,samples,5.52,24000,1,265002,54ff37330b1e7891...
real_samples_02535_3570_5695_000008_000006.wav,real/real_samples_02535_3570_5695_000008_000006.wav,real,0,samples,16.36,24000,1,785322,a271b5ef02f6cf07...
real_samples_02536_3570_5695_000008_000007.wav,real/real_samples_02536_3570_5695_000008_000007.wav,real,0,samples,4.15,24000,1,199242,3f7c6b3fe85ee439...
real_samples_02537_3570_5695_000008_000008.wav,real/real_samples_02537_3570_5695_000008_000008.wav,real,0,samples,6.83,24000,1,327886,0153b01703e6652c...
real_samples_02538_3570_5695_000009_000000.wav,real/real_samples_02538_3570_5695_000009_000000.wav,real,0,samples,4.31,24000,1,206924,cb0873224fdc33fd...
real_samples_02539_3570_5695_000009_000001.wav,real/real_samples_02539_3570_5695_000009_000001.wav,real,0,samples,10.33,24000,1,495886,77a5913f21450f42...
real_samples_02540_3570_5695_000009_000002.wav,real/real_samples_02540_3570_5695_000009_000002.wav,real,0,samples,10.97,24000,1,526602,9d65de9c65f84cbd...
real_samples_02541_3570_5695_000009_000004.wav,real/real_samples_02541_3570_5695_000009_000004.wav,real,0,samples,5.58,24000,1,267882,2e38c125e4379e1b...
real_samples_02542_3570_5695_000009_000005.wav,real/real_samples_02542_3570_5695_000009_000005.wav,real,0,samples,19.27,24000,1,925006,0835337dda046e05...
real_samples_02543_3570_5695_000010_000001.wav,real/real_samples_02543_3570_5695_000010_000001.wav,real,0,samples,15.54,24000,1,745962,f38bafa293e3e054...
real_samples_02544_3570_5695_000010_000002.wav,real/real_samples_02544_3570_5695_000010_000002.wav,real,0,samples,16.28,24000,1,781482,9f052e72f3862cb6...
real_samples_02545_3570_5695_000010_000004.wav,real/real_samples_02545_3570_5695_000010_000004.wav,real,0,samples,3.49,24000,1,167568,cffaad0704c864f0...
real_samples_02546_3570_5695_000010_000005.wav,real/real_samples_02546_3570_5695_000010_000005.wav,real,0,samples,5.26,24000,1,252526,b11de1419d9f753d...
real_samples_02547_3570_5695_000010_000006.wav,real/real_samples_02547_3570_5695_000010_000006.wav,real,0,samples,7.44,24000,1,357164,4e7cdb4008afaadf...
real_samples_02548_3570_5695_000010_000007.wav,real/real_samples_02548_3570_5695_000010_000007.wav,real,0,samples,10.57,24000,1,507406,2f54cc135b5f6768...
real_samples_02549_3570_5695_000010_000008.wav,real/real_samples_02549_3570_5695_000010_000008.wav,real,0,samples,8.7,24000,1,417644,fc235e16a79890a5...
real_samples_02550_3570_5695_000010_000009.wav,real/real_samples_02550_3570_5695_000010_000009.wav,real,0,samples,7.62,24000,1,365804,ef37a58bd68cc557...
real_samples_02551_3570_5696_000002_000000.wav,real/real_samples_02551_3570_5696_000002_000000.wav,real,0,samples,12.07,24000,1,579404,1aa34ae3dcb03411...
real_samples_02552_3570_5696_000002_000001.wav,real/real_samples_02552_3570_5696_000002_000001.wav,real,0,samples,11.27,24000,1,541004,7521b2b88ed3fcca...
real_samples_02553_3570_5696_000002_000002.wav,real/real_samples_02553_3570_5696_000002_000002.wav,real,0,samples,19.65,24000,1,943244,c3b0bdc76af76dce...
real_samples_02554_3570_5696_000002_000003.wav,real/real_samples_02554_3570_5696_000002_000003.wav,real,0,samples,4.19,24000,1,201164,5a2a807a540ff914...
real_samples_02555_3570_5696_000002_000004.wav,real/real_samples_02555_3570_5696_000002_000004.wav,real,0,samples,12.07,24000,1,579404,f11294f1d871a7a5...
real_samples_02556_3570_5696_000002_000005.wav,real/real_samples_02556_3570_5696_000002_000005.wav,real,0,samples,10.61,24000,1,509324,82887a4bdae37f1f...
real_samples_02557_3570_5696_000003_000000.wav,real/real_samples_02557_3570_5696_000003_000000.wav,real,0,samples,13.19,24000,1,633164,890ff9be8993e63d...
real_samples_02558_3570_5696_000003_000001.wav,real/real_samples_02558_3570_5696_000003_000001.wav,real,0,samples,20.15,24000,1,967244,8e03412f6d1be3f2...
real_samples_02559_3570_5696_000003_000002.wav,real/real_samples_02559_3570_5696_000003_000002.wav,real,0,samples,19.24,24000,1,923564,7966047bc3fa620f...
real_samples_02560_3570_5696_000003_000003.wav,real/real_samples_02560_3570_5696_000003_000003.wav,real,0,samples,11.41,24000,1,547724,b547f23889bf8f74...
real_samples_02561_3570_5696_000003_000004.wav,real/real_samples_02561_3570_5696_000003_000004.wav,real,0,samples,15.18,24000,1,728684,c3b37925efc626d7...
real_samples_02562_3570_5696_000004_000001.wav,real/real_samples_02562_3570_5696_000004_000001.wav,real,0,samples,7.36,24000,1,353324,9ba2a8805212ccb9...
real_samples_02563_3570_5696_000004_000002.wav,real/real_samples_02563_3570_5696_000004_000002.wav,real,0,samples,3.24,24000,1,155564,701694a868ad9039...
real_samples_02564_3570_5696_000004_000003.wav,real/real_samples_02564_3570_5696_000004_000003.wav,real,0,samples,6.13,24000,1,294284,478b9b7df9c29364...
real_samples_02565_3570_5696_000004_000004.wav,real/real_samples_02565_3570_5696_000004_000004.wav,real,0,samples,7.8,24000,1,374444,9edabf3b2e84cc14...
real_samples_02566_3570_5696_000004_000006.wav,real/real_samples_02566_3570_5696_000004_000006.wav,real,0,samples,21.66,24000,1,1039724,245c1646ff79618a...
real_samples_02567_3570_5696_000004_000007.wav,real/real_samples_02567_3570_5696_000004_000007.wav,real,0,samples,8.54,24000,1,409964,375d9e6ee3a76ccf...
real_samples_02568_3570_5696_000005_000002.wav,real/real_samples_02568_3570_5696_000005_000002.wav,real,0,samples,13.56,24000,1,650924,5f6d9aeb1716d41a...
real_samples_02569_3575_170457_000010_000001.wav,real/real_samples_02569_3575_170457_000010_000001.wav,real,0,samples,4.9,24000,1,235244,9e14b15e19a8735a...
real_samples_02570_3575_170457_000010_000007.wav,real/real_samples_02570_3575_170457_000010_000007.wav,real,0,samples,6.44,24000,1,309164,945e3382105d3569...
real_samples_02571_3575_170457_000012_000002.wav,real/real_samples_02571_3575_170457_000012_000002.wav,real,0,samples,6.8,24000,1,326444,2f6a7662dd710127...
real_samples_02572_3575_170457_000012_000003.wav,real/real_samples_02572_3575_170457_000012_000003.wav,real,0,samples,7.08,24000,1,339884,f57a8556eb06765c...
real_samples_02573_3575_170457_000012_000007.wav,real/real_samples_02573_3575_170457_000012_000007.wav,real,0,samples,12.67,24000,1,608204,d83964cc4cabfbf0...
real_samples_02574_3575_170457_000015_000003.wav,real/real_samples_02574_3575_170457_000015_000003.wav,real,0,samples,5.7,24000,1,273644,68b424463f6f2401...
real_samples_02575_3575_170457_000016_000000.wav,real/real_samples_02575_3575_170457_000016_000000.wav,real,0,samples,6.12,24000,1,293804,8ca4cd6d0eb1d51d...
real_samples_02576_3575_170457_000016_000004.wav,real/real_samples_02576_3575_170457_000016_000004.wav,real,0,samples,15.86,24000,1,761324,2263d885e098808a...
real_samples_02577_3575_170457_000016_000005.wav,real/real_samples_02577_3575_170457_000016_000005.wav,real,0,samples,3.78,24000,1,181482,4a6690f31d774684...
real_samples_02578_3575_170457_000016_000008.wav,real/real_samples_02578_3575_170457_000016_000008.wav,real,0,samples,13.45,24000,1,645644,ab3f82989e37e425...
real_samples_02579_3575_170457_000017_000001.wav,real/real_samples_02579_3575_170457_000017_000001.wav,real,0,samples,6.82,24000,1,327404,2b890428ba03b6fb...
real_samples_02580_3575_170457_000021_000000.wav,real/real_samples_02580_3575_170457_000021_000000.wav,real,0,samples,10.83,24000,1,519882,b55c9a6a08041cf9...
real_samples_02581_3575_170457_000023_000002.wav,real/real_samples_02581_3575_170457_000023_000002.wav,real,0,samples,4.67,24000,1,224202,ce2fa19d948bbb1a...
real_samples_02582_3575_170457_000024_000006.wav,real/real_samples_02582_3575_170457_000024_000006.wav,real,0,samples,5.44,24000,1,261164,51e84d20b7e42512...
real_samples_02583_3575_170457_000024_000007.wav,real/real_samples_02583_3575_170457_000024_000007.wav,real,0,samples,5.07,24000,1,243404,ba5dd631e836f6b6...
real_samples_02584_3575_170457_000024_000010.wav,real/real_samples_02584_3575_170457_000024_000010.wav,real,0,samples,4.96,24000,1,238122,6e3143f0bdbbfb6c...
real_samples_02585_3575_170457_000024_000016.wav,real/real_samples_02585_3575_170457_000024_000016.wav,real,0,samples,5.13,24000,1,246280,eb0e96c0f0d730a2...
real_samples_02586_3575_170457_000029_000000.wav,real/real_samples_02586_3575_170457_000029_000000.wav,real,0,samples,3.1,24000,1,148846,4e50c4c305aaa504...
real_samples_02587_3575_170457_000031_000002.wav,real/real_samples_02587_3575_170457_000031_000002.wav,real,0,samples,6.01,24000,1,288524,bd4debe2f3d22405...
real_samples_02588_3575_170457_000032_000001.wav,real/real_samples_02588_3575_170457_000032_000001.wav,real,0,samples,12.81,24000,1,614924,265de2fc712e5a68...
real_samples_02589_3575_170457_000037_000002.wav,real/real_samples_02589_3575_170457_000037_000002.wav,real,0,samples,3.31,24000,1,158926,ab411c084a505440...
real_samples_02590_3575_170457_000040_000004.wav,real/real_samples_02590_3575_170457_000040_000004.wav,real,0,samples,10.75,24000,1,516044,6e004e7137a1fc22...
real_samples_02591_3575_170457_000041_000003.wav,real/real_samples_02591_3575_170457_000041_000003.wav,real,0,samples,24.23,24000,1,1163088,2c2d0bae4cca71c1...
real_samples_02592_3575_170457_000044_000011.wav,real/real_samples_02592_3575_170457_000044_000011.wav,real,0,samples,5.66,24000,1,271726,ff2cfb1846313641...
real_samples_02593_3575_170457_000044_000014.wav,real/real_samples_02593_3575_170457_000044_000014.wav,real,0,samples,4.95,24000,1,237646,0d38a94c83b33322...
real_samples_02594_3575_170457_000046_000001.wav,real/real_samples_02594_3575_170457_000046_000001.wav,real,0,samples,5.06,24000,1,242922,6a10c934412552aa...
real_samples_02595_3575_170457_000046_000002.wav,real/real_samples_02595_3575_170457_000046_000002.wav,real,0,samples,5.39,24000,1,258766,0200c6ade5aa5296...
real_samples_02596_3575_170457_000046_000011.wav,real/real_samples_02596_3575_170457_000046_000011.wav,real,0,samples,7.57,24000,1,363402,d8e4a9342c5c1e3b...
real_samples_02597_3575_170457_000048_000000.wav,real/real_samples_02597_3575_170457_000048_000000.wav,real,0,samples,7.48,24000,1,359088,d0ecdbda34301c00...
real_samples_02598_3575_170457_000050_000002.wav,real/real_samples_02598_3575_170457_000050_000002.wav,real,0,samples,9.27,24000,1,445006,f24abd2c07ec8eb1...
real_samples_02599_3729_6852_000003_000001.wav,real/real_samples_02599_3729_6852_000003_000001.wav,real,0,samples,7.72,24000,1,370604,1719ae2bfb8180e2...
real_samples_02600_3729_6852_000004_000003.wav,real/real_samples_02600_3729_6852_000004_000003.wav,real,0,samples,7.89,24000,1,378764,fc29d7f943ab9f10...
real_samples_02601_3729_6852_000008_000001.wav,real/real_samples_02601_3729_6852_000008_000001.wav,real,0,samples,5.44,24000,1,261164,6320a6bf2f24e7a1...
real_samples_02602_3729_6852_000028_000000.wav,real/real_samples_02602_3729_6852_000028_000000.wav,real,0,samples,3.34,24000,1,160364,804705185019a43d...
real_samples_02603_3729_6852_000035_000001.wav,real/real_samples_02603_3729_6852_000035_000001.wav,real,0,samples,4.93,24000,1,236684,1c060c4f8982e130...
real_samples_02604_3729_6852_000037_000000.wav,real/real_samples_02604_3729_6852_000037_000000.wav,real,0,samples,3.26,24000,1,156526,9972a0b3425dc6e8...
real_samples_02605_3729_6852_000040_000002.wav,real/real_samples_02605_3729_6852_000040_000002.wav,real,0,samples,3.07,24000,1,147404,69d32c3364ba8271...
real_samples_02606_3729_6852_000041_000001.wav,real/real_samples_02606_3729_6852_000041_000001.wav,real,0,samples,8.35,24000,1,400844,f0cbbfd1feed8d9e...
real_samples_02607_3729_6852_000044_000000.wav,real/real_samples_02607_3729_6852_000044_000000.wav,real,0,samples,4.06,24000,1,194924,bceae236e2c42bd5...
real_samples_02608_3729_6852_000048_000001.wav,real/real_samples_02608_3729_6852_000048_000001.wav,real,0,samples,7.73,24000,1,371084,336c74d8c1733256...
real_samples_02609_3729_6852_000048_000003.wav,real/real_samples_02609_3729_6852_000048_000003.wav,real,0,samples,7.52,24000,1,361006,a952d25942bd65aa...
real_samples_02610_3729_6852_000049_000000.wav,real/real_samples_02610_3729_6852_000049_000000.wav,real,0,samples,7.66,24000,1,367724,3db7fcd27799e4d4...
real_samples_02611_3729_6852_000066_000001.wav,real/real_samples_02611_3729_6852_000066_000001.wav,real,0,samples,19.06,24000,1,914922,e71b3fa1f70ac72b...
real_samples_02612_3729_6852_000068_000000.wav,real/real_samples_02612_3729_6852_000068_000000.wav,real,0,samples,4.9,24000,1,235246,385f7df1580825c8...
real_samples_02613_3729_6852_000068_000004.wav,real/real_samples_02613_3729_6852_000068_000004.wav,real,0,samples,6.34,24000,1,304364,70a37dcdbc0d7fb0...
real_samples_02614_3729_6852_000078_000003.wav,real/real_samples_02614_3729_6852_000078_000003.wav,real,0,samples,3.75,24000,1,180044,d405142f4dc01fbc...
real_samples_02615_3729_6852_000081_000001.wav,real/real_samples_02615_3729_6852_000081_000001.wav,real,0,samples,3.11,24000,1,149324,eabdcfccdcd18aca...
real_samples_02616_3729_6852_000084_000003.wav,real/real_samples_02616_3729_6852_000084_000003.wav,real,0,samples,6.86,24000,1,329324,9cf56c70599e438c...
real_samples_02617_4077_13751_000006_000004.wav,real/real_samples_02617_4077_13751_000006_000004.wav,real,0,samples,24.4,24000,1,1171244,e8a1f656c2da7be9...
real_samples_02618_4077_13751_000006_000005.wav,real/real_samples_02618_4077_13751_000006_000005.wav,real,0,samples,8.08,24000,1,387884,ce5abd11d329999f...
real_samples_02619_4077_13751_000006_000008.wav,real/real_samples_02619_4077_13751_000006_000008.wav,real,0,samples,20.8,24000,1,998444,9747e25cdbd29901...
real_samples_02620_4077_13751_000007_000000.wav,real/real_samples_02620_4077_13751_000007_000000.wav,real,0,samples,4.74,24000,1,227564,55e683f636429231...
real_samples_02621_4077_13751_000007_000004.wav,real/real_samples_02621_4077_13751_000007_000004.wav,real,0,samples,18.57,24000,1,891404,876873f93daef7ff...
real_samples_02622_4077_13751_000008_000001.wav,real/real_samples_02622_4077_13751_000008_000001.wav,real,0,samples,12.42,24000,1,596204,b457a921d8b299e3...
real_samples_02623_4077_13751_000010_000000.wav,real/real_samples_02623_4077_13751_000010_000000.wav,real,0,samples,11.19,24000,1,537164,d4c67f64d26142a4...
real_samples_02624_4077_13751_000011_000000.wav,real/real_samples_02624_4077_13751_000011_000000.wav,real,0,samples,17.26,24000,1,828524,26486db8df67722e...
real_samples_02625_4077_13751_000014_000008.wav,real/real_samples_02625_4077_13751_000014_000008.wav,real,0,samples,12.42,24000,1,596204,964b1513624c2365...
real_samples_02626_4077_13751_000015_000001.wav,real/real_samples_02626_4077_13751_000015_000001.wav,real,0,samples,4.94,24000,1,237164,5f056f2645989a21...
real_samples_02627_4077_13751_000017_000005.wav,real/real_samples_02627_4077_13751_000017_000005.wav,real,0,samples,16.67,24000,1,800206,de23f357931d4035...
real_samples_02628_4077_13751_000018_000003.wav,real/real_samples_02628_4077_13751_000018_000003.wav,real,0,samples,14.86,24000,1,713322,d7fd4ac2a8f02433...
real_samples_02629_4077_13751_000019_000003.wav,real/real_samples_02629_4077_13751_000019_000003.wav,real,0,samples,6.26,24000,1,300524,58cee1c612095e12...
real_samples_02630_4077_13751_000019_000004.wav,real/real_samples_02630_4077_13751_000019_000004.wav,real,0,samples,4.61,24000,1,221324,4e6167dc2b1e30b9...
real_samples_02631_4077_13751_000019_000005.wav,real/real_samples_02631_4077_13751_000019_000005.wav,real,0,samples,3.02,24000,1,145006,682b1bd8fd2d5a58...
real_samples_02632_4077_13751_000019_000006.wav,real/real_samples_02632_4077_13751_000019_000006.wav,real,0,samples,17.14,24000,1,822762,0e78eb97fc09ba1a...
real_samples_02633_4077_13751_000019_000007.wav,real/real_samples_02633_4077_13751_000019_000007.wav,real,0,samples,25.32,24000,1,1215404,a12b475dcc8c6b19...
real_samples_02634_4077_13751_000020_000003.wav,real/real_samples_02634_4077_13751_000020_000003.wav,real,0,samples,3.93,24000,1,188684,31971bd58f80c7d5...
real_samples_02635_4077_13751_000023_000001.wav,real/real_samples_02635_4077_13751_000023_000001.wav,real,0,samples,9.3,24000,1,446442,5fe31138175c6d13...
real_samples_02636_4077_13751_000023_000005.wav,real/real_samples_02636_4077_13751_000023_000005.wav,real,0,samples,10.62,24000,1,509804,bafaa2a184693a7a...
real_samples_02637_4077_13751_000025_000000.wav,real/real_samples_02637_4077_13751_000025_000000.wav,real,0,samples,19.89,24000,1,954764,f5009ff0e1610411...
real_samples_02638_4077_13754_000002_000000.wav,real/real_samples_02638_4077_13754_000002_000000.wav,real,0,samples,9.63,24000,1,462284,5f579083815cf57a...
real_samples_02639_4077_13754_000002_000001.wav,real/real_samples_02639_4077_13754_000002_000001.wav,real,0,samples,8.17,24000,1,392204,b12f95d96000552d...
real_samples_02640_4077_13754_000002_000002.wav,real/real_samples_02640_4077_13754_000002_000002.wav,real,0,samples,4.14,24000,1,198764,bd93024ffdc81810...
real_samples_02641_4077_13754_000003_000000.wav,real/real_samples_02641_4077_13754_000003_000000.wav,real,0,samples,11.17,24000,1,536204,b4df9e4c3b6c49ff...
real_samples_02642_4077_13754_000003_000001.wav,real/real_samples_02642_4077_13754_000003_000001.wav,real,0,samples,10.72,24000,1,514604,3d9473b01adced2d...
real_samples_02643_4077_13754_000003_000002.wav,real/real_samples_02643_4077_13754_000003_000002.wav,real,0,samples,3.09,24000,1,148364,12541abb69629fbb...
real_samples_02644_4077_13754_000003_000004.wav,real/real_samples_02644_4077_13754_000003_000004.wav,real,0,samples,15.18,24000,1,728684,3b760bedd586db75...
real_samples_02645_4077_13754_000003_000005.wav,real/real_samples_02645_4077_13754_000003_000005.wav,real,0,samples,5.11,24000,1,245324,7627e3109ca7e277...
real_samples_02646_4077_13754_000004_000000.wav,real/real_samples_02646_4077_13754_000004_000000.wav,real,0,samples,9.18,24000,1,440684,7e5e450cd13dff2f...
real_samples_02647_4077_13754_000004_000001.wav,real/real_samples_02647_4077_13754_000004_000001.wav,real,0,samples,19.04,24000,1,913964,05a1a491ea61b0c5...
real_samples_02648_4077_13754_000004_000002.wav,real/real_samples_02648_4077_13754_000004_000002.wav,real,0,samples,25.94,24000,1,1245164,27fb1df94e9d1ed2...
real_samples_02649_4077_13754_000004_000003.wav,real/real_samples_02649_4077_13754_000004_000003.wav,real,0,samples,18.04,24000,1,865964,e77525e517f49657...
real_samples_02650_4077_13754_000005_000001.wav,real/real_samples_02650_4077_13754_000005_000001.wav,real,0,samples,10.72,24000,1,514604,b0f4e82aa76e8e68...
real_samples_02651_4077_13754_000006_000000.wav,real/real_samples_02651_4077_13754_000006_000000.wav,real,0,samples,3.82,24000,1,183404,35a87097a3bed889...
real_samples_02652_4077_13754_000006_000001.wav,real/real_samples_02652_4077_13754_000006_000001.wav,real,0,samples,15.25,24000,1,732044,5d1ae19003bbf241...
real_samples_02653_4077_13754_000006_000002.wav,real/real_samples_02653_4077_13754_000006_000002.wav,real,0,samples,13.81,24000,1,662924,cf1d59dc2c792156...
real_samples_02654_4077_13754_000006_000003.wav,real/real_samples_02654_4077_13754_000006_000003.wav,real,0,samples,4.41,24000,1,211724,f5f322a60a82d7f1...
real_samples_02655_4077_13754_000006_000004.wav,real/real_samples_02655_4077_13754_000006_000004.wav,real,0,samples,3.21,24000,1,154124,8b5179c5baf0b25c...
real_samples_02656_4077_13754_000008_000000.wav,real/real_samples_02656_4077_13754_000008_000000.wav,real,0,samples,12.13,24000,1,582284,f1956d6dd96c262f...
real_samples_02657_4077_13754_000010_000000.wav,real/real_samples_02657_4077_13754_000010_000000.wav,real,0,samples,3.29,24000,1,157964,e01ad3c25d340686...
real_samples_02658_4077_13754_000010_000002.wav,real/real_samples_02658_4077_13754_000010_000002.wav,real,0,samples,5.41,24000,1,259724,ad67523992c5f040...
real_samples_02659_4077_13754_000011_000003.wav,real/real_samples_02659_4077_13754_000011_000003.wav,real,0,samples,4.48,24000,1,215084,e9b26eb483d0756e...
real_samples_02660_4077_13754_000011_000006.wav,real/real_samples_02660_4077_13754_000011_000006.wav,real,0,samples,9.76,24000,1,468524,6cb1eaf5c4c7fb27...
real_samples_02661_4077_13754_000013_000000.wav,real/real_samples_02661_4077_13754_000013_000000.wav,real,0,samples,20.47,24000,1,982604,be20e648cd82aca6...
real_samples_02662_4077_13754_000013_000001.wav,real/real_samples_02662_4077_13754_000013_000001.wav,real,0,samples,3.27,24000,1,157004,7e34914a9518705c...
real_samples_02663_4077_13754_000013_000005.wav,real/real_samples_02663_4077_13754_000013_000005.wav,real,0,samples,3.04,24000,1,145964,1504806392a15ad4...
real_samples_02664_4077_13754_000014_000000.wav,real/real_samples_02664_4077_13754_000014_000000.wav,real,0,samples,13.39,24000,1,642764,6034bb4d4225cf24...
real_samples_02665_4446_2271_000001_000001.wav,real/real_samples_02665_4446_2271_000001_000001.wav,real,0,samples,9.34,24000,1,448364,4fdf6c1bc36d9bb7...
real_samples_02666_4446_2271_000001_000006.wav,real/real_samples_02666_4446_2271_000001_000006.wav,real,0,samples,5.95,24000,1,285644,5177968491cca32a...
real_samples_02667_4446_2271_000003_000000.wav,real/real_samples_02667_4446_2271_000003_000000.wav,real,0,samples,4.18,24000,1,200684,d0434ef683de3ed4...
real_samples_02668_4446_2271_000003_000003.wav,real/real_samples_02668_4446_2271_000003_000003.wav,real,0,samples,13.89,24000,1,666764,686ab2ad8599061f...
real_samples_02669_4446_2271_000005_000002.wav,real/real_samples_02669_4446_2271_000005_000002.wav,real,0,samples,4.16,24000,1,199724,0292c1c2fc02e8f3...
real_samples_02670_4446_2271_000005_000005.wav,real/real_samples_02670_4446_2271_000005_000005.wav,real,0,samples,11.52,24000,1,553004,a04f1319ad192c7f...
real_samples_02671_4446_2271_000005_000006.wav,real/real_samples_02671_4446_2271_000005_000006.wav,real,0,samples,4.54,24000,1,217964,8f3aeb70b1eb7feb...
real_samples_02672_4446_2271_000006_000000.wav,real/real_samples_02672_4446_2271_000006_000000.wav,real,0,samples,6.27,24000,1,301004,e162b25a39146e2f...
real_samples_02673_4446_2271_000006_000001.wav,real/real_samples_02673_4446_2271_000006_000001.wav,real,0,samples,7.17,24000,1,344204,de52ad160bfe58af...
real_samples_02674_4446_2271_000006_000002.wav,real/real_samples_02674_4446_2271_000006_000002.wav,real,0,samples,4.14,24000,1,198764,b9c05c9a6732319a...
real_samples_02675_4446_2271_000006_000004.wav,real/real_samples_02675_4446_2271_000006_000004.wav,real,0,samples,9.07,24000,1,435404,3563f6d0adb4e1c2...
real_samples_02676_4446_2271_000006_000005.wav,real/real_samples_02676_4446_2271_000006_000005.wav,real,0,samples,13.37,24000,1,641804,2d38fc28ed978b49...
real_samples_02677_4446_2271_000007_000003.wav,real/real_samples_02677_4446_2271_000007_000003.wav,real,0,samples,4.61,24000,1,221324,2d239518328a7d5d...
real_samples_02678_4446_2271_000007_000006.wav,real/real_samples_02678_4446_2271_000007_000006.wav,real,0,samples,4.42,24000,1,212204,f7495b6882d87f6e...
real_samples_02679_4446_2271_000008_000000.wav,real/real_samples_02679_4446_2271_000008_000000.wav,real,0,samples,16.52,24000,1,793004,1ca7f86e31d6fdb4...
real_samples_02680_4446_2271_000008_000001.wav,real/real_samples_02680_4446_2271_000008_000001.wav,real,0,samples,6.3,24000,1,302444,db266da326462460...
real_samples_02681_4446_2271_000008_000002.wav,real/real_samples_02681_4446_2271_000008_000002.wav,real,0,samples,14.8,24000,1,710444,8251e07e5b4d703a...
real_samples_02682_4446_2271_000008_000003.wav,real/real_samples_02682_4446_2271_000008_000003.wav,real,0,samples,8.53,24000,1,409484,e67369a6f6576f8f...
real_samples_02683_4446_2271_000009_000001.wav,real/real_samples_02683_4446_2271_000009_000001.wav,real,0,samples,8.44,24000,1,405164,8d8e2e446206ae1c...
real_samples_02684_4446_2271_000010_000000.wav,real/real_samples_02684_4446_2271_000010_000000.wav,real,0,samples,3.06,24000,1,146924,f78b04c79e16b340...
real_samples_02685_4446_2271_000011_000000.wav,real/real_samples_02685_4446_2271_000011_000000.wav,real,0,samples,5.2,24000,1,249644,19dbf90226b5beb0...
real_samples_02686_4446_2271_000011_000001.wav,real/real_samples_02686_4446_2271_000011_000001.wav,real,0,samples,3.04,24000,1,145964,1e9dbad6b4276276...
real_samples_02687_4446_2271_000014_000000.wav,real/real_samples_02687_4446_2271_000014_000000.wav,real,0,samples,3.16,24000,1,151724,aa5f6bbf1d81ec50...
real_samples_02688_4446_2271_000015_000004.wav,real/real_samples_02688_4446_2271_000015_000004.wav,real,0,samples,5.24,24000,1,251564,0bc4476faedf7f80...
real_samples_02689_4446_2271_000015_000005.wav,real/real_samples_02689_4446_2271_000015_000005.wav,real,0,samples,4.84,24000,1,232364,1bea6cb805896ce7...
real_samples_02690_4446_2271_000015_000006.wav,real/real_samples_02690_4446_2271_000015_000006.wav,real,0,samples,11.25,24000,1,540044,dc8125c1dd73108e...
real_samples_02691_4446_2271_000015_000007.wav,real/real_samples_02691_4446_2271_000015_000007.wav,real,0,samples,9.65,24000,1,463244,95c80cbbc2bb23a8...
real_samples_02692_4446_2271_000015_000011.wav,real/real_samples_02692_4446_2271_000015_000011.wav,real,0,samples,3.57,24000,1,171404,5c736df501ce018b...
real_samples_02693_4446_2271_000016_000000.wav,real/real_samples_02693_4446_2271_000016_000000.wav,real,0,samples,4.13,24000,1,198284,60ff2c4ff95acbfd...
real_samples_02694_4446_2271_000018_000000.wav,real/real_samples_02694_4446_2271_000018_000000.wav,real,0,samples,3.35,24000,1,160844,1c9b20479ed23d96...
real_samples_02695_4446_2271_000019_000003.wav,real/real_samples_02695_4446_2271_000019_000003.wav,real,0,samples,5.01,24000,1,240524,a6491893bd4b0fd7...
real_samples_02696_4446_2271_000020_000000.wav,real/real_samples_02696_4446_2271_000020_000000.wav,real,0,samples,8.0,24000,1,384044,88abfbaecf118a66...
real_samples_02697_4446_2271_000021_000002.wav,real/real_samples_02697_4446_2271_000021_000002.wav,real,0,samples,3.92,24000,1,188202,4046851d962882d9...
real_samples_02698_4446_2271_000022_000000.wav,real/real_samples_02698_4446_2271_000022_000000.wav,real,0,samples,7.93,24000,1,380684,53d71748e2b16fc3...
real_samples_02699_4446_2271_000022_000005.wav,real/real_samples_02699_4446_2271_000022_000005.wav,real,0,samples,3.93,24000,1,188684,6768f8681d20f079...
real_samples_02700_4446_2271_000022_000006.wav,real/real_samples_02700_4446_2271_000022_000006.wav,real,0,samples,4.64,24000,1,222766,8dedb738a36bf21f...
real_samples_02701_4446_2271_000022_000010.wav,real/real_samples_02701_4446_2271_000022_000010.wav,real,0,samples,6.24,24000,1,299564,459fa7aa9ff541f1...
real_samples_02702_4446_2271_000022_000012.wav,real/real_samples_02702_4446_2271_000022_000012.wav,real,0,samples,3.76,24000,1,180524,18f7d3c7f22050bd...
real_samples_02703_4446_2271_000022_000013.wav,real/real_samples_02703_4446_2271_000022_000013.wav,real,0,samples,3.48,24000,1,167084,19b7a2c524fc084d...
real_samples_02704_4446_2271_000022_000014.wav,real/real_samples_02704_4446_2271_000022_000014.wav,real,0,samples,3.05,24000,1,146444,1109109f855a3d58...
real_samples_02705_4446_2271_000023_000000.wav,real/real_samples_02705_4446_2271_000023_000000.wav,real,0,samples,7.12,24000,1,341804,1494e8a234e398f7...
real_samples_02706_4446_2271_000023_000002.wav,real/real_samples_02706_4446_2271_000023_000002.wav,real,0,samples,3.66,24000,1,175726,75d8ba6cfd9be127...
real_samples_02707_4446_2271_000023_000003.wav,real/real_samples_02707_4446_2271_000023_000003.wav,real,0,samples,3.13,24000,1,150284,30947e2f690c58bc...
real_samples_02708_4446_2271_000023_000009.wav,real/real_samples_02708_4446_2271_000023_000009.wav,real,0,samples,4.37,24000,1,209804,938af5dfacc68987...
real_samples_02709_4446_2271_000023_000011.wav,real/real_samples_02709_4446_2271_000023_000011.wav,real,0,samples,5.11,24000,1,245324,9f93bb954fc42de6...
real_samples_02710_4446_2273_000001_000000.wav,real/real_samples_02710_4446_2273_000001_000000.wav,real,0,samples,5.31,24000,1,254924,b10f3f481876b47b...
real_samples_02711_4446_2273_000001_000001.wav,real/real_samples_02711_4446_2273_000001_000001.wav,real,0,samples,3.59,24000,1,172364,ab6a4de640f5cb4e...
real_samples_02712_4446_2273_000001_000002.wav,real/real_samples_02712_4446_2273_000001_000002.wav,real,0,samples,6.41,24000,1,307724,0ec78bbc4dcbc65c...
real_samples_02713_4446_2273_000001_000003.wav,real/real_samples_02713_4446_2273_000001_000003.wav,real,0,samples,4.97,24000,1,238604,66a8ec5c97871b89...
real_samples_02714_4446_2273_000001_000004.wav,real/real_samples_02714_4446_2273_000001_000004.wav,real,0,samples,8.15,24000,1,391244,4ff797286fcfce1d...
real_samples_02715_4446_2273_000001_000005.wav,real/real_samples_02715_4446_2273_000001_000005.wav,real,0,samples,10.7,24000,1,513644,bd0cd4695e909a2f...
real_samples_02716_4446_2273_000001_000008.wav,real/real_samples_02716_4446_2273_000001_000008.wav,real,0,samples,8.24,24000,1,395564,d01d064dcc095f7c...
real_samples_02717_4446_2273_000002_000000.wav,real/real_samples_02717_4446_2273_000002_000000.wav,real,0,samples,13.07,24000,1,627404,07aa4bf9df2dc8a3...
real_samples_02718_4446_2273_000002_000002.wav,real/real_samples_02718_4446_2273_000002_000002.wav,real,0,samples,9.16,24000,1,439724,174c8466f47d5ffd...
real_samples_02719_4446_2273_000002_000003.wav,real/real_samples_02719_4446_2273_000002_000003.wav,real,0,samples,4.55,24000,1,218444,7c365e362dc1da9c...
real_samples_02720_4446_2273_000002_000005.wav,real/real_samples_02720_4446_2273_000002_000005.wav,real,0,samples,11.85,24000,1,568844,737197fd430cb40e...
real_samples_02721_4446_2273_000002_000006.wav,real/real_samples_02721_4446_2273_000002_000006.wav,real,0,samples,4.08,24000,1,195884,b296a3e0f8a04b3e...
real_samples_02722_4446_2273_000003_000000.wav,real/real_samples_02722_4446_2273_000003_000000.wav,real,0,samples,3.43,24000,1,164684,02b470aca64dce6f...
real_samples_02723_4446_2273_000003_000001.wav,real/real_samples_02723_4446_2273_000003_000001.wav,real,0,samples,6.11,24000,1,293324,6060a8ae32fcaebd...
real_samples_02724_4446_2273_000003_000002.wav,real/real_samples_02724_4446_2273_000003_000002.wav,real,0,samples,6.18,24000,1,296684,df80423c8a21d9a8...
real_samples_02725_4446_2273_000003_000003.wav,real/real_samples_02725_4446_2273_000003_000003.wav,real,0,samples,5.35,24000,1,256844,e9a3c46a9cebdf98...
real_samples_02726_4446_2273_000003_000004.wav,real/real_samples_02726_4446_2273_000003_000004.wav,real,0,samples,3.68,24000,1,176684,b629a07ac17837ca...
real_samples_02727_4446_2273_000006_000000.wav,real/real_samples_02727_4446_2273_000006_000000.wav,real,0,samples,7.19,24000,1,345164,1393858f9ba9515a...
real_samples_02728_4446_2273_000006_000001.wav,real/real_samples_02728_4446_2273_000006_000001.wav,real,0,samples,3.68,24000,1,176684,9ed358c6f9ccf973...
real_samples_02729_4446_2273_000006_000002.wav,real/real_samples_02729_4446_2273_000006_000002.wav,real,0,samples,4.49,24000,1,215564,ed5cb4136d5a04ed...
real_samples_02730_4446_2273_000007_000000.wav,real/real_samples_02730_4446_2273_000007_000000.wav,real,0,samples,9.94,24000,1,477164,b21693c698f5c1a1...
real_samples_02731_4446_2273_000008_000002.wav,real/real_samples_02731_4446_2273_000008_000002.wav,real,0,samples,5.06,24000,1,242924,178d7075ecbea382...
real_samples_02732_4446_2273_000008_000003.wav,real/real_samples_02732_4446_2273_000008_000003.wav,real,0,samples,4.12,24000,1,197804,058f563cbc35b181...
real_samples_02733_4446_2273_000008_000004.wav,real/real_samples_02733_4446_2273_000008_000004.wav,real,0,samples,11.55,24000,1,554444,c82b54ec0ffdbf16...
real_samples_02734_4446_2273_000010_000000.wav,real/real_samples_02734_4446_2273_000010_000000.wav,real,0,samples,3.84,24000,1,184364,6e1ed20f8c05f8d7...
real_samples_02735_4446_2273_000011_000003.wav,real/real_samples_02735_4446_2273_000011_000003.wav,real,0,samples,4.38,24000,1,210284,46f97a8bcad9aed7...
real_samples_02736_4446_2273_000013_000000.wav,real/real_samples_02736_4446_2273_000013_000000.wav,real,0,samples,3.13,24000,1,150284,8c10f2a3577b5e48...
real_samples_02737_4446_2273_000013_000003.wav,real/real_samples_02737_4446_2273_000013_000003.wav,real,0,samples,3.31,24000,1,158924,79d7cfa887a24179...
real_samples_02738_4446_2273_000014_000001.wav,real/real_samples_02738_4446_2273_000014_000001.wav,real,0,samples,5.78,24000,1,277484,35bedb0a39d843b7...
real_samples_02739_4446_2273_000014_000002.wav,real/real_samples_02739_4446_2273_000014_000002.wav,real,0,samples,4.75,24000,1,228044,4e6ffc618344708e...
real_samples_02740_4446_2273_000015_000000.wav,real/real_samples_02740_4446_2273_000015_000000.wav,real,0,samples,6.77,24000,1,325004,d8c4cd5308593e63...
real_samples_02741_4446_2273_000015_000002.wav,real/real_samples_02741_4446_2273_000015_000002.wav,real,0,samples,7.43,24000,1,356684,37c4562c373ac6dd...
real_samples_02742_4446_2273_000015_000003.wav,real/real_samples_02742_4446_2273_000015_000003.wav,real,0,samples,5.04,24000,1,241964,c8f9129eb533c518...
real_samples_02743_4446_2273_000016_000000.wav,real/real_samples_02743_4446_2273_000016_000000.wav,real,0,samples,3.45,24000,1,165644,5084ec428f4c3092...
real_samples_02744_4446_2273_000017_000000.wav,real/real_samples_02744_4446_2273_000017_000000.wav,real,0,samples,4.61,24000,1,221324,f0c4d2ed1f61a7c3...
real_samples_02745_4446_2273_000018_000000.wav,real/real_samples_02745_4446_2273_000018_000000.wav,real,0,samples,5.7,24000,1,273644,76e06161dc0d47ac...
real_samples_02746_4446_2273_000019_000000.wav,real/real_samples_02746_4446_2273_000019_000000.wav,real,0,samples,3.51,24000,1,168524,61c2cb7af7151d79...
real_samples_02747_4446_2273_000019_000001.wav,real/real_samples_02747_4446_2273_000019_000001.wav,real,0,samples,6.99,24000,1,335564,1967229f87dedb3b...
real_samples_02748_4446_2273_000019_000002.wav,real/real_samples_02748_4446_2273_000019_000002.wav,real,0,samples,8.86,24000,1,425324,8c2818816c5e8061...
real_samples_02749_4446_2273_000020_000001.wav,real/real_samples_02749_4446_2273_000020_000001.wav,real,0,samples,11.95,24000,1,573644,0b1591c65e43d0e4...
real_samples_02750_4446_2273_000020_000002.wav,real/real_samples_02750_4446_2273_000020_000002.wav,real,0,samples,4.19,24000,1,201164,812c1adf75fc9de1...
real_samples_02751_4446_2273_000021_000001.wav,real/real_samples_02751_4446_2273_000021_000001.wav,real,0,samples,3.42,24000,1,164204,f4e22e809305c70a...
real_samples_02752_4507_16021_000013_000000.wav,real/real_samples_02752_4507_16021_000013_000000.wav,real,0,samples,4.28,24000,1,205484,5387b0c93cef95aa...
real_samples_02753_4507_16021_000016_000003.wav,real/real_samples_02753_4507_16021_000016_000003.wav,real,0,samples,11.09,24000,1,532364,051faee7f732ffb8...
real_samples_02754_4507_16021_000017_000000.wav,real/real_samples_02754_4507_16021_000017_000000.wav,real,0,samples,3.47,24000,1,166604,1a96efee96e3e5da...
real_samples_02755_4507_16021_000020_000000.wav,real/real_samples_02755_4507_16021_000020_000000.wav,real,0,samples,10.79,24000,1,517964,598d9f71da022a1f...
real_samples_02756_4507_16021_000021_000001.wav,real/real_samples_02756_4507_16021_000021_000001.wav,real,0,samples,9.56,24000,1,458924,7dba037f335193dc...
real_samples_02757_4507_16021_000021_000002.wav,real/real_samples_02757_4507_16021_000021_000002.wav,real,0,samples,7.65,24000,1,367244,2d261741da1bca87...
real_samples_02758_4507_16021_000021_000003.wav,real/real_samples_02758_4507_16021_000021_000003.wav,real,0,samples,12.43,24000,1,596684,4af25a4998a31709...
real_samples_02759_4507_16021_000021_000004.wav,real/real_samples_02759_4507_16021_000021_000004.wav,real,0,samples,11.33,24000,1,543884,985adefb75e9ebdc...
real_samples_02760_4507_16021_000022_000000.wav,real/real_samples_02760_4507_16021_000022_000000.wav,real,0,samples,5.36,24000,1,257324,99b3816406f4198b...
real_samples_02761_4507_16021_000022_000001.wav,real/real_samples_02761_4507_16021_000022_000001.wav,real,0,samples,3.16,24000,1,151724,ebd8688a808b6b0e...
real_samples_02762_4507_16021_000022_000003.wav,real/real_samples_02762_4507_16021_000022_000003.wav,real,0,samples,9.96,24000,1,478124,f0f979ccad9b4309...
real_samples_02763_4507_16021_000022_000004.wav,real/real_samples_02763_4507_16021_000022_000004.wav,real,0,samples,10.39,24000,1,498764,b9fbc7569f4c7980...
real_samples_02764_4507_16021_000023_000000.wav,real/real_samples_02764_4507_16021_000023_000000.wav,real,0,samples,21.59,24000,1,1036364,8c16ecf870497c84...
real_samples_02765_4507_16021_000023_000002.wav,real/real_samples_02765_4507_16021_000023_000002.wav,real,0,samples,36.72,24000,1,1762604,e6d363a3c4d058d9...
real_samples_02766_4507_16021_000023_000007.wav,real/real_samples_02766_4507_16021_000023_000007.wav,real,0,samples,11.32,24000,1,543404,29d072c8e56ad7f6...
real_samples_02767_4507_16021_000023_000008.wav,real/real_samples_02767_4507_16021_000023_000008.wav,real,0,samples,12.61,24000,1,605324,2a84844ffb540d0f...
real_samples_02768_4507_16021_000023_000010.wav,real/real_samples_02768_4507_16021_000023_000010.wav,real,0,samples,29.45,24000,1,1413644,c7b0c3a350b4a557...
real_samples_02769_4507_16021_000024_000002.wav,real/real_samples_02769_4507_16021_000024_000002.wav,real,0,samples,12.76,24000,1,612524,1f9c28456874bc1d...
real_samples_02770_4507_16021_000024_000005.wav,real/real_samples_02770_4507_16021_000024_000005.wav,real,0,samples,8.35,24000,1,400844,57508f70e4e24195...
real_samples_02771_4507_16021_000025_000000.wav,real/real_samples_02771_4507_16021_000025_000000.wav,real,0,samples,30.8,24000,1,1478444,41cf1a7399d01658...
real_samples_02772_4507_16021_000025_000001.wav,real/real_samples_02772_4507_16021_000025_000001.wav,real,0,samples,18.76,24000,1,900520,379fd35d550435b5...
real_samples_02773_4507_16021_000025_000003.wav,real/real_samples_02773_4507_16021_000025_000003.wav,real,0,samples,3.68,24000,1,176688,558996797a104bf1...
real_samples_02774_4507_16021_000025_000005.wav,real/real_samples_02774_4507_16021_000025_000005.wav,real,0,samples,5.49,24000,1,263564,05969fa4c32040b7...
real_samples_02775_4507_16021_000026_000000.wav,real/real_samples_02775_4507_16021_000026_000000.wav,real,0,samples,3.34,24000,1,160364,588bec4abce06a88...
real_samples_02776_4507_16021_000026_000001.wav,real/real_samples_02776_4507_16021_000026_000001.wav,real,0,samples,14.23,24000,1,683084,ebd2c797483c6259...
real_samples_02777_4507_16021_000027_000000.wav,real/real_samples_02777_4507_16021_000027_000000.wav,real,0,samples,13.14,24000,1,630762,55366bae54140d33...
real_samples_02778_4507_16021_000028_000003.wav,real/real_samples_02778_4507_16021_000028_000003.wav,real,0,samples,7.94,24000,1,381168,abe1ddecd58852a5...
real_samples_02779_4507_16021_000028_000004.wav,real/real_samples_02779_4507_16021_000028_000004.wav,real,0,samples,6.21,24000,1,298128,8302d564339a1f34...
real_samples_02780_4507_16021_000028_000005.wav,real/real_samples_02780_4507_16021_000028_000005.wav,real,0,samples,9.14,24000,1,438766,7ab27da817e132f4...
real_samples_02781_4507_16021_000029_000000.wav,real/real_samples_02781_4507_16021_000029_000000.wav,real,0,samples,11.94,24000,1,573166,bece5bb0aaa3aa02...
real_samples_02782_4507_16021_000029_000002.wav,real/real_samples_02782_4507_16021_000029_000002.wav,real,0,samples,7.43,24000,1,356682,f05706b9f7488a07...
real_samples_02783_4507_16021_000029_000003.wav,real/real_samples_02783_4507_16021_000029_000003.wav,real,0,samples,10.93,24000,1,524686,269e05395a534e66...
real_samples_02784_4507_16021_000029_000004.wav,real/real_samples_02784_4507_16021_000029_000004.wav,real,0,samples,15.43,24000,1,740686,3837fd7d11316b88...
real_samples_02785_4507_16021_000029_000005.wav,real/real_samples_02785_4507_16021_000029_000005.wav,real,0,samples,6.79,24000,1,325960,a23e8b9aa0d3dd9e...
real_samples_02786_4507_16021_000030_000000.wav,real/real_samples_02786_4507_16021_000030_000000.wav,real,0,samples,5.95,24000,1,285648,0a2a20f6d02c078f...
real_samples_02787_4970_29093_000002_000000.wav,real/real_samples_02787_4970_29093_000002_000000.wav,real,0,samples,3.31,24000,1,158924,dd12c8cc3dca1627...
real_samples_02788_4970_29093_000006_000000.wav,real/real_samples_02788_4970_29093_000006_000000.wav,real,0,samples,10.95,24000,1,525644,3fd336f042679d1d...
real_samples_02789_4970_29093_000006_000001.wav,real/real_samples_02789_4970_29093_000006_000001.wav,real,0,samples,10.19,24000,1,489164,73ab9273e89f542a...
real_samples_02790_4970_29093_000006_000002.wav,real/real_samples_02790_4970_29093_000006_000002.wav,real,0,samples,10.04,24000,1,481964,a616c292bfd127af...
real_samples_02791_4970_29093_000007_000000.wav,real/real_samples_02791_4970_29093_000007_000000.wav,real,0,samples,9.92,24000,1,476204,4c92273d65400abc...
real_samples_02792_4970_29093_000007_000001.wav,real/real_samples_02792_4970_29093_000007_000001.wav,real,0,samples,10.6,24000,1,508844,9b0282f884944b10...
real_samples_02793_4970_29093_000010_000000.wav,real/real_samples_02793_4970_29093_000010_000000.wav,real,0,samples,6.7,24000,1,321644,05857deddb4a548b...
real_samples_02794_4970_29093_000010_000001.wav,real/real_samples_02794_4970_29093_000010_000001.wav,real,0,samples,3.64,24000,1,174764,4f3821bcfe5a7df1...
real_samples_02795_4970_29093_000012_000000.wav,real/real_samples_02795_4970_29093_000012_000000.wav,real,0,samples,16.08,24000,1,771884,dd7c0a906718d1de...
real_samples_02796_4970_29093_000013_000000.wav,real/real_samples_02796_4970_29093_000013_000000.wav,real,0,samples,7.27,24000,1,349004,dd2059356cd434df...
real_samples_02797_4970_29093_000013_000003.wav,real/real_samples_02797_4970_29093_000013_000003.wav,real,0,samples,8.57,24000,1,411404,f4bb3c9d596eb693...
real_samples_02798_4970_29093_000014_000002.wav,real/real_samples_02798_4970_29093_000014_000002.wav,real,0,samples,4.04,24000,1,193964,b966bca6fb8928d8...
real_samples_02799_4970_29093_000014_000003.wav,real/real_samples_02799_4970_29093_000014_000003.wav,real,0,samples,7.51,24000,1,360524,1deb92d4c0fb3bcb...
real_samples_02800_4970_29093_000015_000001.wav,real/real_samples_02800_4970_29093_000015_000001.wav,real,0,samples,11.68,24000,1,560684,2bf9ae86af029ef7...
real_samples_02801_4970_29093_000017_000000.wav,real/real_samples_02801_4970_29093_000017_000000.wav,real,0,samples,6.45,24000,1,309644,f6228ff3eb04f223...
real_samples_02802_4970_29093_000017_000001.wav,real/real_samples_02802_4970_29093_000017_000001.wav,real,0,samples,10.35,24000,1,496844,bb2a0c9627c2ecff...
real_samples_02803_4970_29093_000020_000001.wav,real/real_samples_02803_4970_29093_000020_000001.wav,real,0,samples,5.34,24000,1,256364,86cbdce7a965211b...
real_samples_02804_4970_29093_000020_000002.wav,real/real_samples_02804_4970_29093_000020_000002.wav,real,0,samples,8.29,24000,1,397964,830b2c64a65d89f4...
real_samples_02805_4970_29093_000020_000003.wav,real/real_samples_02805_4970_29093_000020_000003.wav,real,0,samples,13.41,24000,1,643724,2e8c57a07d060488...
real_samples_02806_4970_29093_000022_000000.wav,real/real_samples_02806_4970_29093_000022_000000.wav,real,0,samples,4.23,24000,1,203082,24181e08d205adc0...
real_samples_02807_4970_29093_000024_000001.wav,real/real_samples_02807_4970_29093_000024_000001.wav,real,0,samples,3.49,24000,1,167562,ed7f4fd05b13d028...
real_samples_02808_4970_29093_000026_000000.wav,real/real_samples_02808_4970_29093_000026_000000.wav,real,0,samples,10.56,24000,1,506924,8efd58d017bd351b...
real_samples_02809_4970_29093_000027_000000.wav,real/real_samples_02809_4970_29093_000027_000000.wav,real,0,samples,7.86,24000,1,377322,052f823e3ead9c50...
real_samples_02810_4970_29093_000027_000001.wav,real/real_samples_02810_4970_29093_000027_000001.wav,real,0,samples,7.1,24000,1,340842,45f0160555e9524d...
real_samples_02811_4970_29093_000028_000000.wav,real/real_samples_02811_4970_29093_000028_000000.wav,real,0,samples,6.61,24000,1,317324,711ad04d07fb2640...
real_samples_02812_4970_29093_000028_000001.wav,real/real_samples_02812_4970_29093_000028_000001.wav,real,0,samples,10.65,24000,1,511244,770c73538ca25352...
real_samples_02813_4970_29093_000028_000004.wav,real/real_samples_02813_4970_29093_000028_000004.wav,real,0,samples,11.13,24000,1,534284,e562a22bb84ba67c...
real_samples_02814_4970_29093_000029_000000.wav,real/real_samples_02814_4970_29093_000029_000000.wav,real,0,samples,5.26,24000,1,252520,b8bcd9c369b65754...
real_samples_02815_4970_29093_000029_000001.wav,real/real_samples_02815_4970_29093_000029_000001.wav,real,0,samples,13.76,24000,1,660524,6af90ef642e5b5a1...
real_samples_02816_4970_29093_000031_000000.wav,real/real_samples_02816_4970_29093_000031_000000.wav,real,0,samples,6.95,24000,1,333640,7cebbe1a1358ea58...
real_samples_02817_4970_29093_000032_000001.wav,real/real_samples_02817_4970_29093_000032_000001.wav,real,0,samples,3.62,24000,1,173804,53efa41b03a4176f...
real_samples_02818_4970_29093_000036_000001.wav,real/real_samples_02818_4970_29093_000036_000001.wav,real,0,samples,3.0,24000,1,144044,e7aabf2d6fac7aa7...
real_samples_02819_4970_29093_000039_000000.wav,real/real_samples_02819_4970_29093_000039_000000.wav,real,0,samples,3.98,24000,1,191086,dac35e7a9b3012df...
real_samples_02820_4970_29093_000042_000002.wav,real/real_samples_02820_4970_29093_000042_000002.wav,real,0,samples,8.09,24000,1,388366,e77091243ea0eb95...
real_samples_02821_4970_29093_000043_000000.wav,real/real_samples_02821_4970_29093_000043_000000.wav,real,0,samples,12.81,24000,1,614924,40fc02c08dc751d6...
real_samples_02822_4970_29093_000044_000000.wav,real/real_samples_02822_4970_29093_000044_000000.wav,real,0,samples,6.57,24000,1,315400,d440556ebcc326f0...
real_samples_02823_4970_29093_000044_000001.wav,real/real_samples_02823_4970_29093_000044_000001.wav,real,0,samples,4.23,24000,1,203084,8f29fb6adb156e4f...
real_samples_02824_4970_29093_000044_000002.wav,real/real_samples_02824_4970_29093_000044_000002.wav,real,0,samples,5.43,24000,1,260688,8410d312dfe7071e...
real_samples_02825_4970_29093_000046_000000.wav,real/real_samples_02825_4970_29093_000046_000000.wav,real,0,samples,3.14,24000,1,150766,e86b493147df03f5...
real_samples_02826_4970_29093_000048_000000.wav,real/real_samples_02826_4970_29093_000048_000000.wav,real,0,samples,6.68,24000,1,320684,9d63e9f71cf1c485...
real_samples_02827_4970_29093_000048_000001.wav,real/real_samples_02827_4970_29093_000048_000001.wav,real,0,samples,10.59,24000,1,508366,352c047a2ec3e3c3...
real_samples_02828_4970_29093_000049_000000.wav,real/real_samples_02828_4970_29093_000049_000000.wav,real,0,samples,13.34,24000,1,640362,e29c4b2e73a39790...
real_samples_02829_4970_29093_000049_000001.wav,real/real_samples_02829_4970_29093_000049_000001.wav,real,0,samples,5.2,24000,1,249644,4e57596ef25aa3e5...
real_samples_02830_4970_29093_000050_000001.wav,real/real_samples_02830_4970_29093_000050_000001.wav,real,0,samples,3.73,24000,1,179086,f3fdcdf42cd7aaf0...
real_samples_02831_4970_29093_000050_000002.wav,real/real_samples_02831_4970_29093_000050_000002.wav,real,0,samples,7.28,24000,1,349482,0fb43ddf8cc5874e...
real_samples_02832_4970_29093_000050_000003.wav,real/real_samples_02832_4970_29093_000050_000003.wav,real,0,samples,3.63,24000,1,174280,1bcb91bf1d45d5d2...
real_samples_02833_4970_29093_000050_000004.wav,real/real_samples_02833_4970_29093_000050_000004.wav,real,0,samples,3.49,24000,1,167562,6cc92fbef9fbeb63...
real_samples_02834_4970_29093_000050_000005.wav,real/real_samples_02834_4970_29093_000050_000005.wav,real,0,samples,3.32,24000,1,159406,5aced8973c1dcadf...
real_samples_02835_4970_29093_000050_000006.wav,real/real_samples_02835_4970_29093_000050_000006.wav,real,0,samples,5.41,24000,1,259724,a48007e4714746c2...
real_samples_02836_4970_29093_000050_000007.wav,real/real_samples_02836_4970_29093_000050_000007.wav,real,0,samples,4.19,24000,1,201164,ec288413d1e6778a...
real_samples_02837_4970_29093_000050_000008.wav,real/real_samples_02837_4970_29093_000050_000008.wav,real,0,samples,3.04,24000,1,145962,52ebe0adb0f6c573...
real_samples_02838_4970_29095_000002_000000.wav,real/real_samples_02838_4970_29095_000002_000000.wav,real,0,samples,10.37,24000,1,497804,e4b402780e1a36ca...
real_samples_02839_4970_29095_000002_000001.wav,real/real_samples_02839_4970_29095_000002_000001.wav,real,0,samples,20.72,24000,1,994604,15e9ba77f7678ea3...
real_samples_02840_4970_29095_000002_000002.wav,real/real_samples_02840_4970_29095_000002_000002.wav,real,0,samples,9.67,24000,1,464204,de65d62327ed0559...
real_samples_02841_4970_29095_000003_000000.wav,real/real_samples_02841_4970_29095_000003_000000.wav,real,0,samples,9.05,24000,1,434444,e7fd75b12d07b563...
real_samples_02842_4970_29095_000003_000001.wav,real/real_samples_02842_4970_29095_000003_000001.wav,real,0,samples,15.76,24000,1,756524,138b0bccc4e0eff3...
real_samples_02843_4970_29095_000003_000002.wav,real/real_samples_02843_4970_29095_000003_000002.wav,real,0,samples,4.29,24000,1,205964,bc3c368904eab0ab...
real_samples_02844_4970_29095_000003_000004.wav,real/real_samples_02844_4970_29095_000003_000004.wav,real,0,samples,13.06,24000,1,626924,7a1c6f3aac6ed8dc...
real_samples_02845_4970_29095_000003_000005.wav,real/real_samples_02845_4970_29095_000003_000005.wav,real,0,samples,13.96,24000,1,670124,013108c05e2e4eda...
real_samples_02846_4970_29095_000003_000006.wav,real/real_samples_02846_4970_29095_000003_000006.wav,real,0,samples,6.03,24000,1,289484,c2917239e87d5844...
real_samples_02847_4970_29095_000003_000007.wav,real/real_samples_02847_4970_29095_000003_000007.wav,real,0,samples,19.45,24000,1,933644,2557350d34fcb11d...
real_samples_02848_4970_29095_000005_000000.wav,real/real_samples_02848_4970_29095_000005_000000.wav,real,0,samples,4.52,24000,1,217004,cccfa73bb85592c4...
real_samples_02849_4970_29095_000006_000000.wav,real/real_samples_02849_4970_29095_000006_000000.wav,real,0,samples,3.26,24000,1,156524,71ce5016d95ac12b...
real_samples_02850_4970_29095_000007_000000.wav,real/real_samples_02850_4970_29095_000007_000000.wav,real,0,samples,9.04,24000,1,433964,2a10c17d13235f21...
real_samples_02851_4970_29095_000008_000000.wav,real/real_samples_02851_4970_29095_000008_000000.wav,real,0,samples,8.51,24000,1,408524,648068efb188bb90...
real_samples_02852_4970_29095_000009_000000.wav,real/real_samples_02852_4970_29095_000009_000000.wav,real,0,samples,5.02,24000,1,241004,0cc79e25a5698989...
real_samples_02853_4970_29095_000011_000000.wav,real/real_samples_02853_4970_29095_000011_000000.wav,real,0,samples,9.23,24000,1,443084,b92018f5c3c2c25b...
real_samples_02854_4970_29095_000011_000001.wav,real/real_samples_02854_4970_29095_000011_000001.wav,real,0,samples,3.82,24000,1,183404,000feee5bbfec193...
real_samples_02855_4970_29095_000011_000002.wav,real/real_samples_02855_4970_29095_000011_000002.wav,real,0,samples,8.74,24000,1,419564,317dbf84dccb18a2...
real_samples_02856_4970_29095_000012_000000.wav,real/real_samples_02856_4970_29095_000012_000000.wav,real,0,samples,3.96,24000,1,190124,b170aadaab05b4b8...
real_samples_02857_4970_29095_000013_000000.wav,real/real_samples_02857_4970_29095_000013_000000.wav,real,0,samples,13.87,24000,1,665804,bac68ffe7c0dad43...
real_samples_02858_4970_29095_000015_000000.wav,real/real_samples_02858_4970_29095_000015_000000.wav,real,0,samples,6.16,24000,1,295724,dc4055007d7caa5f...
real_samples_02859_4970_29095_000017_000000.wav,real/real_samples_02859_4970_29095_000017_000000.wav,real,0,samples,4.61,24000,1,221324,170ab99eb2f9fad3...
real_samples_02860_4970_29095_000018_000001.wav,real/real_samples_02860_4970_29095_000018_000001.wav,real,0,samples,7.36,24000,1,353324,46dd3145d4843620...
real_samples_02861_4970_29095_000018_000002.wav,real/real_samples_02861_4970_29095_000018_000002.wav,real,0,samples,5.54,24000,1,265964,c998207e9f48d1da...
real_samples_02862_4992_23283_000004_000000.wav,real/real_samples_02862_4992_23283_000004_000000.wav,real,0,samples,3.09,24000,1,148364,b8cb6072a3c564b8...
real_samples_02863_4992_23283_000006_000000.wav,real/real_samples_02863_4992_23283_000006_000000.wav,real,0,samples,3.94,24000,1,189164,e2e56c74cd0f1b82...
real_samples_02864_4992_23283_000010_000000.wav,real/real_samples_02864_4992_23283_000010_000000.wav,real,0,samples,15.2,24000,1,729644,da114e6420e8e496...
real_samples_02865_4992_23283_000012_000000.wav,real/real_samples_02865_4992_23283_000012_000000.wav,real,0,samples,9.7,24000,1,465644,06e6edff99e5445e...
real_samples_02866_4992_23283_000023_000002.wav,real/real_samples_02866_4992_23283_000023_000002.wav,real,0,samples,4.94,24000,1,237164,2f6d86bca344ae79...
real_samples_02867_4992_23283_000023_000003.wav,real/real_samples_02867_4992_23283_000023_000003.wav,real,0,samples,9.84,24000,1,472364,3849cd34278d2cf7...
real_samples_02868_4992_23283_000025_000001.wav,real/real_samples_02868_4992_23283_000025_000001.wav,real,0,samples,18.68,24000,1,896684,025c62c90a6f41d0...
real_samples_02869_4992_23283_000031_000000.wav,real/real_samples_02869_4992_23283_000031_000000.wav,real,0,samples,7.8,24000,1,374444,2daf2730372b4274...
real_samples_02870_4992_23283_000033_000000.wav,real/real_samples_02870_4992_23283_000033_000000.wav,real,0,samples,5.7,24000,1,273644,97be8ff2d98ad17f...
real_samples_02871_4992_23283_000034_000002.wav,real/real_samples_02871_4992_23283_000034_000002.wav,real,0,samples,3.16,24000,1,151724,d52102b37fe258c9...
real_samples_02872_4992_23283_000039_000003.wav,real/real_samples_02872_4992_23283_000039_000003.wav,real,0,samples,3.94,24000,1,189164,205bb26be8236720...
real_samples_02873_4992_23283_000040_000000.wav,real/real_samples_02873_4992_23283_000040_000000.wav,real,0,samples,16.35,24000,1,784842,f5c67d51ceaa6f62...
real_samples_02874_4992_23283_000041_000000.wav,real/real_samples_02874_4992_23283_000041_000000.wav,real,0,samples,8.77,24000,1,421002,fcf88bad25695a1f...
real_samples_02875_4992_23283_000042_000001.wav,real/real_samples_02875_4992_23283_000042_000001.wav,real,0,samples,13.48,24000,1,647082,45efa52dd0393454...
real_samples_02876_4992_23283_000043_000000.wav,real/real_samples_02876_4992_23283_000043_000000.wav,real,0,samples,9.21,24000,1,442122,cb0e28e4a063c3fb...
real_samples_02877_4992_23283_000043_000001.wav,real/real_samples_02877_4992_23283_000043_000001.wav,real,0,samples,5.88,24000,1,282286,d777b6beec8091b3...
real_samples_02878_4992_23283_000045_000000.wav,real/real_samples_02878_4992_23283_000045_000000.wav,real,0,samples,4.18,24000,1,200684,700cea76425b3948...
real_samples_02879_4992_23283_000047_000000.wav,real/real_samples_02879_4992_23283_000047_000000.wav,real,0,samples,4.45,24000,1,213640,e3204e6211e14414...
real_samples_02880_4992_23283_000047_000001.wav,real/real_samples_02880_4992_23283_000047_000001.wav,real,0,samples,3.29,24000,1,157962,754e4421560277bf...
real_samples_02881_4992_23283_000047_000002.wav,real/real_samples_02881_4992_23283_000047_000002.wav,real,0,samples,9.74,24000,1,467564,b382140a823e7def...
real_samples_02882_4992_23283_000048_000000.wav,real/real_samples_02882_4992_23283_000048_000000.wav,real,0,samples,7.6,24000,1,364842,66bb28698206828f...
real_samples_02883_4992_23283_000051_000000.wav,real/real_samples_02883_4992_23283_000051_000000.wav,real,0,samples,10.41,24000,1,499726,c82360306e89daea...
real_samples_02884_4992_23283_000052_000000.wav,real/real_samples_02884_4992_23283_000052_000000.wav,real,0,samples,7.93,24000,1,380684,897172417fa226b9...
real_samples_02885_4992_41797_000004_000002.wav,real/real_samples_02885_4992_41797_000004_000002.wav,real,0,samples,10.35,24000,1,496844,f9a47ae8b85b6964...
real_samples_02886_4992_41797_000004_000003.wav,real/real_samples_02886_4992_41797_000004_000003.wav,real,0,samples,15.95,24000,1,765644,577109d2cc751d75...
real_samples_02887_4992_41797_000006_000000.wav,real/real_samples_02887_4992_41797_000006_000000.wav,real,0,samples,3.23,24000,1,155084,4fab0d9e2b977131...
real_samples_02888_4992_41797_000011_000000.wav,real/real_samples_02888_4992_41797_000011_000000.wav,real,0,samples,8.97,24000,1,430604,beb40135cb7b11da...
real_samples_02889_4992_41797_000013_000000.wav,real/real_samples_02889_4992_41797_000013_000000.wav,real,0,samples,3.91,24000,1,187724,7243a985c843cd82...
real_samples_02890_4992_41797_000014_000002.wav,real/real_samples_02890_4992_41797_000014_000002.wav,real,0,samples,4.31,24000,1,206924,90871a2a0f8b72a0...
real_samples_02891_4992_41797_000014_000003.wav,real/real_samples_02891_4992_41797_000014_000003.wav,real,0,samples,4.59,24000,1,220364,2a35f29097627818...
real_samples_02892_5105_28233_000010_000000.wav,real/real_samples_02892_5105_28233_000010_000000.wav,real,0,samples,6.25,24000,1,300044,a789bc85f03ad5f6...
real_samples_02893_5105_28233_000010_000001.wav,real/real_samples_02893_5105_28233_000010_000001.wav,real,0,samples,11.86,24000,1,569324,140145e59b2c3bf8...
real_samples_02894_5105_28233_000013_000004.wav,real/real_samples_02894_5105_28233_000013_000004.wav,real,0,samples,8.51,24000,1,408524,5e84c2ee309dbc55...
real_samples_02895_5105_28233_000014_000000.wav,real/real_samples_02895_5105_28233_000014_000000.wav,real,0,samples,5.86,24000,1,281324,e3e9354f54cbb582...
real_samples_02896_5105_28233_000016_000001.wav,real/real_samples_02896_5105_28233_000016_000001.wav,real,0,samples,21.82,24000,1,1047404,0fd329aaeb98fb86...
real_samples_02897_5105_28233_000017_000001.wav,real/real_samples_02897_5105_28233_000017_000001.wav,real,0,samples,3.96,24000,1,190124,ecb9975b84b31cfb...
real_samples_02898_5105_28233_000018_000002.wav,real/real_samples_02898_5105_28233_000018_000002.wav,real,0,samples,17.45,24000,1,837644,525206eafa0ea5a0...
real_samples_02899_5105_28233_000019_000001.wav,real/real_samples_02899_5105_28233_000019_000001.wav,real,0,samples,6.63,24000,1,318284,c8187cc5514221e9...
real_samples_02900_5105_28233_000019_000002.wav,real/real_samples_02900_5105_28233_000019_000002.wav,real,0,samples,10.06,24000,1,482924,2809e8ddbd271e7c...
real_samples_02901_5105_28233_000019_000004.wav,real/real_samples_02901_5105_28233_000019_000004.wav,real,0,samples,7.23,24000,1,347084,96fbfcb8eb4a7a48...
real_samples_02902_5105_28233_000019_000005.wav,real/real_samples_02902_5105_28233_000019_000005.wav,real,0,samples,13.91,24000,1,667724,9f969bdfc50fffb5...
real_samples_02903_5105_28233_000022_000000.wav,real/real_samples_02903_5105_28233_000022_000000.wav,real,0,samples,10.03,24000,1,481482,86a43701dd7fb74e...
real_samples_02904_5105_28240_000013_000002.wav,real/real_samples_02904_5105_28240_000013_000002.wav,real,0,samples,8.52,24000,1,409004,8b5a19c5b899aaa5...
real_samples_02905_5105_28240_000024_000005.wav,real/real_samples_02905_5105_28240_000024_000005.wav,real,0,samples,11.87,24000,1,569804,5bed4e4eaab22a87...
real_samples_02906_5105_28240_000031_000000.wav,real/real_samples_02906_5105_28240_000031_000000.wav,real,0,samples,6.03,24000,1,289486,7bbe1cb03a55785f...
real_samples_02907_5105_28241_000002_000000.wav,real/real_samples_02907_5105_28241_000002_000000.wav,real,0,samples,3.21,24000,1,154124,2359131f085197a4...
real_samples_02908_5105_28241_000003_000001.wav,real/real_samples_02908_5105_28241_000003_000001.wav,real,0,samples,5.92,24000,1,284204,8cc1ff76d633665e...
real_samples_02909_5105_28241_000003_000002.wav,real/real_samples_02909_5105_28241_000003_000002.wav,real,0,samples,11.42,24000,1,548204,21a920d90592d782...
real_samples_02910_5105_28241_000003_000004.wav,real/real_samples_02910_5105_28241_000003_000004.wav,real,0,samples,20.09,24000,1,964364,0da328429e98dd60...
real_samples_02911_5105_28241_000004_000001.wav,real/real_samples_02911_5105_28241_000004_000001.wav,real,0,samples,10.98,24000,1,527084,8f5fa2990c25566d...
real_samples_02912_5105_28241_000004_000004.wav,real/real_samples_02912_5105_28241_000004_000004.wav,real,0,samples,10.12,24000,1,485804,ba89e0540bd2cd82...
real_samples_02913_5105_28241_000005_000000.wav,real/real_samples_02913_5105_28241_000005_000000.wav,real,0,samples,3.21,24000,1,154124,8b43d8345719684f...
real_samples_02914_5105_28241_000005_000001.wav,real/real_samples_02914_5105_28241_000005_000001.wav,real,0,samples,6.76,24000,1,324524,f7ca9fff9803cc06...
real_samples_02915_5105_28241_000005_000002.wav,real/real_samples_02915_5105_28241_000005_000002.wav,real,0,samples,16.63,24000,1,798284,a07e74e812ac5cba...
real_samples_02916_5105_28241_000005_000004.wav,real/real_samples_02916_5105_28241_000005_000004.wav,real,0,samples,23.03,24000,1,1105484,fbb3129018c5900e...
real_samples_02917_5105_28241_000006_000000.wav,real/real_samples_02917_5105_28241_000006_000000.wav,real,0,samples,7.59,24000,1,364364,017f9dceb1d13619...
real_samples_02918_5142_33396_000002_000003.wav,real/real_samples_02918_5142_33396_000002_000003.wav,real,0,samples,3.23,24000,1,155084,f1a51f14dff8afec...
real_samples_02919_5142_33396_000002_000004.wav,real/real_samples_02919_5142_33396_000002_000004.wav,real,0,samples,3.0,24000,1,144044,85c344e3f19e62d9...
real_samples_02920_5142_33396_000004_000004.wav,real/real_samples_02920_5142_33396_000004_000004.wav,real,0,samples,4.78,24000,1,229484,b08afaae86f88616...
real_samples_02921_5142_33396_000005_000000.wav,real/real_samples_02921_5142_33396_000005_000000.wav,real,0,samples,3.15,24000,1,151244,60d43659809d7c27...
real_samples_02922_5142_33396_000006_000001.wav,real/real_samples_02922_5142_33396_000006_000001.wav,real,0,samples,3.07,24000,1,147404,3a302ac67386627c...
real_samples_02923_5142_33396_000008_000000.wav,real/real_samples_02923_5142_33396_000008_000000.wav,real,0,samples,5.39,24000,1,258764,d36f972a26ac0026...
real_samples_02924_5142_33396_000010_000000.wav,real/real_samples_02924_5142_33396_000010_000000.wav,real,0,samples,6.32,24000,1,303404,09e159ac38f15edd...
real_samples_02925_5142_33396_000012_000002.wav,real/real_samples_02925_5142_33396_000012_000002.wav,real,0,samples,3.96,24000,1,190124,8f4f180337f54ac3...
real_samples_02926_5142_33396_000015_000000.wav,real/real_samples_02926_5142_33396_000015_000000.wav,real,0,samples,3.6,24000,1,172844,e23b306a5f073a59...
real_samples_02927_5142_33396_000016_000000.wav,real/real_samples_02927_5142_33396_000016_000000.wav,real,0,samples,4.8,24000,1,230444,b0644186721b4c81...
real_samples_02928_5142_33396_000017_000000.wav,real/real_samples_02928_5142_33396_000017_000000.wav,real,0,samples,3.23,24000,1,155084,27e68febfae76503...
real_samples_02929_5142_33396_000024_000002.wav,real/real_samples_02929_5142_33396_000024_000002.wav,real,0,samples,3.21,24000,1,154124,e62eb36f7638bf6f...
real_samples_02930_5142_33396_000028_000000.wav,real/real_samples_02930_5142_33396_000028_000000.wav,real,0,samples,3.75,24000,1,180044,3d44fe1e8846b8bb...
real_samples_02931_5142_33396_000028_000001.wav,real/real_samples_02931_5142_33396_000028_000001.wav,real,0,samples,3.25,24000,1,156044,c708c1ed28ac325d...
real_samples_02932_5142_33396_000028_000002.wav,real/real_samples_02932_5142_33396_000028_000002.wav,real,0,samples,4.65,24000,1,223244,e56d918911809da3...
real_samples_02933_5142_33396_000033_000004.wav,real/real_samples_02933_5142_33396_000033_000004.wav,real,0,samples,3.39,24000,1,162764,eaddf65a1a703cb3...
real_samples_02934_5142_33396_000036_000000.wav,real/real_samples_02934_5142_33396_000036_000000.wav,real,0,samples,3.1,24000,1,148844,cfbe49f9aade4f0b...
real_samples_02935_5142_33396_000039_000001.wav,real/real_samples_02935_5142_33396_000039_000001.wav,real,0,samples,5.79,24000,1,277964,17ee463a96a268af...
real_samples_02936_5142_33396_000039_000003.wav,real/real_samples_02936_5142_33396_000039_000003.wav,real,0,samples,15.11,24000,1,725324,2479f5729bdc43c8...
real_samples_02937_5142_33396_000049_000001.wav,real/real_samples_02937_5142_33396_000049_000001.wav,real,0,samples,4.08,24000,1,195884,127e393a34fed0dd...
real_samples_02938_5142_33396_000049_000003.wav,real/real_samples_02938_5142_33396_000049_000003.wav,real,0,samples,4.12,24000,1,197804,585aba1b0bed16a6...
real_samples_02939_5142_33396_000049_000004.wav,real/real_samples_02939_5142_33396_000049_000004.wav,real,0,samples,3.94,24000,1,189164,41074df8392e1908...
real_samples_02940_5142_33396_000052_000003.wav,real/real_samples_02940_5142_33396_000052_000003.wav,real,0,samples,3.39,24000,1,162764,663f4ff7df8907a6...
real_samples_02941_5142_33396_000053_000000.wav,real/real_samples_02941_5142_33396_000053_000000.wav,real,0,samples,5.44,24000,1,261164,c33e90428cc6e6e6...
real_samples_02942_5142_36377_000000_000003.wav,real/real_samples_02942_5142_36377_000000_000003.wav,real,0,samples,13.09,24000,1,628364,4466f6bf7263922c...
real_samples_02943_5142_36377_000002_000001.wav,real/real_samples_02943_5142_36377_000002_000001.wav,real,0,samples,4.7,24000,1,225644,1e6f55a4636804e3...
real_samples_02944_5142_36377_000006_000006.wav,real/real_samples_02944_5142_36377_000006_000006.wav,real,0,samples,8.45,24000,1,405644,31f86a40fc3641ae...
real_samples_02945_5142_36377_000008_000000.wav,real/real_samples_02945_5142_36377_000008_000000.wav,real,0,samples,4.98,24000,1,239084,b4126ef4daa8b394...
real_samples_02946_5142_36377_000008_000001.wav,real/real_samples_02946_5142_36377_000008_000001.wav,real,0,samples,3.83,24000,1,183884,b46e66cc9c74ffb1...
real_samples_02947_5142_36377_000008_000005.wav,real/real_samples_02947_5142_36377_000008_000005.wav,real,0,samples,5.95,24000,1,285644,172c68144703a383...
real_samples_02948_5142_36377_000010_000002.wav,real/real_samples_02948_5142_36377_000010_000002.wav,real,0,samples,3.87,24000,1,185804,a3111cf072bc5290...
real_samples_02949_5142_36377_000010_000006.wav,real/real_samples_02949_5142_36377_000010_000006.wav,real,0,samples,6.46,24000,1,310124,dc32b5fc974ec89b...
real_samples_02950_5142_36377_000011_000001.wav,real/real_samples_02950_5142_36377_000011_000001.wav,real,0,samples,3.07,24000,1,147404,4cd90ddc66413bb5...
real_samples_02951_5142_36377_000013_000000.wav,real/real_samples_02951_5142_36377_000013_000000.wav,real,0,samples,3.82,24000,1,183404,3aa6f8d142ee17d6...
real_samples_02952_5142_36377_000013_000001.wav,real/real_samples_02952_5142_36377_000013_000001.wav,real,0,samples,21.05,24000,1,1010444,ce73f940f44b88be...
real_samples_02953_5142_36377_000013_000002.wav,real/real_samples_02953_5142_36377_000013_000002.wav,real,0,samples,4.18,24000,1,200684,0c0fb1bd5fe10563...
real_samples_02954_5142_36377_000013_000003.wav,real/real_samples_02954_5142_36377_000013_000003.wav,real,0,samples,6.77,24000,1,325004,eb7edca504f4f4aa...
real_samples_02955_5639_40744_000000_000000.wav,real/real_samples_02955_5639_40744_000000_000000.wav,real,0,samples,14.3,24000,1,686444,380e8edc3a021ab8...
real_samples_02956_5639_40744_000000_000002.wav,real/real_samples_02956_5639_40744_000000_000002.wav,real,0,samples,12.43,24000,1,596684,9d1b94a390643b3b...
real_samples_02957_5639_40744_000001_000002.wav,real/real_samples_02957_5639_40744_000001_000002.wav,real,0,samples,4.75,24000,1,228044,aef8b5d42fe9a522...
real_samples_02958_5639_40744_000002_000001.wav,real/real_samples_02958_5639_40744_000002_000001.wav,real,0,samples,19.2,24000,1,921644,00152d22941b5264...
real_samples_02959_5639_40744_000003_000000.wav,real/real_samples_02959_5639_40744_000003_000000.wav,real,0,samples,3.56,24000,1,170924,c1841f1e2a9acfea...
real_samples_02960_5639_40744_000003_000001.wav,real/real_samples_02960_5639_40744_000003_000001.wav,real,0,samples,6.6,24000,1,316844,1db733356b36e93a...
real_samples_02961_5639_40744_000003_000009.wav,real/real_samples_02961_5639_40744_000003_000009.wav,real,0,samples,10.83,24000,1,519884,e4f832680b448003...
real_samples_02962_5639_40744_000003_000012.wav,real/real_samples_02962_5639_40744_000003_000012.wav,real,0,samples,3.52,24000,1,169004,52701bd02228745f...
real_samples_02963_5639_40744_000004_000008.wav,real/real_samples_02963_5639_40744_000004_000008.wav,real,0,samples,3.14,24000,1,150764,9fd26217378b1963...
real_samples_02964_5639_40744_000004_000009.wav,real/real_samples_02964_5639_40744_000004_000009.wav,real,0,samples,12.82,24000,1,615404,07a486894ba52bbf...
real_samples_02965_5639_40744_000004_000011.wav,real/real_samples_02965_5639_40744_000004_000011.wav,real,0,samples,11.43,24000,1,548684,f7ea291ceab231e0...
real_samples_02966_5639_40744_000005_000001.wav,real/real_samples_02966_5639_40744_000005_000001.wav,real,0,samples,12.2,24000,1,585644,7861de58b020d54e...
real_samples_02967_5639_40744_000006_000002.wav,real/real_samples_02967_5639_40744_000006_000002.wav,real,0,samples,7.94,24000,1,381164,c818262d8d0d7f5a...
real_samples_02968_5639_40744_000006_000004.wav,real/real_samples_02968_5639_40744_000006_000004.wav,real,0,samples,9.64,24000,1,462764,b6a46198612d3366...
real_samples_02969_5639_40744_000006_000005.wav,real/real_samples_02969_5639_40744_000006_000005.wav,real,0,samples,11.39,24000,1,546766,95685f36ff18434b...
real_samples_02970_5639_40744_000007_000001.wav,real/real_samples_02970_5639_40744_000007_000001.wav,real,0,samples,7.23,24000,1,347082,88d36e291b32d819...
real_samples_02971_5639_40744_000007_000004.wav,real/real_samples_02971_5639_40744_000007_000004.wav,real,0,samples,12.12,24000,1,581804,4bee98080c742528...
real_samples_02972_5639_40744_000008_000002.wav,real/real_samples_02972_5639_40744_000008_000002.wav,real,0,samples,8.96,24000,1,430124,746cb3afba25b167...
real_samples_02973_5639_40744_000009_000001.wav,real/real_samples_02973_5639_40744_000009_000001.wav,real,0,samples,11.26,24000,1,540520,b8512090f33d591a...
real_samples_02974_5639_40744_000009_000002.wav,real/real_samples_02974_5639_40744_000009_000002.wav,real,0,samples,3.1,24000,1,148846,008a60ffc3bd0af1...
real_samples_02975_5639_40744_000010_000003.wav,real/real_samples_02975_5639_40744_000010_000003.wav,real,0,samples,11.23,24000,1,539082,cfc5feeb17503cdf...
real_samples_02976_5639_40744_000010_000005.wav,real/real_samples_02976_5639_40744_000010_000005.wav,real,0,samples,4.16,24000,1,199724,c0329776315a474f...
real_samples_02977_5639_40744_000011_000001.wav,real/real_samples_02977_5639_40744_000011_000001.wav,real,0,samples,11.18,24000,1,536684,3fef131c58571075...
real_samples_02978_5639_40744_000012_000000.wav,real/real_samples_02978_5639_40744_000012_000000.wav,real,0,samples,7.82,24000,1,375404,078bb66004d123f4...
real_samples_02979_5639_40744_000012_000002.wav,real/real_samples_02979_5639_40744_000012_000002.wav,real,0,samples,12.06,24000,1,578924,492f01d1339f82f5...
real_samples_02980_5639_40744_000012_000003.wav,real/real_samples_02980_5639_40744_000012_000003.wav,real,0,samples,9.8,24000,1,470448,3fe82f9fe601ca63...
real_samples_02981_5639_40744_000012_000006.wav,real/real_samples_02981_5639_40744_000012_000006.wav,real,0,samples,10.27,24000,1,493006,4171a3ce5b8cf51d...
real_samples_02982_5639_40744_000012_000007.wav,real/real_samples_02982_5639_40744_000012_000007.wav,real,0,samples,11.97,24000,1,574604,5acaf8d27347288a...
real_samples_02983_5639_40744_000013_000000.wav,real/real_samples_02983_5639_40744_000013_000000.wav,real,0,samples,12.95,24000,1,621646,03c0aa5169004e38...
real_samples_02984_5639_40744_000013_000002.wav,real/real_samples_02984_5639_40744_000013_000002.wav,real,0,samples,14.39,24000,1,690764,92874378c22e3c20...
real_samples_02985_5639_40744_000013_000003.wav,real/real_samples_02985_5639_40744_000013_000003.wav,real,0,samples,12.59,24000,1,604364,9e97c334b688856a...
real_samples_02986_5639_40744_000014_000000.wav,real/real_samples_02986_5639_40744_000014_000000.wav,real,0,samples,8.28,24000,1,397484,7743f10c95f87f10...
real_samples_02987_5639_40744_000014_000003.wav,real/real_samples_02987_5639_40744_000014_000003.wav,real,0,samples,3.95,24000,1,189642,cb93ffb41a8cc8ca...
real_samples_02988_5639_40744_000015_000000.wav,real/real_samples_02988_5639_40744_000015_000000.wav,real,0,samples,9.52,24000,1,457000,39fb2582af81f46a...
real_samples_02989_5639_40744_000015_000001.wav,real/real_samples_02989_5639_40744_000015_000001.wav,real,0,samples,8.11,24000,1,389324,b129d4617656d157...
real_samples_02990_5683_32865_000005_000000.wav,real/real_samples_02990_5683_32865_000005_000000.wav,real,0,samples,17.33,24000,1,831884,300e52eb01e5b9b2...
real_samples_02991_5683_32865_000005_000001.wav,real/real_samples_02991_5683_32865_000005_000001.wav,real,0,samples,8.15,24000,1,391244,91b457d0cf645c2a...
real_samples_02992_5683_32865_000005_000002.wav,real/real_samples_02992_5683_32865_000005_000002.wav,real,0,samples,4.83,24000,1,231884,2d8db5c8b2a551ae...
real_samples_02993_5683_32865_000006_000000.wav,real/real_samples_02993_5683_32865_000006_000000.wav,real,0,samples,6.6,24000,1,316844,6587c0b6d7ff0c1d...
real_samples_02994_5683_32865_000008_000002.wav,real/real_samples_02994_5683_32865_000008_000002.wav,real,0,samples,6.32,24000,1,303404,ef966395b35ffb71...
real_samples_02995_5683_32865_000009_000000.wav,real/real_samples_02995_5683_32865_000009_000000.wav,real,0,samples,8.76,24000,1,420524,ac0fb208988ecdf9...
real_samples_02996_5683_32865_000010_000000.wav,real/real_samples_02996_5683_32865_000010_000000.wav,real,0,samples,4.24,24000,1,203564,bc2d2d85150f0029...
real_samples_02997_5683_32865_000010_000001.wav,real/real_samples_02997_5683_32865_000010_000001.wav,real,0,samples,13.34,24000,1,640364,9171ad736cf8d1be...
real_samples_02998_5683_32865_000010_000002.wav,real/real_samples_02998_5683_32865_000010_000002.wav,real,0,samples,6.5,24000,1,312044,c9164f08468cff3f...
real_samples_02999_5683_32865_000010_000003.wav,real/real_samples_02999_5683_32865_000010_000003.wav,real,0,samples,14.24,24000,1,683564,f75b5b0becf03b00...
real_samples_03000_5683_32865_000010_000004.wav,real/real_samples_03000_5683_32865_000010_000004.wav,real,0,samples,13.08,24000,1,627884,36ff6233a426284a...
real_samples_03001_5683_32865_000012_000000.wav,real/real_samples_03001_5683_32865_000012_000000.wav,real,0,samples,5.04,24000,1,241964,7230b7b076c427ab...
real_samples_03002_5683_32865_000013_000002.wav,real/real_samples_03002_5683_32865_000013_000002.wav,real,0,samples,20.78,24000,1,997484,56c91f14326333c3...
real_samples_03003_5683_32865_000014_000000.wav,real/real_samples_03003_5683_32865_000014_000000.wav,real,0,samples,7.89,24000,1,378764,ccbd790c33776acf...
real_samples_03004_5683_32865_000014_000001.wav,real/real_samples_03004_5683_32865_000014_000001.wav,real,0,samples,19.92,24000,1,956204,05b80bed98ed7a83...
real_samples_03005_5683_32865_000015_000001.wav,real/real_samples_03005_5683_32865_000015_000001.wav,real,0,samples,11.34,24000,1,544364,f806de87e876757f...
real_samples_03006_5683_32865_000016_000000.wav,real/real_samples_03006_5683_32865_000016_000000.wav,real,0,samples,3.28,24000,1,157484,743bd38d0938342c...
real_samples_03007_5683_32865_000016_000002.wav,real/real_samples_03007_5683_32865_000016_000002.wav,real,0,samples,6.27,24000,1,301004,1b51320085b5b145...
real_samples_03008_5683_32865_000017_000000.wav,real/real_samples_03008_5683_32865_000017_000000.wav,real,0,samples,16.61,24000,1,797324,8db087c56599c260...
real_samples_03009_5683_32865_000018_000000.wav,real/real_samples_03009_5683_32865_000018_000000.wav,real,0,samples,23.56,24000,1,1130924,755c97df2477d144...
real_samples_03010_5683_32865_000020_000000.wav,real/real_samples_03010_5683_32865_000020_000000.wav,real,0,samples,22.25,24000,1,1068044,31c83c0ca810ffdd...
real_samples_03011_672_122797_000002_000002.wav,real/real_samples_03011_672_122797_000002_000002.wav,real,0,samples,6.24,24000,1,299564,8cedb6c1d41b0ae4...
real_samples_03012_6829_68769_000005_000001.wav,real/real_samples_03012_6829_68769_000005_000001.wav,real,0,samples,3.94,24000,1,189164,559878d881f82a38...
real_samples_03013_6829_68769_000005_000003.wav,real/real_samples_03013_6829_68769_000005_000003.wav,real,0,samples,13.34,24000,1,640364,24c11dc0b1a7f4bf...
real_samples_03014_6829_68769_000005_000004.wav,real/real_samples_03014_6829_68769_000005_000004.wav,real,0,samples,5.54,24000,1,265964,b0e8a864620d3cc8...
real_samples_03015_6829_68769_000006_000000.wav,real/real_samples_03015_6829_68769_000006_000000.wav,real,0,samples,6.07,24000,1,291404,50a236c76d263dfb...
real_samples_03016_6829_68769_000009_000000.wav,real/real_samples_03016_6829_68769_000009_000000.wav,real,0,samples,10.55,24000,1,506444,cb047da0ed512825...
real_samples_03017_6829_68769_000011_000000.wav,real/real_samples_03017_6829_68769_000011_000000.wav,real,0,samples,9.92,24000,1,476204,c323a08f651b01e7...
real_samples_03018_6829_68769_000011_000001.wav,real/real_samples_03018_6829_68769_000011_000001.wav,real,0,samples,4.17,24000,1,200204,fa71904f1e2113ab...
real_samples_03019_6829_68769_000012_000000.wav,real/real_samples_03019_6829_68769_000012_000000.wav,real,0,samples,3.81,24000,1,182924,d0056199bd255b40...
real_samples_03020_6829_68769_000012_000001.wav,real/real_samples_03020_6829_68769_000012_000001.wav,real,0,samples,5.39,24000,1,258764,fd9ecef249d4c18e...
real_samples_03021_6829_68769_000016_000001.wav,real/real_samples_03021_6829_68769_000016_000001.wav,real,0,samples,4.3,24000,1,206444,ac2b5199d6b9fbc2...
real_samples_03022_6829_68769_000017_000001.wav,real/real_samples_03022_6829_68769_000017_000001.wav,real,0,samples,6.44,24000,1,309164,5e617ac739d1b6aa...
real_samples_03023_6829_68769_000017_000002.wav,real/real_samples_03023_6829_68769_000017_000002.wav,real,0,samples,4.06,24000,1,194924,25f770a1e5d27986...
real_samples_03024_6829_68769_000024_000000.wav,real/real_samples_03024_6829_68769_000024_000000.wav,real,0,samples,6.18,24000,1,296684,41e6a9c46a71d329...
real_samples_03025_6930_75918_000032_000001.wav,real/real_samples_03025_6930_75918_000032_000001.wav,real,0,samples,3.29,24000,1,157964,99248d9deddc45dd...
real_samples_03026_6930_75918_000038_000000.wav,real/real_samples_03026_6930_75918_000038_000000.wav,real,0,samples,4.44,24000,1,213164,92392c4810e0e25c...
real_samples_03027_6930_75918_000042_000000.wav,real/real_samples_03027_6930_75918_000042_000000.wav,real,0,samples,4.6,24000,1,220844,7443e5490e282c1e...
real_samples_03028_6930_75918_000050_000001.wav,real/real_samples_03028_6930_75918_000050_000001.wav,real,0,samples,4.43,24000,1,212684,7734bb4d363ecb3a...
real_samples_03029_6930_76324_000002_000004.wav,real/real_samples_03029_6930_76324_000002_000004.wav,real,0,samples,6.93,24000,1,332684,4e800375651aeb33...
real_samples_03030_6930_76324_000005_000001.wav,real/real_samples_03030_6930_76324_000005_000001.wav,real,0,samples,5.09,24000,1,244364,8edd4c00f4ec70be...
real_samples_03031_6930_76324_000010_000004.wav,real/real_samples_03031_6930_76324_000010_000004.wav,real,0,samples,3.51,24000,1,168524,e6e6bd4ab357ef65...
real_samples_03032_6930_76324_000014_000003.wav,real/real_samples_03032_6930_76324_000014_000003.wav,real,0,samples,7.5,24000,1,360044,af1878de467169df...
real_samples_03033_6930_76324_000019_000004.wav,real/real_samples_03033_6930_76324_000019_000004.wav,real,0,samples,4.74,24000,1,227564,2be4268ff4c0656a...
real_samples_03034_6930_76324_000026_000003.wav,real/real_samples_03034_6930_76324_000026_000003.wav,real,0,samples,5.5,24000,1,264044,d0549a0cc4fe95d7...
real_samples_03035_6930_76324_000030_000000.wav,real/real_samples_03035_6930_76324_000030_000000.wav,real,0,samples,3.78,24000,1,181482,d6d6c12024018b29...
real_samples_03036_7021_79730_000044_000001.wav,real/real_samples_03036_7021_79730_000044_000001.wav,real,0,samples,11.22,24000,1,538604,d8d61daa4e59f1ce...
real_samples_03037_7021_79730_000046_000000.wav,real/real_samples_03037_7021_79730_000046_000000.wav,real,0,samples,10.81,24000,1,518924,30f9aad94fa2a9ec...
real_samples_03038_7021_79730_000047_000001.wav,real/real_samples_03038_7021_79730_000047_000001.wav,real,0,samples,3.08,24000,1,147884,72e1d9e23745f345...
real_samples_03039_7021_79730_000051_000001.wav,real/real_samples_03039_7021_79730_000051_000001.wav,real,0,samples,14.53,24000,1,697484,4965553ae8752209...
real_samples_03040_7021_79730_000051_000003.wav,real/real_samples_03040_7021_79730_000051_000003.wav,real,0,samples,22.06,24000,1,1058924,6e05bf9dd3dfb3b2...
real_samples_03041_7021_79730_000052_000000.wav,real/real_samples_03041_7021_79730_000052_000000.wav,real,0,samples,32.42,24000,1,1556204,ca6332ff878ded87...
real_samples_03042_7021_79730_000053_000000.wav,real/real_samples_03042_7021_79730_000053_000000.wav,real,0,samples,6.13,24000,1,294284,255f4b8f9d7c5a69...
real_samples_03043_7021_79730_000055_000001.wav,real/real_samples_03043_7021_79730_000055_000001.wav,real,0,samples,7.63,24000,1,366284,9262c1e49f71ac14...
real_samples_03044_7021_79730_000056_000000.wav,real/real_samples_03044_7021_79730_000056_000000.wav,real,0,samples,9.5,24000,1,456044,0ec2ad02d7804cf6...
real_samples_03045_7021_79730_000056_000002.wav,real/real_samples_03045_7021_79730_000056_000002.wav,real,0,samples,13.21,24000,1,634124,04c8a5dba6d18ffd...
real_samples_03046_7021_79730_000056_000003.wav,real/real_samples_03046_7021_79730_000056_000003.wav,real,0,samples,8.41,24000,1,403724,fd32ba8d04a3cd58...
real_samples_03047_7021_79730_000057_000000.wav,real/real_samples_03047_7021_79730_000057_000000.wav,real,0,samples,10.38,24000,1,498284,b91389fca21d2eba...
real_samples_03048_7021_79730_000059_000001.wav,real/real_samples_03048_7021_79730_000059_000001.wav,real,0,samples,7.28,24000,1,349484,7d02eb5e140c451c...
real_samples_03049_7021_79730_000060_000000.wav,real/real_samples_03049_7021_79730_000060_000000.wav,real,0,samples,9.12,24000,1,437804,f5d6c0500682e677...
real_samples_03050_7021_79730_000062_000000.wav,real/real_samples_03050_7021_79730_000062_000000.wav,real,0,samples,7.05,24000,1,338444,8ddad1ce2a9c43c7...
real_samples_03051_7021_79730_000063_000000.wav,real/real_samples_03051_7021_79730_000063_000000.wav,real,0,samples,8.01,24000,1,384524,6af333981700a525...
real_samples_03052_7021_79730_000065_000002.wav,real/real_samples_03052_7021_79730_000065_000002.wav,real,0,samples,11.09,24000,1,532362,c6574af7f484432a...
real_samples_03053_7021_79730_000065_000003.wav,real/real_samples_03053_7021_79730_000065_000003.wav,real,0,samples,11.96,24000,1,574126,a34acfdeb47b1388...
real_samples_03054_7021_79730_000065_000004.wav,real/real_samples_03054_7021_79730_000065_000004.wav,real,0,samples,6.65,24000,1,319242,5e6e34bb23023a5c...
real_samples_03055_7021_79730_000067_000001.wav,real/real_samples_03055_7021_79730_000067_000001.wav,real,0,samples,10.17,24000,1,488202,bf803a24844bf43b...
real_samples_03056_7021_79740_000003_000000.wav,real/real_samples_03056_7021_79740_000003_000000.wav,real,0,samples,24.87,24000,1,1193804,1313f5a7d71b5054...
real_samples_03057_7021_79740_000003_000001.wav,real/real_samples_03057_7021_79740_000003_000001.wav,real,0,samples,10.76,24000,1,516524,fa56fc99e27228d5...
real_samples_03058_7021_79740_000003_000002.wav,real/real_samples_03058_7021_79740_000003_000002.wav,real,0,samples,10.24,24000,1,491564,4c8d6c3b379f97f8...
real_samples_03059_7021_79740_000005_000001.wav,real/real_samples_03059_7021_79740_000005_000001.wav,real,0,samples,11.79,24000,1,565964,c0dd5d57983abd29...
real_samples_03060_7021_79740_000007_000000.wav,real/real_samples_03060_7021_79740_000007_000000.wav,real,0,samples,8.46,24000,1,406124,c7335ee735d9b16f...
real_samples_03061_7021_79740_000009_000001.wav,real/real_samples_03061_7021_79740_000009_000001.wav,real,0,samples,11.02,24000,1,529004,91946c38006e58b6...
real_samples_03062_7021_79740_000009_000002.wav,real/real_samples_03062_7021_79740_000009_000002.wav,real,0,samples,22.45,24000,1,1077644,724b0aff07a3e231...
real_samples_03063_7021_79740_000010_000000.wav,real/real_samples_03063_7021_79740_000010_000000.wav,real,0,samples,3.28,24000,1,157484,eb108549ed41e627...
real_samples_03064_7021_79740_000010_000003.wav,real/real_samples_03064_7021_79740_000010_000003.wav,real,0,samples,6.1,24000,1,292844,e7ccff5c216bccf3...
real_samples_03065_7021_79740_000010_000005.wav,real/real_samples_03065_7021_79740_000010_000005.wav,real,0,samples,4.98,24000,1,239084,72776353b065b0e7...
real_samples_03066_7021_79740_000010_000006.wav,real/real_samples_03066_7021_79740_000010_000006.wav,real,0,samples,12.0,24000,1,576044,45a86fe842407eca...
real_samples_03067_7021_79740_000011_000000.wav,real/real_samples_03067_7021_79740_000011_000000.wav,real,0,samples,6.23,24000,1,299084,0966db67263d7348...
real_samples_03068_7021_79740_000013_000000.wav,real/real_samples_03068_7021_79740_000013_000000.wav,real,0,samples,8.29,24000,1,397964,fbb62e79c8ad2bbe...
real_samples_03069_7021_79740_000015_000002.wav,real/real_samples_03069_7021_79740_000015_000002.wav,real,0,samples,7.17,24000,1,344204,c7365582f4392c61...
real_samples_03070_7021_79740_000017_000000.wav,real/real_samples_03070_7021_79740_000017_000000.wav,real,0,samples,9.4,24000,1,451244,e73deef848088216...
real_samples_03071_7021_79740_000017_000001.wav,real/real_samples_03071_7021_79740_000017_000001.wav,real,0,samples,17.79,24000,1,853964,479ef48973e39115...
real_samples_03072_7021_79740_000017_000002.wav,real/real_samples_03072_7021_79740_000017_000002.wav,real,0,samples,3.27,24000,1,157004,de5cdca512e83ebd...
real_samples_03073_7021_79740_000018_000002.wav,real/real_samples_03073_7021_79740_000018_000002.wav,real,0,samples,4.84,24000,1,232364,03eb280aba8ceebd...
real_samples_03074_7021_79740_000019_000000.wav,real/real_samples_03074_7021_79740_000019_000000.wav,real,0,samples,8.47,24000,1,406604,1e62a3ef17d17f2a...
real_samples_03075_7021_79740_000020_000000.wav,real/real_samples_03075_7021_79740_000020_000000.wav,real,0,samples,5.94,24000,1,285164,b53a4f4ac653cdb2...
real_samples_03076_7021_79740_000020_000001.wav,real/real_samples_03076_7021_79740_000020_000001.wav,real,0,samples,3.9,24000,1,187244,dfaddac5bca993c7...
real_samples_03077_7021_79740_000020_000002.wav,real/real_samples_03077_7021_79740_000020_000002.wav,real,0,samples,7.75,24000,1,372044,1c9108fbb0a2c29d...
real_samples_03078_7021_79740_000020_000003.wav,real/real_samples_03078_7021_79740_000020_000003.wav,real,0,samples,5.69,24000,1,273164,b65a56545a1deb04...
real_samples_03079_7021_79740_000020_000005.wav,real/real_samples_03079_7021_79740_000020_000005.wav,real,0,samples,6.87,24000,1,329804,d0f0871267650819...
real_samples_03080_7021_79740_000021_000000.wav,real/real_samples_03080_7021_79740_000021_000000.wav,real,0,samples,5.31,24000,1,254924,0ff1b3c9797f6560...
real_samples_03081_7021_79740_000021_000001.wav,real/real_samples_03081_7021_79740_000021_000001.wav,real,0,samples,13.87,24000,1,665804,a8df05f705e054fd...
real_samples_03082_7021_79740_000022_000000.wav,real/real_samples_03082_7021_79740_000022_000000.wav,real,0,samples,7.82,24000,1,375404,c7d9910ac9624c20...
real_samples_03083_7021_79740_000022_000001.wav,real/real_samples_03083_7021_79740_000022_000001.wav,real,0,samples,9.08,24000,1,435884,cdecbbdd927ca6a2...
real_samples_03084_7021_79759_000004_000004.wav,real/real_samples_03084_7021_79759_000004_000004.wav,real,0,samples,16.82,24000,1,807404,632e6ce0881882dd...
real_samples_03085_7021_79759_000004_000005.wav,real/real_samples_03085_7021_79759_000004_000005.wav,real,0,samples,22.52,24000,1,1081004,0065f640f1a08bd8...
real_samples_03086_7021_79759_000006_000001.wav,real/real_samples_03086_7021_79759_000006_000001.wav,real,0,samples,4.81,24000,1,230924,37eb5845bb1003f4...
real_samples_03087_7021_79759_000006_000003.wav,real/real_samples_03087_7021_79759_000006_000003.wav,real,0,samples,21.36,24000,1,1025324,a90aad1e782a388b...
real_samples_03088_7021_79759_000008_000000.wav,real/real_samples_03088_7021_79759_000008_000000.wav,real,0,samples,17.27,24000,1,829004,733d5e4128cb00db...
real_samples_03089_7021_79759_000008_000001.wav,real/real_samples_03089_7021_79759_000008_000001.wav,real,0,samples,10.37,24000,1,497804,36793990204fd3f0...
real_samples_03090_7021_79759_000009_000001.wav,real/real_samples_03090_7021_79759_000009_000001.wav,real,0,samples,12.15,24000,1,583244,0ff4e92e253c21db...
real_samples_03091_7021_79759_000009_000003.wav,real/real_samples_03091_7021_79759_000009_000003.wav,real,0,samples,12.88,24000,1,618284,e8367ba58d3e0a69...
real_samples_03092_7021_85628_000002_000000.wav,real/real_samples_03092_7021_85628_000002_000000.wav,real,0,samples,5.35,24000,1,256844,ffd946b7a1710b3b...
real_samples_03093_7021_85628_000002_000001.wav,real/real_samples_03093_7021_85628_000002_000001.wav,real,0,samples,9.56,24000,1,458924,9ed9731c00790bf6...
real_samples_03094_7021_85628_000004_000000.wav,real/real_samples_03094_7021_85628_000004_000000.wav,real,0,samples,7.09,24000,1,340364,9e04f453f6607323...
real_samples_03095_7021_85628_000004_000002.wav,real/real_samples_03095_7021_85628_000004_000002.wav,real,0,samples,8.29,24000,1,397964,b3819aa203271a20...
real_samples_03096_7021_85628_000005_000000.wav,real/real_samples_03096_7021_85628_000005_000000.wav,real,0,samples,6.57,24000,1,315404,3d71d8077b607e67...
real_samples_03097_7021_85628_000005_000001.wav,real/real_samples_03097_7021_85628_000005_000001.wav,real,0,samples,10.49,24000,1,503564,dbdd84ede1a9ae49...
real_samples_03098_7021_85628_000006_000000.wav,real/real_samples_03098_7021_85628_000006_000000.wav,real,0,samples,10.4,24000,1,499244,9637ea25334e1992...
real_samples_03099_7021_85628_000007_000000.wav,real/real_samples_03099_7021_85628_000007_000000.wav,real,0,samples,11.01,24000,1,528524,fb751e9be7cb5b18...
real_samples_03100_7021_85628_000008_000000.wav,real/real_samples_03100_7021_85628_000008_000000.wav,real,0,samples,4.6,24000,1,220844,80ee3d45c1f1d188...
real_samples_03101_7021_85628_000008_000001.wav,real/real_samples_03101_7021_85628_000008_000001.wav,real,0,samples,12.04,24000,1,577964,2b7d0129b85fe9f6...
real_samples_03102_7127_75946_000002_000000.wav,real/real_samples_03102_7127_75946_000002_000000.wav,real,0,samples,18.68,24000,1,896684,f7439b0cc5fc3ed8...
real_samples_03103_7127_75946_000012_000000.wav,real/real_samples_03103_7127_75946_000012_000000.wav,real,0,samples,3.07,24000,1,147404,0065f78ad79a4ed4...
real_samples_03104_7127_75946_000016_000000.wav,real/real_samples_03104_7127_75946_000016_000000.wav,real,0,samples,6.58,24000,1,315884,bacaf92438387424...
real_samples_03105_7127_75946_000022_000001.wav,real/real_samples_03105_7127_75946_000022_000001.wav,real,0,samples,7.41,24000,1,355724,81e260c77864fd9c...
real_samples_03106_7127_75946_000023_000002.wav,real/real_samples_03106_7127_75946_000023_000002.wav,real,0,samples,14.06,24000,1,674924,3133ede2f66ce8b1...
real_samples_03107_7127_75946_000024_000001.wav,real/real_samples_03107_7127_75946_000024_000001.wav,real,0,samples,7.63,24000,1,366284,8702bdbe1d27fea2...
real_samples_03108_7127_75946_000026_000000.wav,real/real_samples_03108_7127_75946_000026_000000.wav,real,0,samples,3.59,24000,1,172364,9aa22af732c2ca43...
real_samples_03109_7127_75946_000027_000000.wav,real/real_samples_03109_7127_75946_000027_000000.wav,real,0,samples,3.04,24000,1,145964,5c82206ac07e7902...
real_samples_03110_7127_75946_000029_000000.wav,real/real_samples_03110_7127_75946_000029_000000.wav,real,0,samples,7.49,24000,1,359564,741e08b8a42d4b62...
real_samples_03111_7127_75946_000030_000000.wav,real/real_samples_03111_7127_75946_000030_000000.wav,real,0,samples,9.32,24000,1,447404,82926f180b250922...
real_samples_03112_7127_75946_000031_000000.wav,real/real_samples_03112_7127_75946_000031_000000.wav,real,0,samples,3.98,24000,1,191084,6363e78df06fa475...
real_samples_03113_7127_75946_000033_000000.wav,real/real_samples_03113_7127_75946_000033_000000.wav,real,0,samples,6.36,24000,1,305324,5181ce837c8570d1...
real_samples_03114_7127_75946_000037_000000.wav,real/real_samples_03114_7127_75946_000037_000000.wav,real,0,samples,3.8,24000,1,182444,8e91cf34983cdf1c...
real_samples_03115_7127_75946_000037_000001.wav,real/real_samples_03115_7127_75946_000037_000001.wav,real,0,samples,13.54,24000,1,649964,1180d5d11771ce1c...
real_samples_03116_7127_75946_000039_000001.wav,real/real_samples_03116_7127_75946_000039_000001.wav,real,0,samples,9.15,24000,1,439244,2dcb73379bb3e9ce...
real_samples_03117_7127_75946_000039_000002.wav,real/real_samples_03117_7127_75946_000039_000002.wav,real,0,samples,21.26,24000,1,1020524,c614bd85049c4641...
real_samples_03118_7127_75946_000039_000003.wav,real/real_samples_03118_7127_75946_000039_000003.wav,real,0,samples,9.33,24000,1,447884,7cdc6bf72b490b25...
real_samples_03119_7127_75946_000039_000006.wav,real/real_samples_03119_7127_75946_000039_000006.wav,real,0,samples,13.9,24000,1,667242,c8e6dda550bde88e...
real_samples_03120_7127_75946_000040_000000.wav,real/real_samples_03120_7127_75946_000040_000000.wav,real,0,samples,16.05,24000,1,770442,0ed33c11c51f0f2e...
real_samples_03121_7127_75946_000040_000001.wav,real/real_samples_03121_7127_75946_000040_000001.wav,real,0,samples,7.11,24000,1,341324,f105a11b4df61445...
real_samples_03122_7127_75946_000040_000002.wav,real/real_samples_03122_7127_75946_000040_000002.wav,real,0,samples,7.41,24000,1,355724,0a5d9f57d31887d8...
real_samples_03123_7127_75946_000040_000003.wav,real/real_samples_03123_7127_75946_000040_000003.wav,real,0,samples,10.48,24000,1,503086,c73df1eaa3831f67...
real_samples_03124_7127_75946_000040_000004.wav,real/real_samples_03124_7127_75946_000040_000004.wav,real,0,samples,6.16,24000,1,295724,63dd40813f0ca327...
real_samples_03125_7127_75946_000040_000006.wav,real/real_samples_03125_7127_75946_000040_000006.wav,real,0,samples,5.99,24000,1,287562,41c24cadb3ad7203...
real_samples_03126_7127_75946_000040_000007.wav,real/real_samples_03126_7127_75946_000040_000007.wav,real,0,samples,11.81,24000,1,566924,78558c4e9e02406d...
real_samples_03127_7127_75946_000040_000008.wav,real/real_samples_03127_7127_75946_000040_000008.wav,real,0,samples,6.85,24000,1,328842,c4f4e42b5dc64691...
real_samples_03128_7127_75946_000040_000010.wav,real/real_samples_03128_7127_75946_000040_000010.wav,real,0,samples,16.01,24000,1,768524,a08f53a3b6c222f7...
real_samples_03129_7127_75946_000040_000011.wav,real/real_samples_03129_7127_75946_000040_000011.wav,real,0,samples,3.53,24000,1,169482,3da1a6b98041575f...
real_samples_03130_7127_75946_000041_000001.wav,real/real_samples_03130_7127_75946_000041_000001.wav,real,0,samples,5.54,24000,1,265966,4765afe07713564c...
real_samples_03131_7127_75946_000043_000000.wav,real/real_samples_03131_7127_75946_000043_000000.wav,real,0,samples,7.0,24000,1,336044,9d4fb5346b06f107...
real_samples_03132_7127_75946_000045_000000.wav,real/real_samples_03132_7127_75946_000045_000000.wav,real,0,samples,5.62,24000,1,269802,9be16ba388068e53...
real_samples_03133_7127_75946_000052_000000.wav,real/real_samples_03133_7127_75946_000052_000000.wav,real,0,samples,3.23,24000,1,155084,a473557e8dd64e7f...
real_samples_03134_7127_75946_000054_000000.wav,real/real_samples_03134_7127_75946_000054_000000.wav,real,0,samples,4.58,24000,1,219884,c161f74cb5308a94...
real_samples_03135_7127_75946_000055_000000.wav,real/real_samples_03135_7127_75946_000055_000000.wav,real,0,samples,6.97,24000,1,334606,012169293229e727...
real_samples_03136_7127_75946_000056_000000.wav,real/real_samples_03136_7127_75946_000056_000000.wav,real,0,samples,11.31,24000,1,542924,0889c19683a0f806...
real_samples_03137_7127_75946_000057_000002.wav,real/real_samples_03137_7127_75946_000057_000002.wav,real,0,samples,13.65,24000,1,655242,8ad6b161e71b4bc4...
real_samples_03138_7127_75946_000058_000000.wav,real/real_samples_03138_7127_75946_000058_000000.wav,real,0,samples,6.21,24000,1,298124,1a53fa7e3f4e8b98...
real_samples_03139_7127_75946_000058_000001.wav,real/real_samples_03139_7127_75946_000058_000001.wav,real,0,samples,9.26,24000,1,444524,db9b89a4d30cf89b...
real_samples_03140_7127_75946_000059_000000.wav,real/real_samples_03140_7127_75946_000059_000000.wav,real,0,samples,4.47,24000,1,214604,d4e258deaade3798...
real_samples_03141_7127_75946_000060_000001.wav,real/real_samples_03141_7127_75946_000060_000001.wav,real,0,samples,9.84,24000,1,472366,f26f99554a707767...
real_samples_03142_7127_75946_000060_000002.wav,real/real_samples_03142_7127_75946_000060_000002.wav,real,0,samples,15.51,24000,1,744524,44854bcaca10fff7...
real_samples_03143_7127_75946_000060_000003.wav,real/real_samples_03143_7127_75946_000060_000003.wav,real,0,samples,14.81,24000,1,710924,78f373d9e266c2f7...
real_samples_03144_7127_75946_000060_000005.wav,real/real_samples_03144_7127_75946_000060_000005.wav,real,0,samples,4.32,24000,1,207404,efba919d82a00b5a...
real_samples_03145_7127_75946_000060_000006.wav,real/real_samples_03145_7127_75946_000060_000006.wav,real,0,samples,3.19,24000,1,153164,b34e8d04445f47f8...
real_samples_03146_7127_75946_000060_000007.wav,real/real_samples_03146_7127_75946_000060_000007.wav,real,0,samples,19.43,24000,1,932684,58f782bf884a6f18...
real_samples_03147_7127_75946_000061_000001.wav,real/real_samples_03147_7127_75946_000061_000001.wav,real,0,samples,8.95,24000,1,429644,2d9340a032333d0e...
real_samples_03148_7127_75946_000061_000002.wav,real/real_samples_03148_7127_75946_000061_000002.wav,real,0,samples,4.33,24000,1,207884,a59df36b1927d13c...
real_samples_03149_7127_75946_000061_000004.wav,real/real_samples_03149_7127_75946_000061_000004.wav,real,0,samples,8.55,24000,1,410442,037f3602eb1dd583...
real_samples_03150_7127_75946_000061_000005.wav,real/real_samples_03150_7127_75946_000061_000005.wav,real,0,samples,15.77,24000,1,757002,d324babf551beafc...
real_samples_03151_7127_75947_000006_000000.wav,real/real_samples_03151_7127_75947_000006_000000.wav,real,0,samples,5.41,24000,1,259724,971c4bbcc8745736...
real_samples_03152_7127_75947_000006_000001.wav,real/real_samples_03152_7127_75947_000006_000001.wav,real,0,samples,5.01,24000,1,240524,7163379f40cc8104...
real_samples_03153_7127_75947_000006_000004.wav,real/real_samples_03153_7127_75947_000006_000004.wav,real,0,samples,23.18,24000,1,1112684,c50f21d94ddedef7...
real_samples_03154_7127_75947_000006_000005.wav,real/real_samples_03154_7127_75947_000006_000005.wav,real,0,samples,15.58,24000,1,747884,37c51a96bb93ac73...
real_samples_03155_7127_75947_000006_000007.wav,real/real_samples_03155_7127_75947_000006_000007.wav,real,0,samples,7.38,24000,1,354284,5a6a5ab23d1dffc4...
real_samples_03156_7127_75947_000006_000009.wav,real/real_samples_03156_7127_75947_000006_000009.wav,real,0,samples,6.11,24000,1,293324,62a7791ba327b630...
real_samples_03157_7176_88083_000002_000004.wav,real/real_samples_03157_7176_88083_000002_000004.wav,real,0,samples,5.87,24000,1,281804,4664ca816273da9b...
real_samples_03158_7176_88083_000003_000000.wav,real/real_samples_03158_7176_88083_000003_000000.wav,real,0,samples,7.21,24000,1,346124,53dc451ce773d629...
real_samples_03159_7176_88083_000003_000001.wav,real/real_samples_03159_7176_88083_000003_000001.wav,real,0,samples,9.16,24000,1,439724,7df6b99c8bb4645b...
real_samples_03160_7176_88083_000003_000002.wav,real/real_samples_03160_7176_88083_000003_000002.wav,real,0,samples,8.11,24000,1,389324,ece19cec544d8dc4...
real_samples_03161_7176_88083_000004_000000.wav,real/real_samples_03161_7176_88083_000004_000000.wav,real,0,samples,6.61,24000,1,317324,bc79db54e2c154c8...
real_samples_03162_7176_88083_000004_000001.wav,real/real_samples_03162_7176_88083_000004_000001.wav,real,0,samples,9.68,24000,1,464684,9fbba95ffc9aa5ca...
real_samples_03163_7176_88083_000004_000002.wav,real/real_samples_03163_7176_88083_000004_000002.wav,real,0,samples,5.78,24000,1,277484,135c8c340b318c47...
real_samples_03164_7176_88083_000004_000003.wav,real/real_samples_03164_7176_88083_000004_000003.wav,real,0,samples,14.84,24000,1,712364,bced257089214013...
real_samples_03165_7176_88083_000005_000000.wav,real/real_samples_03165_7176_88083_000005_000000.wav,real,0,samples,5.01,24000,1,240524,6be1c83b3e27b6fb...
real_samples_03166_7176_88083_000005_000002.wav,real/real_samples_03166_7176_88083_000005_000002.wav,real,0,samples,12.05,24000,1,578444,1a0ca62d46bd2c1e...
real_samples_03167_7176_88083_000005_000003.wav,real/real_samples_03167_7176_88083_000005_000003.wav,real,0,samples,16.05,24000,1,770444,d5cfa50833e7ead1...
real_samples_03168_7176_88083_000005_000004.wav,real/real_samples_03168_7176_88083_000005_000004.wav,real,0,samples,7.19,24000,1,345164,32350d01739b44bc...
real_samples_03169_7176_88083_000005_000005.wav,real/real_samples_03169_7176_88083_000005_000005.wav,real,0,samples,6.92,24000,1,332204,50922cfbfaba8004...
real_samples_03170_7176_88083_000006_000002.wav,real/real_samples_03170_7176_88083_000006_000002.wav,real,0,samples,10.82,24000,1,519404,5ae77e1044f43d2d...
real_samples_03171_7176_88083_000006_000003.wav,real/real_samples_03171_7176_88083_000006_000003.wav,real,0,samples,5.57,24000,1,267404,9d00aef1d708e15f...
real_samples_03172_7176_88083_000006_000005.wav,real/real_samples_03172_7176_88083_000006_000005.wav,real,0,samples,5.1,24000,1,244844,6153e0401d6ea89c...
real_samples_03173_7176_88083_000007_000000.wav,real/real_samples_03173_7176_88083_000007_000000.wav,real,0,samples,6.97,24000,1,334604,27e7e99e2d930748...
real_samples_03174_7176_88083_000007_000001.wav,real/real_samples_03174_7176_88083_000007_000001.wav,real,0,samples,20.86,24000,1,1001324,42fafb032f381ea6...
real_samples_03175_7176_88083_000008_000002.wav,real/real_samples_03175_7176_88083_000008_000002.wav,real,0,samples,3.11,24000,1,149324,f693e6547899a279...
real_samples_03176_7176_88083_000009_000000.wav,real/real_samples_03176_7176_88083_000009_000000.wav,real,0,samples,9.52,24000,1,457004,bb09070272333b02...
real_samples_03177_7176_88083_000009_000002.wav,real/real_samples_03177_7176_88083_000009_000002.wav,real,0,samples,9.51,24000,1,456524,c2c750c94d6d16dd...
real_samples_03178_7176_88083_000010_000000.wav,real/real_samples_03178_7176_88083_000010_000000.wav,real,0,samples,12.74,24000,1,611564,00eeaa3025e6b815...
real_samples_03179_7176_88083_000010_000002.wav,real/real_samples_03179_7176_88083_000010_000002.wav,real,0,samples,5.49,24000,1,263564,4f29857f436c2480...
real_samples_03180_7176_88083_000011_000000.wav,real/real_samples_03180_7176_88083_000011_000000.wav,real,0,samples,4.19,24000,1,201164,002c111399b6eb7a...
real_samples_03181_7176_88083_000011_000002.wav,real/real_samples_03181_7176_88083_000011_000002.wav,real,0,samples,3.17,24000,1,152204,f42ec92aa253fbe8...
real_samples_03182_7176_88083_000011_000005.wav,real/real_samples_03182_7176_88083_000011_000005.wav,real,0,samples,6.12,24000,1,293804,45a366f5d4a253b2...
real_samples_03183_7176_88083_000011_000006.wav,real/real_samples_03183_7176_88083_000011_000006.wav,real,0,samples,3.73,24000,1,179084,6fe50ee07b735d30...
real_samples_03184_7176_88083_000012_000000.wav,real/real_samples_03184_7176_88083_000012_000000.wav,real,0,samples,6.22,24000,1,298604,ca642b1d60b44dcd...
real_samples_03185_7176_88083_000012_000001.wav,real/real_samples_03185_7176_88083_000012_000001.wav,real,0,samples,4.83,24000,1,231884,3166c2b0590178fa...
real_samples_03186_7176_88083_000012_000003.wav,real/real_samples_03186_7176_88083_000012_000003.wav,real,0,samples,3.76,24000,1,180524,2b539ae286c2e1a9...
real_samples_03187_7176_88083_000012_000004.wav,real/real_samples_03187_7176_88083_000012_000004.wav,real,0,samples,12.78,24000,1,613484,2b34360cc9393dc6...
real_samples_03188_7176_88083_000012_000005.wav,real/real_samples_03188_7176_88083_000012_000005.wav,real,0,samples,6.04,24000,1,289964,5f7668c7715a77e2...
real_samples_03189_7176_88083_000013_000000.wav,real/real_samples_03189_7176_88083_000013_000000.wav,real,0,samples,10.51,24000,1,504524,64a7a06cc6045198...
real_samples_03190_7176_88083_000013_000001.wav,real/real_samples_03190_7176_88083_000013_000001.wav,real,0,samples,9.79,24000,1,469964,14c2de131db71606...
real_samples_03191_7176_88083_000013_000002.wav,real/real_samples_03191_7176_88083_000013_000002.wav,real,0,samples,5.36,24000,1,257324,7ef8bd0657ec78c6...
real_samples_03192_7176_88083_000013_000003.wav,real/real_samples_03192_7176_88083_000013_000003.wav,real,0,samples,4.79,24000,1,229964,4e1211cb871cf8d2...
real_samples_03193_7176_88083_000014_000000.wav,real/real_samples_03193_7176_88083_000014_000000.wav,real,0,samples,4.95,24000,1,237644,50d853421e113423...
real_samples_03194_7176_88083_000014_000001.wav,real/real_samples_03194_7176_88083_000014_000001.wav,real,0,samples,14.34,24000,1,688366,604394c99c7b81c9...
real_samples_03195_7176_88083_000015_000000.wav,real/real_samples_03195_7176_88083_000015_000000.wav,real,0,samples,4.15,24000,1,199244,4639e5867416c4b2...
real_samples_03196_7176_88083_000015_000003.wav,real/real_samples_03196_7176_88083_000015_000003.wav,real,0,samples,5.93,24000,1,284684,7918f7273ab8051e...
real_samples_03197_7176_88083_000015_000004.wav,real/real_samples_03197_7176_88083_000015_000004.wav,real,0,samples,3.5,24000,1,168044,44e90ba1d8776515...
real_samples_03198_7176_88083_000016_000002.wav,real/real_samples_03198_7176_88083_000016_000002.wav,real,0,samples,8.46,24000,1,406122,1dd2178402bd053a...
real_samples_03199_7176_88083_000016_000003.wav,real/real_samples_03199_7176_88083_000016_000003.wav,real,0,samples,7.07,24000,1,339404,22f961b47738300b...
real_samples_03200_7176_88083_000016_000004.wav,real/real_samples_03200_7176_88083_000016_000004.wav,real,0,samples,7.35,24000,1,352842,35999df4e4e373b8...
real_samples_03201_7176_88083_000016_000005.wav,real/real_samples_03201_7176_88083_000016_000005.wav,real,0,samples,3.94,24000,1,189164,6e7c47153180b541...
real_samples_03202_7729_102255_000002_000001.wav,real/real_samples_03202_7729_102255_000002_000001.wav,real,0,samples,3.1,24000,1,148844,241646a4f94e9262...
real_samples_03203_7729_102255_000002_000005.wav,real/real_samples_03203_7729_102255_000002_000005.wav,real,0,samples,7.64,24000,1,366764,e1d2f9c8435a77ca...
real_samples_03204_7729_102255_000002_000008.wav,real/real_samples_03204_7729_102255_000002_000008.wav,real,0,samples,19.27,24000,1,925004,bb6baf172e5e517e...
real_samples_03205_7729_102255_000002_000009.wav,real/real_samples_03205_7729_102255_000002_000009.wav,real,0,samples,19.8,24000,1,950444,85fd95cd24b973a7...
real_samples_03206_7729_102255_000002_000010.wav,real/real_samples_03206_7729_102255_000002_000010.wav,real,0,samples,4.91,24000,1,235724,26f0de523c05f876...
real_samples_03207_7729_102255_000003_000000.wav,real/real_samples_03207_7729_102255_000003_000000.wav,real,0,samples,7.68,24000,1,368684,41be3ed9c7efb994...
real_samples_03208_7729_102255_000003_000001.wav,real/real_samples_03208_7729_102255_000003_000001.wav,real,0,samples,19.54,24000,1,937964,b744ca641892b022...
real_samples_03209_7729_102255_000003_000002.wav,real/real_samples_03209_7729_102255_000003_000002.wav,real,0,samples,7.51,24000,1,360524,d947c0e8de4f9ce2...
real_samples_03210_7729_102255_000003_000003.wav,real/real_samples_03210_7729_102255_000003_000003.wav,real,0,samples,16.59,24000,1,796364,6d5b9d266e2ed91a...
real_samples_03211_7729_102255_000003_000004.wav,real/real_samples_03211_7729_102255_000003_000004.wav,real,0,samples,11.29,24000,1,541964,9341708bb20c7882...
real_samples_03212_7729_102255_000003_000006.wav,real/real_samples_03212_7729_102255_000003_000006.wav,real,0,samples,18.56,24000,1,890924,9bd2e61a134f9cc5...
real_samples_03213_7729_102255_000004_000000.wav,real/real_samples_03213_7729_102255_000004_000000.wav,real,0,samples,4.55,24000,1,218444,04a4697873a3c142...
real_samples_03214_7729_102255_000004_000001.wav,real/real_samples_03214_7729_102255_000004_000001.wav,real,0,samples,18.29,24000,1,877964,ee32974d20e9f41d...
real_samples_03215_7729_102255_000004_000002.wav,real/real_samples_03215_7729_102255_000004_000002.wav,real,0,samples,8.41,24000,1,403724,5be96272341a4eec...
real_samples_03216_7729_102255_000005_000000.wav,real/real_samples_03216_7729_102255_000005_000000.wav,real,0,samples,19.85,24000,1,952844,4f862311af0844ee...
real_samples_03217_7729_102255_000007_000001.wav,real/real_samples_03217_7729_102255_000007_000001.wav,real,0,samples,15.19,24000,1,729164,c777e54c858483a3...
real_samples_03218_7729_102255_000007_000002.wav,real/real_samples_03218_7729_102255_000007_000002.wav,real,0,samples,17.08,24000,1,819884,0b4172bca536751a...
real_samples_03219_7729_102255_000007_000003.wav,real/real_samples_03219_7729_102255_000007_000003.wav,real,0,samples,12.52,24000,1,601004,60742af2d81e0c0b...
real_samples_03220_7729_102255_000007_000004.wav,real/real_samples_03220_7729_102255_000007_000004.wav,real,0,samples,16.82,24000,1,807404,b18478ba0c425fbf...
real_samples_03221_7729_102255_000010_000000.wav,real/real_samples_03221_7729_102255_000010_000000.wav,real,0,samples,12.88,24000,1,618284,3e1878028df32452...
real_samples_03222_7729_102255_000010_000002.wav,real/real_samples_03222_7729_102255_000010_000002.wav,real,0,samples,4.34,24000,1,208364,52798bfc84e47774...
real_samples_03223_7729_102255_000010_000006.wav,real/real_samples_03223_7729_102255_000010_000006.wav,real,0,samples,17.13,24000,1,822284,4ad7cb766d451741...
real_samples_03224_7729_102255_000010_000007.wav,real/real_samples_03224_7729_102255_000010_000007.wav,real,0,samples,8.97,24000,1,430606,b939fba07bfd250d...
real_samples_03225_7729_102255_000010_000014.wav,real/real_samples_03225_7729_102255_000010_000014.wav,real,0,samples,5.83,24000,1,279884,fd62b2264cf35b65...
real_samples_03226_7729_102255_000010_000015.wav,real/real_samples_03226_7729_102255_000010_000015.wav,real,0,samples,7.54,24000,1,361964,70367b64a1ce355a...
real_samples_03227_7729_102255_000010_000016.wav,real/real_samples_03227_7729_102255_000010_000016.wav,real,0,samples,7.34,24000,1,352362,3f1236fafaa418b7...
real_samples_03228_7729_102255_000011_000001.wav,real/real_samples_03228_7729_102255_000011_000001.wav,real,0,samples,13.46,24000,1,646124,0527c64aaa4bdf7c...
real_samples_03229_7729_102255_000011_000004.wav,real/real_samples_03229_7729_102255_000011_000004.wav,real,0,samples,3.37,24000,1,161804,5aafbb5abf22a9ce...
real_samples_03230_7729_102255_000012_000001.wav,real/real_samples_03230_7729_102255_000012_000001.wav,real,0,samples,6.43,24000,1,308684,f3f1b18f6e1df033...
real_samples_03231_7729_102255_000012_000002.wav,real/real_samples_03231_7729_102255_000012_000002.wav,real,0,samples,10.73,24000,1,515084,502d679d174053d1...
real_samples_03232_7729_102255_000012_000003.wav,real/real_samples_03232_7729_102255_000012_000003.wav,real,0,samples,9.62,24000,1,461804,87cbc9d477bb3cd7...
real_samples_03233_7729_102255_000012_000006.wav,real/real_samples_03233_7729_102255_000012_000006.wav,real,0,samples,3.33,24000,1,159882,d1c2cdf4747de9ba...
real_samples_03234_7729_102255_000012_000007.wav,real/real_samples_03234_7729_102255_000012_000007.wav,real,0,samples,5.41,24000,1,259724,da8153145a299794...
real_samples_03235_7729_102255_000012_000008.wav,real/real_samples_03235_7729_102255_000012_000008.wav,real,0,samples,4.1,24000,1,196844,6cfc158c2308fc14...
real_samples_03236_7729_102255_000012_000009.wav,real/real_samples_03236_7729_102255_000012_000009.wav,real,0,samples,9.35,24000,1,448846,897a91c1693f8188...
real_samples_03237_7729_102255_000012_000011.wav,real/real_samples_03237_7729_102255_000012_000011.wav,real,0,samples,5.98,24000,1,287086,08413ddf049adde1...
real_samples_03238_7729_102255_000012_000012.wav,real/real_samples_03238_7729_102255_000012_000012.wav,real,0,samples,13.96,24000,1,670124,a8f8bd06595e1ac3...
real_samples_03239_7729_102255_000013_000001.wav,real/real_samples_03239_7729_102255_000013_000001.wav,real,0,samples,13.74,24000,1,659564,be50685f5057c0e0...
real_samples_03240_7729_102255_000016_000000.wav,real/real_samples_03240_7729_102255_000016_000000.wav,real,0,samples,3.49,24000,1,167564,1843a81f7625ecea...
real_samples_03241_7729_102255_000016_000002.wav,real/real_samples_03241_7729_102255_000016_000002.wav,real,0,samples,5.33,24000,1,255882,976d4bfb02060dea...
real_samples_03242_7729_102255_000016_000003.wav,real/real_samples_03242_7729_102255_000016_000003.wav,real,0,samples,5.02,24000,1,241004,a8af8715fb06af47...
real_samples_03243_7729_102255_000016_000004.wav,real/real_samples_03243_7729_102255_000016_000004.wav,real,0,samples,14.67,24000,1,704202,54f2d3e543bf97be...
real_samples_03244_7729_102255_000016_000005.wav,real/real_samples_03244_7729_102255_000016_000005.wav,real,0,samples,14.16,24000,1,679722,d900057881a53454...
real_samples_03245_7729_102255_000016_000006.wav,real/real_samples_03245_7729_102255_000016_000006.wav,real,0,samples,5.63,24000,1,270284,4ad2f4ef22678e7d...
real_samples_03246_7729_102255_000016_000007.wav,real/real_samples_03246_7729_102255_000016_000007.wav,real,0,samples,13.68,24000,1,656684,63d2df5d3f5a68e9...
real_samples_03247_8224_274384_000000_000001.wav,real/real_samples_03247_8224_274384_000000_000001.wav,real,0,samples,5.65,24000,1,271244,f388170878d6abc7...
real_samples_03248_8224_274384_000001_000000.wav,real/real_samples_03248_8224_274384_000001_000000.wav,real,0,samples,19.48,24000,1,935084,e1535f839cfd7748...
real_samples_03249_8224_274384_000005_000001.wav,real/real_samples_03249_8224_274384_000005_000001.wav,real,0,samples,6.21,24000,1,298124,2fc3ff1137b2e0bc...
real_samples_03250_8224_274384_000005_000009.wav,real/real_samples_03250_8224_274384_000005_000009.wav,real,0,samples,7.92,24000,1,380204,87c26c8ab30776df...
real_samples_03251_8224_274384_000006_000000.wav,real/real_samples_03251_8224_274384_000006_000000.wav,real,0,samples,6.25,24000,1,300044,e3c91e55c1b4cee9...
real_samples_03252_8224_274384_000010_000002.wav,real/real_samples_03252_8224_274384_000010_000002.wav,real,0,samples,8.42,24000,1,404204,425d6058c67a5ae9...
real_samples_03253_8224_274384_000014_000000.wav,real/real_samples_03253_8224_274384_000014_000000.wav,real,0,samples,15.37,24000,1,737804,b736b45d9fbc8637...
real_samples_03254_8224_274384_000015_000001.wav,real/real_samples_03254_8224_274384_000015_000001.wav,real,0,samples,10.78,24000,1,517484,62a6b3bac69a71fa...
real_samples_03255_8224_274384_000016_000000.wav,real/real_samples_03255_8224_274384_000016_000000.wav,real,0,samples,8.75,24000,1,420044,e80b10b05b38846d...
real_samples_03256_8224_274384_000016_000001.wav,real/real_samples_03256_8224_274384_000016_000001.wav,real,0,samples,7.04,24000,1,337964,6466dde8e26aeda4...
real_samples_03257_8224_274384_000017_000000.wav,real/real_samples_03257_8224_274384_000017_000000.wav,real,0,samples,4.11,24000,1,197324,090e5ec17953f73e...
real_samples_03258_8224_274384_000017_000001.wav,real/real_samples_03258_8224_274384_000017_000001.wav,real,0,samples,7.04,24000,1,337964,21389698bd23fb9a...
real_samples_03259_8224_274384_000017_000002.wav,real/real_samples_03259_8224_274384_000017_000002.wav,real,0,samples,5.47,24000,1,262604,6a77599c3a3c419a...
real_samples_03260_8224_274384_000022_000000.wav,real/real_samples_03260_8224_274384_000022_000000.wav,real,0,samples,9.86,24000,1,473324,baaa930a653df0fb...
real_samples_03261_8224_274384_000022_000001.wav,real/real_samples_03261_8224_274384_000022_000001.wav,real,0,samples,8.97,24000,1,430602,99530a52f844e0b6...
real_samples_03262_8224_274384_000026_000002.wav,real/real_samples_03262_8224_274384_000026_000002.wav,real,0,samples,11.56,24000,1,554924,179d3e4932cb4a03...
real_samples_03263_8224_274384_000028_000000.wav,real/real_samples_03263_8224_274384_000028_000000.wav,real,0,samples,22.21,24000,1,1066124,708c9ff6492e1fe9...
real_samples_03264_8224_274384_000029_000000.wav,real/real_samples_03264_8224_274384_000029_000000.wav,real,0,samples,14.84,24000,1,712366,5d9460d8a64ba72a...
real_samples_03265_8224_274384_000030_000000.wav,real/real_samples_03265_8224_274384_000030_000000.wav,real,0,samples,10.57,24000,1,507406,9b6bf7cde4b8f49a...
real_samples_03266_8224_274384_000031_000001.wav,real/real_samples_03266_8224_274384_000031_000001.wav,real,0,samples,17.71,24000,1,850126,fa66f92893f174f9...
real_samples_03267_8224_274384_000032_000001.wav,real/real_samples_03267_8224_274384_000032_000001.wav,real,0,samples,9.13,24000,1,438284,ce9a5b708d212f57...
real_samples_03268_8224_274384_000036_000001.wav,real/real_samples_03268_8224_274384_000036_000001.wav,real,0,samples,10.5,24000,1,504044,d3ea3c73860574b2...
real_samples_03269_8224_274384_000037_000000.wav,real/real_samples_03269_8224_274384_000037_000000.wav,real,0,samples,11.97,24000,1,574602,4441bd27b4ba8ecc...
real_samples_03270_8230_279154_000002_000000.wav,real/real_samples_03270_8230_279154_000002_000000.wav,real,0,samples,6.47,24000,1,310604,4df76e207fc54782...
real_samples_03271_8230_279154_000003_000002.wav,real/real_samples_03271_8230_279154_000003_000002.wav,real,0,samples,13.84,24000,1,664364,856cae9053cfebb9...
real_samples_03272_8230_279154_000003_000003.wav,real/real_samples_03272_8230_279154_000003_000003.wav,real,0,samples,3.91,24000,1,187724,a1cb3e4c6f0a284e...
real_samples_03273_8230_279154_000003_000004.wav,real/real_samples_03273_8230_279154_000003_000004.wav,real,0,samples,15.14,24000,1,726764,f4df7692da3e6861...
real_samples_03274_8230_279154_000003_000005.wav,real/real_samples_03274_8230_279154_000003_000005.wav,real,0,samples,17.01,24000,1,816524,33fc8309645f6085...
real_samples_03275_8230_279154_000003_000006.wav,real/real_samples_03275_8230_279154_000003_000006.wav,real,0,samples,10.05,24000,1,482444,a43abc3f11e8be61...
real_samples_03276_8230_279154_000003_000007.wav,real/real_samples_03276_8230_279154_000003_000007.wav,real,0,samples,8.86,24000,1,425324,47c8a0e82a068152...
real_samples_03277_8230_279154_000003_000009.wav,real/real_samples_03277_8230_279154_000003_000009.wav,real,0,samples,13.89,24000,1,666764,bed3fbbfa4334f47...
real_samples_03278_8230_279154_000004_000000.wav,real/real_samples_03278_8230_279154_000004_000000.wav,real,0,samples,10.78,24000,1,517484,6ac73e2218ecd54a...
real_samples_03279_8230_279154_000004_000002.wav,real/real_samples_03279_8230_279154_000004_000002.wav,real,0,samples,16.65,24000,1,799244,71d31d12e9575846...
real_samples_03280_8230_279154_000004_000005.wav,real/real_samples_03280_8230_279154_000004_000005.wav,real,0,samples,19.82,24000,1,951404,f94010ce12a6d95f...
real_samples_03281_8230_279154_000004_000006.wav,real/real_samples_03281_8230_279154_000004_000006.wav,real,0,samples,5.81,24000,1,278924,f87b3f2a4b40cf16...
real_samples_03282_8230_279154_000004_000008.wav,real/real_samples_03282_8230_279154_000004_000008.wav,real,0,samples,3.04,24000,1,145964,5e3a862a4404320f...
real_samples_03283_8230_279154_000004_000009.wav,real/real_samples_03283_8230_279154_000004_000009.wav,real,0,samples,6.34,24000,1,304364,32010dac8214784e...
real_samples_03284_8230_279154_000006_000001.wav,real/real_samples_03284_8230_279154_000006_000001.wav,real,0,samples,8.27,24000,1,397004,7e384b1a3c5c7891...
real_samples_03285_8230_279154_000006_000002.wav,real/real_samples_03285_8230_279154_000006_000002.wav,real,0,samples,9.87,24000,1,473804,3bd764f103097680...
real_samples_03286_8230_279154_000006_000003.wav,real/real_samples_03286_8230_279154_000006_000003.wav,real,0,samples,13.49,24000,1,647564,299622b52019726e...
real_samples_03287_8230_279154_000006_000004.wav,real/real_samples_03287_8230_279154_000006_000004.wav,real,0,samples,13.76,24000,1,660524,4b6176abffc52d13...
real_samples_03288_8230_279154_000006_000005.wav,real/real_samples_03288_8230_279154_000006_000005.wav,real,0,samples,16.44,24000,1,789164,64456dff47764ea9...
real_samples_03289_8230_279154_000007_000000.wav,real/real_samples_03289_8230_279154_000007_000000.wav,real,0,samples,6.49,24000,1,311564,3e6596bfa886acd2...
real_samples_03290_8230_279154_000007_000001.wav,real/real_samples_03290_8230_279154_000007_000001.wav,real,0,samples,5.01,24000,1,240524,ee4c7e6ad425b76c...
real_samples_03291_8230_279154_000007_000002.wav,real/real_samples_03291_8230_279154_000007_000002.wav,real,0,samples,7.23,24000,1,347084,4985ddae2149dab4...
real_samples_03292_8230_279154_000008_000000.wav,real/real_samples_03292_8230_279154_000008_000000.wav,real,0,samples,8.32,24000,1,399404,7749fb8255363e16...
real_samples_03293_8230_279154_000008_000001.wav,real/real_samples_03293_8230_279154_000008_000001.wav,real,0,samples,7.07,24000,1,339404,c0c01117c0253228...
real_samples_03294_8230_279154_000008_000002.wav,real/real_samples_03294_8230_279154_000008_000002.wav,real,0,samples,15.31,24000,1,734924,c7d7fa48397bff64...
real_samples_03295_8230_279154_000008_000004.wav,real/real_samples_03295_8230_279154_000008_000004.wav,real,0,samples,13.63,24000,1,654284,8daea0a06661a706...
real_samples_03296_8230_279154_000008_000005.wav,real/real_samples_03296_8230_279154_000008_000005.wav,real,0,samples,6.92,24000,1,332204,1ba0cc1df2ad9d98...
real_samples_03297_8230_279154_000009_000001.wav,real/real_samples_03297_8230_279154_000009_000001.wav,real,0,samples,8.4,24000,1,403244,336fbcae5e807775...
real_samples_03298_8230_279154_000009_000002.wav,real/real_samples_03298_8230_279154_000009_000002.wav,real,0,samples,10.47,24000,1,502604,6edf351a23287e17...
real_samples_03299_8230_279154_000010_000000.wav,real/real_samples_03299_8230_279154_000010_000000.wav,real,0,samples,23.62,24000,1,1133804,3f1bdaa64601b4e8...
real_samples_03300_8230_279154_000011_000000.wav,real/real_samples_03300_8230_279154_000011_000000.wav,real,0,samples,16.43,24000,1,788684,848d0645f6724ae8...
real_samples_03301_8230_279154_000011_000001.wav,real/real_samples_03301_8230_279154_000011_000001.wav,real,0,samples,6.06,24000,1,290924,df2eeb681f25915c...
real_samples_03302_8230_279154_000011_000002.wav,real/real_samples_03302_8230_279154_000011_000002.wav,real,0,samples,14.9,24000,1,715242,15e7114e0cc36343...
real_samples_03303_8230_279154_000011_000003.wav,real/real_samples_03303_8230_279154_000011_000003.wav,real,0,samples,5.62,24000,1,269804,d817147254297120...
real_samples_03304_8230_279154_000011_000004.wav,real/real_samples_03304_8230_279154_000011_000004.wav,real,0,samples,7.5,24000,1,360044,6e4af7a2f77dae54...
real_samples_03305_8230_279154_000011_000005.wav,real/real_samples_03305_8230_279154_000011_000005.wav,real,0,samples,5.84,24000,1,280362,9509e48c104fe4be...
real_samples_03306_8230_279154_000011_000006.wav,real/real_samples_03306_8230_279154_000011_000006.wav,real,0,samples,3.35,24000,1,160844,95d4dfc15f4abf2c...
real_samples_03307_8230_279154_000011_000007.wav,real/real_samples_03307_8230_279154_000011_000007.wav,real,0,samples,14.2,24000,1,681644,16ba155b70db3402...
real_samples_03308_8230_279154_000011_000008.wav,real/real_samples_03308_8230_279154_000011_000008.wav,real,0,samples,7.48,24000,1,359086,4f6161061f43d644...
real_samples_03309_8230_279154_000011_000009.wav,real/real_samples_03309_8230_279154_000011_000009.wav,real,0,samples,3.68,24000,1,176684,4d9aee1c70b5c9f2...
real_samples_03310_8230_279154_000012_000000.wav,real/real_samples_03310_8230_279154_000012_000000.wav,real,0,samples,7.28,24000,1,349482,1c6ffc7145f193b4...
real_samples_03311_8230_279154_000012_000001.wav,real/real_samples_03311_8230_279154_000012_000001.wav,real,0,samples,7.6,24000,1,364844,3fa3457aa5913e8e...
real_samples_03312_8230_279154_000012_000002.wav,real/real_samples_03312_8230_279154_000012_000002.wav,real,0,samples,26.83,24000,1,1287882,95a92664c63aa220...
real_samples_03313_8230_279154_000012_000003.wav,real/real_samples_03313_8230_279154_000012_000003.wav,real,0,samples,8.7,24000,1,417640,2945597465ea04cf...
real_samples_03314_8230_279154_000013_000001.wav,real/real_samples_03314_8230_279154_000013_000001.wav,real,0,samples,7.45,24000,1,357640,ed28dc8dcb64dc14...
real_samples_03315_8230_279154_000013_000004.wav,real/real_samples_03315_8230_279154_000013_000004.wav,real,0,samples,4.76,24000,1,228526,a1db262916850ad3...
real_samples_03316_8230_279154_000014_000000.wav,real/real_samples_03316_8230_279154_000014_000000.wav,real,0,samples,11.41,24000,1,547726,efbb1d6b73ebbdea...
real_samples_03317_8230_279154_000014_000001.wav,real/real_samples_03317_8230_279154_000014_000001.wav,real,0,samples,10.43,24000,1,500684,05467de47acebd10...
real_samples_03318_8230_279154_000014_000002.wav,real/real_samples_03318_8230_279154_000014_000002.wav,real,0,samples,17.51,24000,1,840524,84f437504e7570d6...
real_samples_03319_8230_279154_000015_000000.wav,real/real_samples_03319_8230_279154_000015_000000.wav,real,0,samples,21.99,24000,1,1055564,0c094ecc7971bd9b...
real_samples_03320_8230_279154_000017_000000.wav,real/real_samples_03320_8230_279154_000017_000000.wav,real,0,samples,7.42,24000,1,356204,deb02a3c94ef6872...
real_samples_03321_8230_279154_000017_000002.wav,real/real_samples_03321_8230_279154_000017_000002.wav,real,0,samples,5.11,24000,1,245328,84ffcaa8c6e41de8...
real_samples_03322_8230_279154_000017_000003.wav,real/real_samples_03322_8230_279154_000017_000003.wav,real,0,samples,6.2,24000,1,297646,9180fb275e16b97b...
real_samples_03323_8230_279154_000017_000004.wav,real/real_samples_03323_8230_279154_000017_000004.wav,real,0,samples,20.14,24000,1,966764,c60a7108fea8d6a7...
real_samples_03324_8455_210777_000002_000002.wav,real/real_samples_03324_8455_210777_000002_000002.wav,real,0,samples,4.88,24000,1,234284,64b7c2241967aa55...
real_samples_03325_8455_210777_000003_000001.wav,real/real_samples_03325_8455_210777_000003_000001.wav,real,0,samples,17.29,24000,1,829964,a8fd126ceb934bc4...
real_samples_03326_8455_210777_000003_000003.wav,real/real_samples_03326_8455_210777_000003_000003.wav,real,0,samples,20.84,24000,1,1000364,02e740a9ae4e422b...
real_samples_03327_8455_210777_000003_000004.wav,real/real_samples_03327_8455_210777_000003_000004.wav,real,0,samples,6.02,24000,1,289004,464f601761945961...
real_samples_03328_8455_210777_000004_000006.wav,real/real_samples_03328_8455_210777_000004_000006.wav,real,0,samples,12.99,24000,1,623564,5a1e3192635c9a42...
real_samples_03329_8455_210777_000005_000002.wav,real/real_samples_03329_8455_210777_000005_000002.wav,real,0,samples,6.92,24000,1,332204,92adf1fb110575a0...
real_samples_03330_8455_210777_000005_000004.wav,real/real_samples_03330_8455_210777_000005_000004.wav,real,0,samples,7.65,24000,1,367244,ea9ba432f30cacf8...
real_samples_03331_8455_210777_000007_000000.wav,real/real_samples_03331_8455_210777_000007_000000.wav,real,0,samples,6.91,24000,1,331724,e7df74eb211c045b...
real_samples_03332_8455_210777_000008_000000.wav,real/real_samples_03332_8455_210777_000008_000000.wav,real,0,samples,3.84,24000,1,184364,6c2a1e9ee5187a6a...
real_samples_03333_8455_210777_000008_000002.wav,real/real_samples_03333_8455_210777_000008_000002.wav,real,0,samples,4.09,24000,1,196364,9248457f23a999ee...
real_samples_03334_8455_210777_000009_000000.wav,real/real_samples_03334_8455_210777_000009_000000.wav,real,0,samples,3.54,24000,1,169964,303bd99ca2f52718...
real_samples_03335_8455_210777_000011_000000.wav,real/real_samples_03335_8455_210777_000011_000000.wav,real,0,samples,10.45,24000,1,501644,97ca30f04dbd297c...
real_samples_03336_8455_210777_000012_000000.wav,real/real_samples_03336_8455_210777_000012_000000.wav,real,0,samples,9.29,24000,1,445964,4d25d2205e43aa4a...
real_samples_03337_8455_210777_000012_000001.wav,real/real_samples_03337_8455_210777_000012_000001.wav,real,0,samples,3.19,24000,1,153164,3baa331f1f893da7...
real_samples_03338_8455_210777_000012_000002.wav,real/real_samples_03338_8455_210777_000012_000002.wav,real,0,samples,6.57,24000,1,315404,59ffa3db29a55478...
real_samples_03339_8455_210777_000012_000003.wav,real/real_samples_03339_8455_210777_000012_000003.wav,real,0,samples,9.52,24000,1,457004,1686c5167e1ef4e4...
real_samples_03340_8455_210777_000012_000005.wav,real/real_samples_03340_8455_210777_000012_000005.wav,real,0,samples,3.58,24000,1,171884,3c5247a4a87d3890...
real_samples_03341_8455_210777_000014_000000.wav,real/real_samples_03341_8455_210777_000014_000000.wav,real,0,samples,6.15,24000,1,295244,52132d98db093fce...
real_samples_03342_8455_210777_000014_000001.wav,real/real_samples_03342_8455_210777_000014_000001.wav,real,0,samples,5.57,24000,1,267404,d0272898e53edab8...
real_samples_03343_8455_210777_000014_000002.wav,real/real_samples_03343_8455_210777_000014_000002.wav,real,0,samples,15.89,24000,1,762764,0e22ba100ee9e897...
real_samples_03344_8455_210777_000014_000004.wav,real/real_samples_03344_8455_210777_000014_000004.wav,real,0,samples,4.91,24000,1,235724,ed907c8a78017630...
real_samples_03345_8455_210777_000015_000000.wav,real/real_samples_03345_8455_210777_000015_000000.wav,real,0,samples,6.48,24000,1,311084,97dfb3203ca81c6c...
real_samples_03346_8455_210777_000018_000000.wav,real/real_samples_03346_8455_210777_000018_000000.wav,real,0,samples,7.1,24000,1,340844,ee157dbf076b9640...
real_samples_03347_8455_210777_000018_000002.wav,real/real_samples_03347_8455_210777_000018_000002.wav,real,0,samples,3.19,24000,1,153164,6db5eaa6e34611ba...
real_samples_03348_8455_210777_000018_000003.wav,real/real_samples_03348_8455_210777_000018_000003.wav,real,0,samples,15.31,24000,1,734924,6d670aee993afd50...
real_samples_03349_8455_210777_000018_000006.wav,real/real_samples_03349_8455_210777_000018_000006.wav,real,0,samples,7.08,24000,1,339884,bbde136f4bb135e1...
real_samples_03350_8455_210777_000018_000010.wav,real/real_samples_03350_8455_210777_000018_000010.wav,real,0,samples,3.74,24000,1,179564,e3cdb07ca0382df8...
real_samples_03351_8455_210777_000018_000011.wav,real/real_samples_03351_8455_210777_000018_000011.wav,real,0,samples,11.56,24000,1,554924,1a220bb5faa9f19f...
real_samples_03352_8455_210777_000019_000000.wav,real/real_samples_03352_8455_210777_000019_000000.wav,real,0,samples,7.07,24000,1,339400,82d85d4fb4b24d7a...
real_samples_03353_8455_210777_000021_000000.wav,real/real_samples_03353_8455_210777_000021_000000.wav,real,0,samples,15.29,24000,1,733964,63474d939997ac7d...
real_samples_03354_8455_210777_000022_000003.wav,real/real_samples_03354_8455_210777_000022_000003.wav,real,0,samples,10.37,24000,1,497804,76dc3ce07ed19d4d...
real_samples_03355_8455_210777_000022_000004.wav,real/real_samples_03355_8455_210777_000022_000004.wav,real,0,samples,4.84,24000,1,232362,4435f335c2d71f0c...
real_samples_03356_8455_210777_000022_000005.wav,real/real_samples_03356_8455_210777_000022_000005.wav,real,0,samples,6.06,24000,1,290924,8c666c7c705460db...
real_samples_03357_8455_210777_000022_000007.wav,real/real_samples_03357_8455_210777_000022_000007.wav,real,0,samples,7.01,24000,1,336526,a505ea3383fc2de0...
real_samples_03358_8455_210777_000022_000008.wav,real/real_samples_03358_8455_210777_000022_000008.wav,real,0,samples,19.94,24000,1,957166,bb8dd580e30b566d...
real_samples_03359_8455_210777_000022_000009.wav,real/real_samples_03359_8455_210777_000022_000009.wav,real,0,samples,8.12,24000,1,389804,7f580eec16998469...
real_samples_03360_8455_210777_000022_000011.wav,real/real_samples_03360_8455_210777_000022_000011.wav,real,0,samples,4.0,24000,1,192044,9d9a3163d5b7a908...
real_samples_03361_8455_210777_000023_000002.wav,real/real_samples_03361_8455_210777_000023_000002.wav,real,0,samples,6.73,24000,1,323084,0963b28cd13eb1f8...
real_samples_03362_8455_210777_000023_000003.wav,real/real_samples_03362_8455_210777_000023_000003.wav,real,0,samples,13.14,24000,1,630764,0b0e05e7671326ea...
real_samples_03363_8455_210777_000023_000009.wav,real/real_samples_03363_8455_210777_000023_000009.wav,real,0,samples,11.75,24000,1,564044,4f8cd9658126dd98...
real_samples_03364_8455_210777_000023_000010.wav,real/real_samples_03364_8455_210777_000023_000010.wav,real,0,samples,5.72,24000,1,274606,a803b3d37477df24...
real_samples_03365_8455_210777_000023_000011.wav,real/real_samples_03365_8455_210777_000023_000011.wav,real,0,samples,14.64,24000,1,702766,e4989beda726478e...
real_samples_03366_8455_210777_000024_000002.wav,real/real_samples_03366_8455_210777_000024_000002.wav,real,0,samples,16.28,24000,1,781486,9b892deb436d7796...
real_samples_03367_8455_210777_000024_000005.wav,real/real_samples_03367_8455_210777_000024_000005.wav,real,0,samples,6.73,24000,1,323086,ec569687569bdb01...
real_samples_03368_8455_210777_000025_000000.wav,real/real_samples_03368_8455_210777_000025_000000.wav,real,0,samples,8.74,24000,1,419568,94a625ef3ddcfa9e...
real_samples_03369_8455_210777_000025_000001.wav,real/real_samples_03369_8455_210777_000025_000001.wav,real,0,samples,3.24,24000,1,155564,dd620c1cc45f7d4b...
real_samples_03370_8455_210777_000025_000003.wav,real/real_samples_03370_8455_210777_000025_000003.wav,real,0,samples,13.49,24000,1,647562,13fccb36be44ab8b...
real_samples_03371_8455_210777_000026_000000.wav,real/real_samples_03371_8455_210777_000026_000000.wav,real,0,samples,4.03,24000,1,193484,db65bf909644d3b2...
real_samples_03372_8455_210777_000029_000003.wav,real/real_samples_03372_8455_210777_000029_000003.wav,real,0,samples,8.94,24000,1,429168,28b4dfb891ee7624...
real_samples_03373_8455_210777_000033_000000.wav,real/real_samples_03373_8455_210777_000033_000000.wav,real,0,samples,7.16,24000,1,343726,be23d02d718de3b8...
real_samples_03374_8463_287645_000002_000000.wav,real/real_samples_03374_8463_287645_000002_000000.wav,real,0,samples,12.37,24000,1,593804,2b175e093d7ce10e...
real_samples_03375_8463_287645_000002_000001.wav,real/real_samples_03375_8463_287645_000002_000001.wav,real,0,samples,13.16,24000,1,631724,5af9e0e0aad69fb5...
real_samples_03376_8463_287645_000003_000001.wav,real/real_samples_03376_8463_287645_000003_000001.wav,real,0,samples,9.77,24000,1,469004,4c7a39b3a40a823c...
real_samples_03377_8463_287645_000003_000002.wav,real/real_samples_03377_8463_287645_000003_000002.wav,real,0,samples,5.74,24000,1,275564,110f2f7fbcdf8100...
real_samples_03378_8463_287645_000005_000000.wav,real/real_samples_03378_8463_287645_000005_000000.wav,real,0,samples,9.2,24000,1,441644,940c3f5b8736d5ac...
real_samples_03379_8463_287645_000005_000001.wav,real/real_samples_03379_8463_287645_000005_000001.wav,real,0,samples,8.97,24000,1,430604,1e1b29fac7527852...
real_samples_03380_8463_287645_000005_000002.wav,real/real_samples_03380_8463_287645_000005_000002.wav,real,0,samples,21.8,24000,1,1046444,a51edc4f0fe567d8...
real_samples_03381_8463_287645_000005_000003.wav,real/real_samples_03381_8463_287645_000005_000003.wav,real,0,samples,4.28,24000,1,205484,dea51e2ce7518846...
real_samples_03382_8463_287645_000005_000004.wav,real/real_samples_03382_8463_287645_000005_000004.wav,real,0,samples,10.47,24000,1,502604,e9816b791ce52db4...
real_samples_03383_8463_287645_000006_000000.wav,real/real_samples_03383_8463_287645_000006_000000.wav,real,0,samples,6.68,24000,1,320684,2e1afdb978419033...
real_samples_03384_8463_287645_000007_000000.wav,real/real_samples_03384_8463_287645_000007_000000.wav,real,0,samples,10.41,24000,1,499724,54c631bd59897992...
real_samples_03385_8463_287645_000007_000002.wav,real/real_samples_03385_8463_287645_000007_000002.wav,real,0,samples,12.39,24000,1,594764,a5489cb09f0a1463...
real_samples_03386_8463_287645_000008_000000.wav,real/real_samples_03386_8463_287645_000008_000000.wav,real,0,samples,7.41,24000,1,355724,e2f8685a5c192fe0...
real_samples_03387_8463_287645_000009_000000.wav,real/real_samples_03387_8463_287645_000009_000000.wav,real,0,samples,3.15,24000,1,151244,72a0fe8aa1c5888a...
real_samples_03388_8463_287645_000011_000000.wav,real/real_samples_03388_8463_287645_000011_000000.wav,real,0,samples,7.45,24000,1,357644,04bb9a4a2676d25f...
real_samples_03389_8463_287645_000012_000000.wav,real/real_samples_03389_8463_287645_000012_000000.wav,real,0,samples,7.66,24000,1,367724,2592128abdbaef97...
real_samples_03390_8463_287645_000012_000003.wav,real/real_samples_03390_8463_287645_000012_000003.wav,real,0,samples,15.39,24000,1,738764,30be22011cc2f2f3...
real_samples_03391_8463_287645_000013_000000.wav,real/real_samples_03391_8463_287645_000013_000000.wav,real,0,samples,12.58,24000,1,603884,e19f16fec9e1557e...
real_samples_03392_8463_287645_000013_000003.wav,real/real_samples_03392_8463_287645_000013_000003.wav,real,0,samples,8.78,24000,1,421484,c430fb8ee4bc46c4...
real_samples_03393_8463_287645_000014_000000.wav,real/real_samples_03393_8463_287645_000014_000000.wav,real,0,samples,19.78,24000,1,949484,4d0b0bb4ce7e1c46...
real_samples_03394_8463_287645_000014_000001.wav,real/real_samples_03394_8463_287645_000014_000001.wav,real,0,samples,3.27,24000,1,157004,608fc53bc03f6bda...
real_samples_03395_8463_287645_000015_000000.wav,real/real_samples_03395_8463_287645_000015_000000.wav,real,0,samples,15.66,24000,1,751724,639116532fd312cc...
real_samples_03396_8463_287645_000015_000001.wav,real/real_samples_03396_8463_287645_000015_000001.wav,real,0,samples,7.37,24000,1,353804,098b3b8183ae2138...
real_samples_03397_8463_287645_000016_000000.wav,real/real_samples_03397_8463_287645_000016_000000.wav,real,0,samples,17.64,24000,1,846764,2dd141229a75ec99...
real_samples_03398_8463_287645_000018_000000.wav,real/real_samples_03398_8463_287645_000018_000000.wav,real,0,samples,18.27,24000,1,877002,28959f16795cc574...
real_samples_03399_8463_287645_000018_000001.wav,real/real_samples_03399_8463_287645_000018_000001.wav,real,0,samples,9.71,24000,1,466124,0ad9c3c69c2058ca...
real_samples_03400_8463_287645_000022_000001.wav,real/real_samples_03400_8463_287645_000022_000001.wav,real,0,samples,5.58,24000,1,267884,383cb220319906a0...
real_samples_03401_8463_287645_000022_000003.wav,real/real_samples_03401_8463_287645_000022_000003.wav,real,0,samples,3.42,24000,1,164204,59ee2096cb2031f8...
real_samples_03402_8463_287645_000022_000004.wav,real/real_samples_03402_8463_287645_000022_000004.wav,real,0,samples,3.94,24000,1,189164,5dff06709463b729...
real_samples_03403_8463_287645_000023_000001.wav,real/real_samples_03403_8463_287645_000023_000001.wav,real,0,samples,16.32,24000,1,783406,14c40cd1494a2d3e...
real_samples_03404_8463_287645_000024_000000.wav,real/real_samples_03404_8463_287645_000024_000000.wav,real,0,samples,5.27,24000,1,253006,9d1a683950e9277f...
real_samples_03405_8463_287645_000024_000001.wav,real/real_samples_03405_8463_287645_000024_000001.wav,real,0,samples,6.11,24000,1,293322,880b9f1bd69b1b1a...
real_samples_03406_8463_287645_000024_000003.wav,real/real_samples_03406_8463_287645_000024_000003.wav,real,0,samples,7.39,24000,1,354764,d0ac52676ce13a73...
real_samples_03407_8463_287645_000030_000001.wav,real/real_samples_03407_8463_287645_000030_000001.wav,real,0,samples,6.06,24000,1,290924,de68f92b185ecc04...
real_samples_03408_8463_287645_000030_000002.wav,real/real_samples_03408_8463_287645_000030_000002.wav,real,0,samples,3.91,24000,1,187722,9207e5ec516df3e7...
real_samples_03409_8463_294825_000015_000000.wav,real/real_samples_03409_8463_294825_000015_000000.wav,real,0,samples,6.64,24000,1,318764,90dc53ac09b22cd3...
real_samples_03410_8463_294825_000015_000002.wav,real/real_samples_03410_8463_294825_000015_000002.wav,real,0,samples,9.52,24000,1,457004,e167b0b89dd7f67d...
real_samples_03411_8463_294825_000016_000001.wav,real/real_samples_03411_8463_294825_000016_000001.wav,real,0,samples,18.57,24000,1,891404,2fb598bfd014eba6...
real_samples_03412_8463_294825_000017_000001.wav,real/real_samples_03412_8463_294825_000017_000001.wav,real,0,samples,9.92,24000,1,476204,f5c640763c93d36e...
real_samples_03413_8463_294825_000018_000000.wav,real/real_samples_03413_8463_294825_000018_000000.wav,real,0,samples,7.27,24000,1,349004,eef632b34328896c...
real_samples_03414_8463_294825_000018_000001.wav,real/real_samples_03414_8463_294825_000018_000001.wav,real,0,samples,5.17,24000,1,248204,c9ef5e1a0c89baea...
real_samples_03415_8463_294825_000019_000000.wav,real/real_samples_03415_8463_294825_000019_000000.wav,real,0,samples,26.6,24000,1,1276844,d1254f2afdeb55ea...
real_samples_03416_8463_294825_000020_000000.wav,real/real_samples_03416_8463_294825_000020_000000.wav,real,0,samples,21.54,24000,1,1033964,25a27220dc00e9ae...
real_samples_03417_8463_294825_000021_000001.wav,real/real_samples_03417_8463_294825_000021_000001.wav,real,0,samples,19.44,24000,1,933164,ac70addd5baac403...
real_samples_03418_8463_294825_000022_000001.wav,real/real_samples_03418_8463_294825_000022_000001.wav,real,0,samples,19.78,24000,1,949484,2200a3e1ec25aecb...
real_samples_03419_8463_294825_000022_000002.wav,real/real_samples_03419_8463_294825_000022_000002.wav,real,0,samples,4.87,24000,1,233804,b7422fe8e5a55b6b...
real_samples_03420_8463_294825_000022_000004.wav,real/real_samples_03420_8463_294825_000022_000004.wav,real,0,samples,4.64,24000,1,222764,6816c8bee56bebd9...
real_samples_03421_8463_294825_000023_000000.wav,real/real_samples_03421_8463_294825_000023_000000.wav,real,0,samples,7.22,24000,1,346604,ea956b4d53af756c...
real_samples_03422_8463_294825_000023_000002.wav,real/real_samples_03422_8463_294825_000023_000002.wav,real,0,samples,4.02,24000,1,193004,72f9b317d92169df...
real_samples_03423_8463_294825_000023_000003.wav,real/real_samples_03423_8463_294825_000023_000003.wav,real,0,samples,10.48,24000,1,503084,6c1c4490370cb1e7...
real_samples_03424_8463_294825_000024_000000.wav,real/real_samples_03424_8463_294825_000024_000000.wav,real,0,samples,17.3,24000,1,830444,fd3ac7521f75f418...
real_samples_03425_8463_294825_000024_000001.wav,real/real_samples_03425_8463_294825_000024_000001.wav,real,0,samples,8.71,24000,1,418124,438ce0e33769853b...
real_samples_03426_8463_294825_000025_000000.wav,real/real_samples_03426_8463_294825_000025_000000.wav,real,0,samples,3.52,24000,1,169004,22117a78cbb62606...
real_samples_03427_8463_294825_000025_000001.wav,real/real_samples_03427_8463_294825_000025_000001.wav,real,0,samples,20.36,24000,1,977324,f1f3fcf65d694c67...
real_samples_03428_8463_294825_000026_000000.wav,real/real_samples_03428_8463_294825_000026_000000.wav,real,0,samples,18.0,24000,1,864044,ee7dc1931d6349a1...
real_samples_03429_8463_294825_000026_000001.wav,real/real_samples_03429_8463_294825_000026_000001.wav,real,0,samples,7.81,24000,1,374924,c2abca23c58706bd...
real_samples_03430_8463_294825_000026_000002.wav,real/real_samples_03430_8463_294825_000026_000002.wav,real,0,samples,19.42,24000,1,932204,0862181386fbd30b...
real_samples_03431_8463_294825_000026_000003.wav,real/real_samples_03431_8463_294825_000026_000003.wav,real,0,samples,4.02,24000,1,193004,6900a236c8a7d519...
real_samples_03432_8463_294825_000027_000000.wav,real/real_samples_03432_8463_294825_000027_000000.wav,real,0,samples,16.09,24000,1,772366,735ac1c8f758394a...
real_samples_03433_8463_294825_000030_000000.wav,real/real_samples_03433_8463_294825_000030_000000.wav,real,0,samples,5.05,24000,1,242444,06134bb6a39aa6e0...
real_samples_03434_8463_294825_000030_000001.wav,real/real_samples_03434_8463_294825_000030_000001.wav,real,0,samples,5.36,24000,1,257328,69c48150ce511c59...
real_samples_03435_8463_294825_000030_000002.wav,real/real_samples_03435_8463_294825_000030_000002.wav,real,0,samples,13.42,24000,1,644206,830095b9d2e88fcf...
real_samples_03436_8463_294825_000034_000000.wav,real/real_samples_03436_8463_294825_000034_000000.wav,real,0,samples,3.5,24000,1,168044,d86b79175b583d92...
real_samples_03437_8463_294825_000035_000000.wav,real/real_samples_03437_8463_294825_000035_000000.wav,real,0,samples,4.17,24000,1,200202,be076417bb84013c...
real_samples_03438_8463_294825_000036_000000.wav,real/real_samples_03438_8463_294825_000036_000000.wav,real,0,samples,3.39,24000,1,162762,0a20600e1f6486ec...
real_samples_03439_8463_294825_000040_000000.wav,real/real_samples_03439_8463_294825_000040_000000.wav,real,0,samples,4.03,24000,1,193484,8da8dbae61618706...
real_samples_03440_8463_294825_000043_000000.wav,real/real_samples_03440_8463_294825_000043_000000.wav,real,0,samples,3.23,24000,1,155084,fd9247a1e2862d2d...
real_samples_03441_8463_294825_000044_000000.wav,real/real_samples_03441_8463_294825_000044_000000.wav,real,0,samples,4.31,24000,1,206924,ac5cbfe543301a20...
real_samples_03442_8463_294825_000047_000000.wav,real/real_samples_03442_8463_294825_000047_000000.wav,real,0,samples,3.23,24000,1,155084,590badb220454add...
real_samples_03443_8463_294825_000048_000000.wav,real/real_samples_03443_8463_294825_000048_000000.wav,real,0,samples,3.45,24000,1,165644,0ef5a5904df7fc3b...
real_samples_03444_8463_294825_000050_000000.wav,real/real_samples_03444_8463_294825_000050_000000.wav,real,0,samples,3.03,24000,1,145484,24af15bc0d04f8ce...
real_samples_03445_8463_294828_000013_000000.wav,real/real_samples_03445_8463_294828_000013_000000.wav,real,0,samples,8.43,24000,1,404684,66a419980454e68e...
real_samples_03446_8463_294828_000013_000001.wav,real/real_samples_03446_8463_294828_000013_000001.wav,real,0,samples,12.98,24000,1,623084,5fff552b21808b86...
real_samples_03447_8463_294828_000014_000000.wav,real/real_samples_03447_8463_294828_000014_000000.wav,real,0,samples,5.79,24000,1,277964,a1ba0c446e27a71c...
real_samples_03448_8463_294828_000014_000001.wav,real/real_samples_03448_8463_294828_000014_000001.wav,real,0,samples,9.09,24000,1,436364,ae5fd44826f879c1...
real_samples_03449_8463_294828_000014_000002.wav,real/real_samples_03449_8463_294828_000014_000002.wav,real,0,samples,10.31,24000,1,494924,d4ec44a8dfc2e020...
real_samples_03450_8463_294828_000015_000000.wav,real/real_samples_03450_8463_294828_000015_000000.wav,real,0,samples,7.42,24000,1,356204,cf507c6f14869ef6...
real_samples_03451_8463_294828_000017_000000.wav,real/real_samples_03451_8463_294828_000017_000000.wav,real,0,samples,3.13,24000,1,150284,2a14da9cf2f23046...
real_samples_03452_8463_294828_000018_000001.wav,real/real_samples_03452_8463_294828_000018_000001.wav,real,0,samples,26.18,24000,1,1256684,f86691c1322baab4...
real_samples_03453_8463_294828_000019_000000.wav,real/real_samples_03453_8463_294828_000019_000000.wav,real,0,samples,27.86,24000,1,1337324,aae310ea038f80e4...
real_samples_03454_8463_294828_000020_000000.wav,real/real_samples_03454_8463_294828_000020_000000.wav,real,0,samples,4.55,24000,1,218444,312c5024a3263043...
real_samples_03455_8463_294828_000020_000002.wav,real/real_samples_03455_8463_294828_000020_000002.wav,real,0,samples,22.73,24000,1,1091084,ef1740bd35e4434a...
real_samples_03456_8463_294828_000021_000000.wav,real/real_samples_03456_8463_294828_000021_000000.wav,real,0,samples,6.28,24000,1,301484,8573ca441cd86db2...
real_samples_03457_8463_294828_000022_000001.wav,real/real_samples_03457_8463_294828_000022_000001.wav,real,0,samples,6.62,24000,1,317804,1f08170df2246d2e...
real_samples_03458_8463_294828_000023_000000.wav,real/real_samples_03458_8463_294828_000023_000000.wav,real,0,samples,4.99,24000,1,239564,dfa5dd2b283ab1dc...
real_samples_03459_8463_294828_000024_000000.wav,real/real_samples_03459_8463_294828_000024_000000.wav,real,0,samples,3.03,24000,1,145484,cafe8335f7c781ed...
real_samples_03460_8463_294828_000024_000002.wav,real/real_samples_03460_8463_294828_000024_000002.wav,real,0,samples,7.41,24000,1,355724,60cdc2c0492f6d8f...
real_samples_03461_8463_294828_000028_000001.wav,real/real_samples_03461_8463_294828_000028_000001.wav,real,0,samples,4.4,24000,1,211244,2ab80aa1d9ca667e...
real_samples_03462_8555_284447_000008_000000.wav,real/real_samples_03462_8555_284447_000008_000000.wav,real,0,samples,6.04,24000,1,289964,dfd1adc7f34a1696...
real_samples_03463_8555_284447_000008_000002.wav,real/real_samples_03463_8555_284447_000008_000002.wav,real,0,samples,6.25,24000,1,300044,09928f33776b89bd...
real_samples_03464_8555_284447_000008_000003.wav,real/real_samples_03464_8555_284447_000008_000003.wav,real,0,samples,8.19,24000,1,393164,815f0791d6f18022...
real_samples_03465_8555_284447_000009_000000.wav,real/real_samples_03465_8555_284447_000009_000000.wav,real,0,samples,3.01,24000,1,144524,fa60bd3ccca2e57e...
real_samples_03466_8555_284447_000010_000000.wav,real/real_samples_03466_8555_284447_000010_000000.wav,real,0,samples,5.59,24000,1,268364,c3828c1f199f8af1...
real_samples_03467_8555_284447_000010_000001.wav,real/real_samples_03467_8555_284447_000010_000001.wav,real,0,samples,5.7,24000,1,273644,2751041371818c5b...
real_samples_03468_8555_284447_000011_000001.wav,real/real_samples_03468_8555_284447_000011_000001.wav,real,0,samples,3.77,24000,1,181004,97584fa09c0a76f9...
real_samples_03469_8555_284447_000012_000000.wav,real/real_samples_03469_8555_284447_000012_000000.wav,real,0,samples,9.07,24000,1,435404,9e2c2e77fe245fa4...
real_samples_03470_8555_284447_000012_000001.wav,real/real_samples_03470_8555_284447_000012_000001.wav,real,0,samples,5.53,24000,1,265484,15efe9081918f2c4...
real_samples_03471_8555_284447_000013_000000.wav,real/real_samples_03471_8555_284447_000013_000000.wav,real,0,samples,8.6,24000,1,412844,9d384b4707ee1986...
real_samples_03472_8555_284447_000013_000001.wav,real/real_samples_03472_8555_284447_000013_000001.wav,real,0,samples,5.3,24000,1,254444,3facb31e06cb3602...
real_samples_03473_8555_284447_000014_000000.wav,real/real_samples_03473_8555_284447_000014_000000.wav,real,0,samples,4.63,24000,1,222284,c82ddbccb9cde078...
real_samples_03474_8555_284447_000015_000003.wav,real/real_samples_03474_8555_284447_000015_000003.wav,real,0,samples,4.39,24000,1,210764,748256c9cc8279e9...
real_samples_03475_8555_284447_000016_000000.wav,real/real_samples_03475_8555_284447_000016_000000.wav,real,0,samples,7.63,24000,1,366284,ea2876df007000fd...
real_samples_03476_8555_284447_000017_000000.wav,real/real_samples_03476_8555_284447_000017_000000.wav,real,0,samples,13.3,24000,1,638444,ea54b8847ed30493...
real_samples_03477_8555_284447_000018_000000.wav,real/real_samples_03477_8555_284447_000018_000000.wav,real,0,samples,6.32,24000,1,303404,cdbcb7356da00933...
real_samples_03478_8555_284447_000018_000001.wav,real/real_samples_03478_8555_284447_000018_000001.wav,real,0,samples,12.24,24000,1,587564,90066c3a278d5580...
real_samples_03479_8555_284447_000018_000002.wav,real/real_samples_03479_8555_284447_000018_000002.wav,real,0,samples,12.45,24000,1,597644,16456c2b0ce1a1c8...
real_samples_03480_8555_284447_000018_000003.wav,real/real_samples_03480_8555_284447_000018_000003.wav,real,0,samples,5.86,24000,1,281324,edb66ba53ff361d6...
real_samples_03481_8555_284447_000019_000001.wav,real/real_samples_03481_8555_284447_000019_000001.wav,real,0,samples,13.05,24000,1,626444,4df6d8ebf410267f...
real_samples_03482_8555_284447_000019_000002.wav,real/real_samples_03482_8555_284447_000019_000002.wav,real,0,samples,7.69,24000,1,369164,1217b98aea4a2a90...
real_samples_03483_8555_284447_000019_000003.wav,real/real_samples_03483_8555_284447_000019_000003.wav,real,0,samples,4.62,24000,1,221804,4422c5154b2aed43...
real_samples_03484_8555_284447_000020_000000.wav,real/real_samples_03484_8555_284447_000020_000000.wav,real,0,samples,11.81,24000,1,566924,9810e489244dae89...
real_samples_03485_8555_284447_000020_000002.wav,real/real_samples_03485_8555_284447_000020_000002.wav,real,0,samples,5.06,24000,1,242924,e5a07ddc087ffba9...
real_samples_03486_8555_284447_000020_000003.wav,real/real_samples_03486_8555_284447_000020_000003.wav,real,0,samples,8.0,24000,1,384044,4795206cd8b21217...
real_samples_03487_8555_284447_000020_000004.wav,real/real_samples_03487_8555_284447_000020_000004.wav,real,0,samples,8.88,24000,1,426284,22f2842e51e54d18...
real_samples_03488_8555_284447_000022_000000.wav,real/real_samples_03488_8555_284447_000022_000000.wav,real,0,samples,6.95,24000,1,333644,3ba53c1f8fe755eb...
real_samples_03489_8555_284447_000022_000001.wav,real/real_samples_03489_8555_284447_000022_000001.wav,real,0,samples,3.9,24000,1,187244,d1b701561b559130...
real_samples_03490_8555_284447_000023_000000.wav,real/real_samples_03490_8555_284447_000023_000000.wav,real,0,samples,9.09,24000,1,436364,6e70bd97e030f850...
real_samples_03491_8555_284447_000025_000001.wav,real/real_samples_03491_8555_284447_000025_000001.wav,real,0,samples,3.17,24000,1,152204,1d4d8b1833f0d54d...
real_samples_03492_8555_284447_000026_000001.wav,real/real_samples_03492_8555_284447_000026_000001.wav,real,0,samples,3.98,24000,1,191084,53b482f547c9506a...
real_samples_03493_8555_284447_000027_000000.wav,real/real_samples_03493_8555_284447_000027_000000.wav,real,0,samples,8.13,24000,1,390284,ba184449e80f875c...
real_samples_03494_8555_284447_000032_000000.wav,real/real_samples_03494_8555_284447_000032_000000.wav,real,0,samples,4.76,24000,1,228524,e35520c3b238bf6b...
real_samples_03495_8555_284447_000033_000001.wav,real/real_samples_03495_8555_284447_000033_000001.wav,real,0,samples,4.25,24000,1,204044,f4fe967d30fbc0ef...
real_samples_03496_8555_284447_000033_000002.wav,real/real_samples_03496_8555_284447_000033_000002.wav,real,0,samples,3.23,24000,1,155084,bd97a4274e1702bf...
real_samples_03497_8555_284447_000033_000003.wav,real/real_samples_03497_8555_284447_000033_000003.wav,real,0,samples,5.6,24000,1,268844,d1446cb9b4aae2b7...
real_samples_03498_8555_284447_000034_000000.wav,real/real_samples_03498_8555_284447_000034_000000.wav,real,0,samples,11.45,24000,1,549644,348bc2c602139ada...
real_samples_03499_8555_284447_000035_000000.wav,real/real_samples_03499_8555_284447_000035_000000.wav,real,0,samples,8.56,24000,1,410924,aa7bc03ebbe517ed...
real_samples_03500_8555_284447_000035_000001.wav,real/real_samples_03500_8555_284447_000035_000001.wav,real,0,samples,3.81,24000,1,182924,2d2af14dd6f14a9a...
real_samples_03501_8555_284447_000036_000000.wav,real/real_samples_03501_8555_284447_000036_000000.wav,real,0,samples,5.47,24000,1,262604,be346ed6d764f72e...
real_samples_03502_8555_284447_000036_000001.wav,real/real_samples_03502_8555_284447_000036_000001.wav,real,0,samples,7.41,24000,1,355724,3b24bdf67e404c1c...
real_samples_03503_8555_284447_000038_000000.wav,real/real_samples_03503_8555_284447_000038_000000.wav,real,0,samples,8.85,24000,1,424844,4668971bb00d4cc4...
real_samples_03504_8555_284447_000039_000000.wav,real/real_samples_03504_8555_284447_000039_000000.wav,real,0,samples,5.2,24000,1,249644,6bb3e4555ab6247a...
real_samples_03505_8555_284447_000039_000001.wav,real/real_samples_03505_8555_284447_000039_000001.wav,real,0,samples,8.08,24000,1,387884,90c581d88c12913b...
real_samples_03506_8555_284447_000039_000002.wav,real/real_samples_03506_8555_284447_000039_000002.wav,real,0,samples,9.97,24000,1,478604,522d34e410b8f476...
real_samples_03507_8555_284447_000039_000003.wav,real/real_samples_03507_8555_284447_000039_000003.wav,real,0,samples,9.98,24000,1,479084,ee2d48ea6a44f0ee...
real_samples_03508_8555_284447_000041_000002.wav,real/real_samples_03508_8555_284447_000041_000002.wav,real,0,samples,5.05,24000,1,242444,5ee24ee6cb11e409...
real_samples_03509_8555_284447_000041_000003.wav,real/real_samples_03509_8555_284447_000041_000003.wav,real,0,samples,3.22,24000,1,154604,6fd9cd8e8b80842b...
real_samples_03510_8555_284447_000042_000001.wav,real/real_samples_03510_8555_284447_000042_000001.wav,real,0,samples,8.29,24000,1,397964,f60a13c457e32bcc...
real_samples_03511_8555_284447_000043_000000.wav,real/real_samples_03511_8555_284447_000043_000000.wav,real,0,samples,7.02,24000,1,337002,d341018e2997320b...
real_samples_03512_8555_284447_000044_000001.wav,real/real_samples_03512_8555_284447_000044_000001.wav,real,0,samples,4.82,24000,1,231404,4e247e706b316650...
real_samples_03513_8555_284447_000045_000000.wav,real/real_samples_03513_8555_284447_000045_000000.wav,real,0,samples,6.87,24000,1,329804,897e139a42d171f3...
real_samples_03514_8555_284447_000045_000001.wav,real/real_samples_03514_8555_284447_000045_000001.wav,real,0,samples,11.7,24000,1,561644,8f03b3485158b096...
real_samples_03515_8555_284447_000046_000000.wav,real/real_samples_03515_8555_284447_000046_000000.wav,real,0,samples,3.54,24000,1,169962,88ddf30a31e764da...
real_samples_03516_8555_284447_000047_000000.wav,real/real_samples_03516_8555_284447_000047_000000.wav,real,0,samples,6.0,24000,1,288044,37432d1d8b8fe306...
real_samples_03517_8555_284447_000047_000001.wav,real/real_samples_03517_8555_284447_000047_000001.wav,real,0,samples,4.34,24000,1,208362,26f846d2b9090e8d...
real_samples_03518_8555_284447_000048_000000.wav,real/real_samples_03518_8555_284447_000048_000000.wav,real,0,samples,6.34,24000,1,304362,58f5abb5ed4c3af0...
real_samples_03519_8555_284447_000048_000002.wav,real/real_samples_03519_8555_284447_000048_000002.wav,real,0,samples,3.53,24000,1,169482,313df70e09449e7e...
real_samples_03520_8555_284447_000049_000000.wav,real/real_samples_03520_8555_284447_000049_000000.wav,real,0,samples,3.72,24000,1,178606,4467932420722d45...
real_samples_03521_8555_284447_000049_000001.wav,real/real_samples_03521_8555_284447_000049_000001.wav,real,0,samples,4.74,24000,1,227564,daac1ca1a7fe499b...
real_samples_03522_8555_284447_000049_000002.wav,real/real_samples_03522_8555_284447_000049_000002.wav,real,0,samples,11.12,24000,1,533804,0a2d809f5a31fdf1...
real_samples_03523_8555_284447_000050_000000.wav,real/real_samples_03523_8555_284447_000050_000000.wav,real,0,samples,8.36,24000,1,401324,1242adc0d81ea9a9...
real_samples_03524_8555_284447_000050_000001.wav,real/real_samples_03524_8555_284447_000050_000001.wav,real,0,samples,5.22,24000,1,250606,35780b1f6c172b6e...
real_samples_03525_8555_284447_000050_000002.wav,real/real_samples_03525_8555_284447_000050_000002.wav,real,0,samples,9.69,24000,1,465164,062cd899b35fb72f...
real_samples_03526_8555_284447_000051_000001.wav,real/real_samples_03526_8555_284447_000051_000001.wav,real,0,samples,12.11,24000,1,581322,e2532c29cfcee32c...
real_samples_03527_8555_284447_000054_000001.wav,real/real_samples_03527_8555_284447_000054_000001.wav,real,0,samples,3.18,24000,1,152682,c4c58c14e2da2afe...
real_samples_03528_8555_284447_000058_000000.wav,real/real_samples_03528_8555_284447_000058_000000.wav,real,0,samples,7.92,24000,1,380204,5069947e641cb4de...
real_samples_03529_8555_284447_000059_000000.wav,real/real_samples_03529_8555_284447_000059_000000.wav,real,0,samples,3.39,24000,1,162764,8739e6075bc2d66f...
real_samples_03530_8555_284447_000060_000000.wav,real/real_samples_03530_8555_284447_000060_000000.wav,real,0,samples,4.64,24000,1,222766,b7ae818b9dd8ec5e...
real_samples_03531_8555_284447_000063_000002.wav,real/real_samples_03531_8555_284447_000063_000002.wav,real,0,samples,3.12,24000,1,149804,5450f9f35001edb3...
real_samples_03532_8555_284447_000064_000000.wav,real/real_samples_03532_8555_284447_000064_000000.wav,real,0,samples,5.11,24000,1,245324,7bee84dde69e1e30...
real_samples_03533_8555_284447_000065_000000.wav,real/real_samples_03533_8555_284447_000065_000000.wav,real,0,samples,4.45,24000,1,213642,be326c3ea8201e3e...
real_samples_03534_8555_284447_000065_000001.wav,real/real_samples_03534_8555_284447_000065_000001.wav,real,0,samples,8.52,24000,1,409006,0bb58466007beb9f...
real_samples_03535_8555_284447_000066_000000.wav,real/real_samples_03535_8555_284447_000066_000000.wav,real,0,samples,6.39,24000,1,306764,98a4325aec99f0e1...
real_samples_03536_8555_284447_000067_000000.wav,real/real_samples_03536_8555_284447_000067_000000.wav,real,0,samples,7.03,24000,1,337484,0ad8d98ac6a63423...
real_samples_03537_8555_284449_000006_000000.wav,real/real_samples_03537_8555_284449_000006_000000.wav,real,0,samples,19.71,24000,1,946124,dc164088ba0135ad...
real_samples_03538_8555_284449_000007_000000.wav,real/real_samples_03538_8555_284449_000007_000000.wav,real,0,samples,5.74,24000,1,275564,0f0b9881761567c5...
real_samples_03539_8555_284449_000007_000001.wav,real/real_samples_03539_8555_284449_000007_000001.wav,real,0,samples,7.97,24000,1,382604,c8bf54bf7291e123...
real_samples_03540_8555_284449_000009_000000.wav,real/real_samples_03540_8555_284449_000009_000000.wav,real,0,samples,9.15,24000,1,439244,beac8e711ef7ab4c...
real_samples_03541_8555_284449_000013_000000.wav,real/real_samples_03541_8555_284449_000013_000000.wav,real,0,samples,7.01,24000,1,336524,fb5e78a0afab98ab...
real_samples_03542_8555_284449_000015_000000.wav,real/real_samples_03542_8555_284449_000015_000000.wav,real,0,samples,4.18,24000,1,200684,b8e5ffc0b3069b5f...
real_samples_03543_8555_284449_000017_000000.wav,real/real_samples_03543_8555_284449_000017_000000.wav,real,0,samples,6.96,24000,1,334124,7b1ac43fd900e135...
real_samples_03544_8555_284449_000017_000001.wav,real/real_samples_03544_8555_284449_000017_000001.wav,real,0,samples,10.71,24000,1,514124,ca98734026aecafe...
real_samples_03545_8555_284449_000020_000002.wav,real/real_samples_03545_8555_284449_000020_000002.wav,real,0,samples,6.99,24000,1,335564,41e7e16eed94e3ba...
real_samples_03546_8555_284449_000020_000003.wav,real/real_samples_03546_8555_284449_000020_000003.wav,real,0,samples,4.12,24000,1,197804,33d85269b2a8d9db...
real_samples_03547_8555_284449_000021_000000.wav,real/real_samples_03547_8555_284449_000021_000000.wav,real,0,samples,10.7,24000,1,513644,b9786bea2b1322b3...
real_samples_03548_8555_284449_000024_000000.wav,real/real_samples_03548_8555_284449_000024_000000.wav,real,0,samples,3.05,24000,1,146444,014c926e55a3355f...
real_samples_03549_8555_284449_000025_000000.wav,real/real_samples_03549_8555_284449_000025_000000.wav,real,0,samples,3.49,24000,1,167564,c82ab2020eaaf821...
real_samples_03550_8555_284449_000025_000002.wav,real/real_samples_03550_8555_284449_000025_000002.wav,real,0,samples,4.3,24000,1,206444,c68b5573b8ef9f44...
real_samples_03551_8555_284449_000028_000000.wav,real/real_samples_03551_8555_284449_000028_000000.wav,real,0,samples,10.57,24000,1,507404,016c99b2f3162c2c...
real_samples_03552_8555_284449_000028_000001.wav,real/real_samples_03552_8555_284449_000028_000001.wav,real,0,samples,5.47,24000,1,262604,56f4c5b87fbb9c88...
real_samples_03553_8555_284449_000029_000001.wav,real/real_samples_03553_8555_284449_000029_000001.wav,real,0,samples,6.23,24000,1,299084,ec40167b8450efaf...
real_samples_03554_8555_284449_000031_000001.wav,real/real_samples_03554_8555_284449_000031_000001.wav,real,0,samples,14.67,24000,1,704204,7ceb8f9f4f26ef86...
real_samples_03555_8555_284449_000032_000000.wav,real/real_samples_03555_8555_284449_000032_000000.wav,real,0,samples,7.63,24000,1,366284,3c57eeefe1489443...
real_samples_03556_8555_284449_000035_000000.wav,real/real_samples_03556_8555_284449_000035_000000.wav,real,0,samples,3.19,24000,1,153164,843b119b01d1d905...
real_samples_03557_8555_284449_000038_000000.wav,real/real_samples_03557_8555_284449_000038_000000.wav,real,0,samples,5.19,24000,1,249164,e5585f20484ea48e...
real_samples_03558_8555_284449_000038_000001.wav,real/real_samples_03558_8555_284449_000038_000001.wav,real,0,samples,15.91,24000,1,763724,f7d1df328a3a2b7b...
real_samples_03559_8555_284449_000039_000000.wav,real/real_samples_03559_8555_284449_000039_000000.wav,real,0,samples,7.16,24000,1,343724,1c9fdb68349b15b7...
real_samples_03560_8555_284449_000040_000001.wav,real/real_samples_03560_8555_284449_000040_000001.wav,real,0,samples,3.47,24000,1,166602,f1ed4d0eea7227e7...
real_samples_03561_8555_284449_000041_000001.wav,real/real_samples_03561_8555_284449_000041_000001.wav,real,0,samples,4.87,24000,1,233804,56e6447831274fe0...
real_samples_03562_8555_284449_000042_000000.wav,real/real_samples_03562_8555_284449_000042_000000.wav,real,0,samples,9.45,24000,1,453640,19d16d46592ecb01...
real_samples_03563_8555_284449_000043_000000.wav,real/real_samples_03563_8555_284449_000043_000000.wav,real,0,samples,4.57,24000,1,219406,e7ce2849113d7633...
real_samples_03564_8555_284449_000044_000000.wav,real/real_samples_03564_8555_284449_000044_000000.wav,real,0,samples,3.03,24000,1,145486,7e9525a70887b20d...
real_samples_03565_8555_284449_000045_000000.wav,real/real_samples_03565_8555_284449_000045_000000.wav,real,0,samples,5.54,24000,1,265966,b14d650b9fc0391d...
real_samples_03566_8555_284449_000045_000003.wav,real/real_samples_03566_8555_284449_000045_000003.wav,real,0,samples,6.76,24000,1,324526,921a6f2707b1c91c...
real_samples_03567_8555_284449_000048_000000.wav,real/real_samples_03567_8555_284449_000048_000000.wav,real,0,samples,9.76,24000,1,468524,9c751ca24721826b...
real_samples_03568_8555_284449_000049_000000.wav,real/real_samples_03568_8555_284449_000049_000000.wav,real,0,samples,3.1,24000,1,148844,ea03e1504fb99451...
real_samples_03569_8555_284449_000053_000001.wav,real/real_samples_03569_8555_284449_000053_000001.wav,real,0,samples,5.98,24000,1,287082,2a3dd58f3c788860...
real_samples_03570_8555_284449_000055_000001.wav,real/real_samples_03570_8555_284449_000055_000001.wav,real,0,samples,12.85,24000,1,616844,ccfcd4efceb1c8f9...
real_samples_03571_8555_284449_000057_000000.wav,real/real_samples_03571_8555_284449_000057_000000.wav,real,0,samples,6.33,24000,1,303884,7958071fbe9b54ba...
real_samples_03572_8555_284449_000058_000000.wav,real/real_samples_03572_8555_284449_000058_000000.wav,real,0,samples,3.33,24000,1,159882,f004b8e6cf98eb6b...
real_samples_03573_8555_284449_000058_000002.wav,real/real_samples_03573_8555_284449_000058_000002.wav,real,0,samples,13.25,24000,1,636044,d4c1b98d87b72fcd...
real_samples_03574_8555_284449_000059_000001.wav,real/real_samples_03574_8555_284449_000059_000001.wav,real,0,samples,4.7,24000,1,225640,b153e58996f7fd4a...
real_samples_03575_8555_284449_000061_000000.wav,real/real_samples_03575_8555_284449_000061_000000.wav,real,0,samples,14.29,24000,1,685966,ea6c0d1581b82e0f...
real_samples_03576_8555_292519_000003_000000.wav,real/real_samples_03576_8555_292519_000003_000000.wav,real,0,samples,14.12,24000,1,677804,f11632d9b43bc1af...
real_samples_03577_8555_292519_000004_000000.wav,real/real_samples_03577_8555_292519_000004_000000.wav,real,0,samples,19.88,24000,1,954284,87bd0691d112a81e...
real_samples_03578_8555_292519_000005_000000.wav,real/real_samples_03578_8555_292519_000005_000000.wav,real,0,samples,15.56,24000,1,746924,fcf00d2cf4a68ccc...
real_samples_03579_8555_292519_000006_000000.wav,real/real_samples_03579_8555_292519_000006_000000.wav,real,0,samples,10.29,24000,1,493964,d287828ce42f8199...
real_samples_03580_908_157963_000004_000000.wav,real/real_samples_03580_908_157963_000004_000000.wav,real,0,samples,12.03,24000,1,577484,5de8e5658f8e42f2...
real_samples_03581_908_157963_000010_000000.wav,real/real_samples_03581_908_157963_000010_000000.wav,real,0,samples,8.37,24000,1,401804,57d92508f99a1f42...
real_samples_03582_908_157963_000010_000001.wav,real/real_samples_03582_908_157963_000010_000001.wav,real,0,samples,3.39,24000,1,162764,9e7719eb6e4f5186...
real_samples_03583_908_157963_000026_000001.wav,real/real_samples_03583_908_157963_000026_000001.wav,real,0,samples,8.43,24000,1,404684,c87c57ece1160ada...
real_samples_03584_908_157963_000029_000000.wav,real/real_samples_03584_908_157963_000029_000000.wav,real,0,samples,28.25,24000,1,1356044,eb951e7fc757b9ec...
real_samples_03585_908_157963_000034_000000.wav,real/real_samples_03585_908_157963_000034_000000.wav,real,0,samples,22.53,24000,1,1081484,0efda6c8de9e4e1b...
real_samples_03586_908_157963_000036_000000.wav,real/real_samples_03586_908_157963_000036_000000.wav,real,0,samples,21.14,24000,1,1014762,277c877b42c9b0f5...
real_samples_03587_908_31957_000003_000001.wav,real/real_samples_03587_908_31957_000003_000001.wav,real,0,samples,12.91,24000,1,619724,fbd62a42ff12d24d...
real_samples_03588_908_31957_000007_000000.wav,real/real_samples_03588_908_31957_000007_000000.wav,real,0,samples,15.6,24000,1,748844,f2d6b7820eb6c45e...
real_samples_03589_908_31957_000007_000001.wav,real/real_samples_03589_908_31957_000007_000001.wav,real,0,samples,10.86,24000,1,521324,f280b64933b65ced...
real_samples_03590_908_31957_000011_000000.wav,real/real_samples_03590_908_31957_000011_000000.wav,real,0,samples,4.58,24000,1,219884,6de6eabcdf4de41e...
real_samples_03591_908_31957_000011_000001.wav,real/real_samples_03591_908_31957_000011_000001.wav,real,0,samples,23.48,24000,1,1127084,b08bf16fbce2bbc1...
real_samples_03592_908_31957_000013_000000.wav,real/real_samples_03592_908_31957_000013_000000.wav,real,0,samples,5.01,24000,1,240524,b156c4eb022f795c...
real_samples_03593_908_31957_000013_000002.wav,real/real_samples_03593_908_31957_000013_000002.wav,real,0,samples,9.6,24000,1,460844,db0a1f75e588e527...
real_samples_03594_908_31957_000017_000001.wav,real/real_samples_03594_908_31957_000017_000001.wav,real,0,samples,6.97,24000,1,334604,fed76b462c73ea7f...
real_samples_03595_908_31957_000017_000002.wav,real/real_samples_03595_908_31957_000017_000002.wav,real,0,samples,7.03,24000,1,337484,f0742d2172fa17c5...
real_samples_03596_908_31957_000019_000001.wav,real/real_samples_03596_908_31957_000019_000001.wav,real,0,samples,5.55,24000,1,266444,9c5d034762517b1e...
real_samples_03597_908_31957_000021_000002.wav,real/real_samples_03597_908_31957_000021_000002.wav,real,0,samples,15.05,24000,1,722444,b43c342c7a672c62...
real_samples_03598_908_31957_000023_000002.wav,real/real_samples_03598_908_31957_000023_000002.wav,real,0,samples,10.12,24000,1,485804,6dd5b524eeaacf1b...
real_samples_03599_908_31957_000025_000001.wav,real/real_samples_03599_908_31957_000025_000001.wav,real,0,samples,29.61,24000,1,1421328,4bef367d30b635fb...
ai_brickwall4k_0001.wav,fake/ai_brickwall4k_0001.wav,fake,1,brickwall4k,3.19,16000,1,102250,3df547c3a15721e6...
ai_brickwall4k_0002.wav,fake/ai_brickwall4k_0002.wav,fake,1,brickwall4k,2.94,16000,1,94012,9d2cf6732b01a9e0...
ai_brickwall4k_0003.wav,fake/ai_brickwall4k_0003.wav,fake,1,brickwall4k,2.84,16000,1,91056,6cbb25f309657162...
ai_brickwall4k_0004.wav,fake/ai_brickwall4k_0004.wav,fake,1,brickwall4k,2.12,16000,1,67994,81e8f84e2c394bfb...
ai_brickwall4k_0005.wav,fake/ai_brickwall4k_0005.wav,fake,1,brickwall4k,2.7,16000,1,86296,71348e7ef8947547...
ai_brickwall4k_0006.wav,fake/ai_brickwall4k_0006.wav,fake,1,brickwall4k,2.6,16000,1,83158,4830fe8ca40ef4df...
ai_brickwall4k_0007.wav,fake/ai_brickwall4k_0007.wav,fake,1,brickwall4k,3.0,16000,1,96034,86d468096b4eeba2...
ai_brickwall4k_0008.wav,fake/ai_brickwall4k_0008.wav,fake,1,brickwall4k,2.3,16000,1,73546,bbc37f6c54447dbd...
ai_brickwall4k_0009.wav,fake/ai_brickwall4k_0009.wav,fake,1,brickwall4k,2.13,16000,1,68060,48f34c6351905b4f...
ai_brickwall4k_0010.wav,fake/ai_brickwall4k_0010.wav,fake,1,brickwall4k,2.78,16000,1,88932,5cc4fb1cc59425b3...
ai_brickwall4k_0011.wav,fake/ai_brickwall4k_0011.wav,fake,1,brickwall4k,2.05,16000,1,65718,e264707c3bda965d...
ai_brickwall4k_0012.wav,fake/ai_brickwall4k_0012.wav,fake,1,brickwall4k,2.27,16000,1,72766,dbd5ecc9fe64b931...
ai_brickwall4k_0013.wav,fake/ai_brickwall4k_0013.wav,fake,1,brickwall4k,2.15,16000,1,69000,0934ee7595d5aa71...
ai_brickwall4k_0014.wav,fake/ai_brickwall4k_0014.wav,fake,1,brickwall4k,3.0,16000,1,95920,940222229d7fe9df...
ai_brickwall4k_0015.wav,fake/ai_brickwall4k_0015.wav,fake,1,brickwall4k,3.14,16000,1,100418,e3ea1d523ef17e9f...
ai_brickwall4k_0016.wav,fake/ai_brickwall4k_0016.wav,fake,1,brickwall4k,2.02,16000,1,64760,b7579b8546c918c1...
ai_brickwall4k_0017.wav,fake/ai_brickwall4k_0017.wav,fake,1,brickwall4k,2.52,16000,1,80562,4031ec2ae80ad961...
ai_brickwall4k_0018.wav,fake/ai_brickwall4k_0018.wav,fake,1,brickwall4k,2.74,16000,1,87874,8ff7238c38697b92...
ai_brickwall4k_0019.wav,fake/ai_brickwall4k_0019.wav,fake,1,brickwall4k,2.97,16000,1,95200,5008fce7ab0c14c7...
ai_brickwall4k_0020.wav,fake/ai_brickwall4k_0020.wav,fake,1,brickwall4k,2.24,16000,1,71652,7910de1e2e916b69...
ai_brickwall4k_0021.wav,fake/ai_brickwall4k_0021.wav,fake,1,brickwall4k,2.07,16000,1,66180,0a71b5a722e588dd...
ai_brickwall4k_0022.wav,fake/ai_brickwall4k_0022.wav,fake,1,brickwall4k,3.07,16000,1,98278,58732ca0bde1214f...
ai_brickwall4k_0023.wav,fake/ai_brickwall4k_0023.wav,fake,1,brickwall4k,2.77,16000,1,88590,1e095019f11d735e...
ai_brickwall4k_0024.wav,fake/ai_brickwall4k_0024.wav,fake,1,brickwall4k,2.53,16000,1,80920,46e71e3c61f698f7...
ai_brickwall4k_0025.wav,fake/ai_brickwall4k_0025.wav,fake,1,brickwall4k,2.16,16000,1,69122,761188ae7034e4e6...
ai_brickwall4k_0026.wav,fake/ai_brickwall4k_0026.wav,fake,1,brickwall4k,2.89,16000,1,92614,018f74e754e1d6fc...
ai_brickwall4k_0027.wav,fake/ai_brickwall4k_0027.wav,fake,1,brickwall4k,3.06,16000,1,97892,11e01930be7ff35f...
ai_brickwall4k_0028.wav,fake/ai_brickwall4k_0028.wav,fake,1,brickwall4k,2.38,16000,1,76170,cbf34533afa09421...
ai_brickwall4k_0029.wav,fake/ai_brickwall4k_0029.wav,fake,1,brickwall4k,3.11,16000,1,99670,921b7363530c053d...
ai_brickwall4k_0030.wav,fake/ai_brickwall4k_0030.wav,fake,1,brickwall4k,2.79,16000,1,89306,264899a9fdcd9b59...
ai_brickwall4k_0031.wav,fake/ai_brickwall4k_0031.wav,fake,1,brickwall4k,3.16,16000,1,101188,ae6b158303718c9b...
ai_brickwall4k_0032.wav,fake/ai_brickwall4k_0032.wav,fake,1,brickwall4k,2.2,16000,1,70578,226bb3bac9937903...
ai_brickwall4k_0033.wav,fake/ai_brickwall4k_0033.wav,fake,1,brickwall4k,3.09,16000,1,99022,2c900a7d6f50025a...
ai_brickwall4k_0034.wav,fake/ai_brickwall4k_0034.wav,fake,1,brickwall4k,3.02,16000,1,96818,6297e13593e27fb7...
ai_brickwall4k_0035.wav,fake/ai_brickwall4k_0035.wav,fake,1,brickwall4k,2.09,16000,1,66902,b855988ff517616d...
ai_brickwall4k_0036.wav,fake/ai_brickwall4k_0036.wav,fake,1,brickwall4k,2.19,16000,1,70148,98d0d13a67f05c80...
ai_brickwall4k_0037.wav,fake/ai_brickwall4k_0037.wav,fake,1,brickwall4k,2.25,16000,1,71948,1ff7bee29e858268...
ai_brickwall4k_0038.wav,fake/ai_brickwall4k_0038.wav,fake,1,brickwall4k,2.44,16000,1,78066,046c2947f670f1e8...
ai_brickwall4k_0039.wav,fake/ai_brickwall4k_0039.wav,fake,1,brickwall4k,2.2,16000,1,70310,76ff31f6ea296046...
ai_brickwall4k_0040.wav,fake/ai_brickwall4k_0040.wav,fake,1,brickwall4k,3.04,16000,1,97318,459dc696ebefc844...
ai_brickwall4k_0041.wav,fake/ai_brickwall4k_0041.wav,fake,1,brickwall4k,3.17,16000,1,101442,911d060c06eed4a0...
ai_brickwall4k_0042.wav,fake/ai_brickwall4k_0042.wav,fake,1,brickwall4k,2.49,16000,1,79738,f2fd11c9be758e3b...
ai_brickwall4k_0043.wav,fake/ai_brickwall4k_0043.wav,fake,1,brickwall4k,2.73,16000,1,87336,3f5117fd4a363e8d...
ai_brickwall4k_0044.wav,fake/ai_brickwall4k_0044.wav,fake,1,brickwall4k,2.91,16000,1,93040,6fa1c41a3e3859fe...
ai_brickwall4k_0045.wav,fake/ai_brickwall4k_0045.wav,fake,1,brickwall4k,2.46,16000,1,78788,efdc8450a82be188...
ai_brickwall4k_0046.wav,fake/ai_brickwall4k_0046.wav,fake,1,brickwall4k,2.27,16000,1,72798,d92497a8418d6159...
ai_brickwall4k_0047.wav,fake/ai_brickwall4k_0047.wav,fake,1,brickwall4k,2.86,16000,1,91528,d75715cbd2fa8e0f...
ai_brickwall4k_0048.wav,fake/ai_brickwall4k_0048.wav,fake,1,brickwall4k,2.12,16000,1,67854,5549316e9b07482d...
ai_brickwall4k_0049.wav,fake/ai_brickwall4k_0049.wav,fake,1,brickwall4k,2.1,16000,1,67374,a1db0b167b7ff364...
ai_brickwall4k_0050.wav,fake/ai_brickwall4k_0050.wav,fake,1,brickwall4k,2.4,16000,1,76910,d678b94d2a58850b...
ai_diffusion_0001.wav,fake/ai_diffusion_0001.wav,fake,1,diffusion,2.57,16000,1,82406,baa5ffac28a575fa...
ai_diffusion_0002.wav,fake/ai_diffusion_0002.wav,fake,1,diffusion,2.59,16000,1,82854,a1c08b69cfa9c2d3...
ai_diffusion_0003.wav,fake/ai_diffusion_0003.wav,fake,1,diffusion,2.1,16000,1,67390,2a9c4b7e3d27993c...
ai_diffusion_0004.wav,fake/ai_diffusion_0004.wav,fake,1,diffusion,3.1,16000,1,99352,16c46b1cb1fb7e78...
ai_diffusion_0005.wav,fake/ai_diffusion_0005.wav,fake,1,diffusion,2.91,16000,1,93178,62fb213b7d0ddee4...
ai_diffusion_0006.wav,fake/ai_diffusion_0006.wav,fake,1,diffusion,2.25,16000,1,72174,30f211c1996366ac...
ai_diffusion_0007.wav,fake/ai_diffusion_0007.wav,fake,1,diffusion,3.1,16000,1,99100,d43c8cb824b3e810...
ai_diffusion_0008.wav,fake/ai_diffusion_0008.wav,fake,1,diffusion,2.49,16000,1,79720,66842aa19e415eb3...
ai_diffusion_0009.wav,fake/ai_diffusion_0009.wav,fake,1,diffusion,2.29,16000,1,73346,5da5519f69d18f02...
ai_diffusion_0010.wav,fake/ai_diffusion_0010.wav,fake,1,diffusion,2.26,16000,1,72496,35dd2a444854f6e1...
ai_diffusion_0011.wav,fake/ai_diffusion_0011.wav,fake,1,diffusion,2.95,16000,1,94316,cb90076e579d19d1...
ai_diffusion_0012.wav,fake/ai_diffusion_0012.wav,fake,1,diffusion,2.81,16000,1,89830,d4ca408a4bda9ae1...
ai_diffusion_0013.wav,fake/ai_diffusion_0013.wav,fake,1,diffusion,3.14,16000,1,100608,714ffdb993cecf68...
ai_diffusion_0014.wav,fake/ai_diffusion_0014.wav,fake,1,diffusion,2.24,16000,1,71642,91ae2cc7e4561705...
ai_diffusion_0015.wav,fake/ai_diffusion_0015.wav,fake,1,diffusion,2.19,16000,1,70094,726aa262ccfefa67...
ai_diffusion_0016.wav,fake/ai_diffusion_0016.wav,fake,1,diffusion,2.83,16000,1,90480,c4221c74cd5adac4...
ai_diffusion_0017.wav,fake/ai_diffusion_0017.wav,fake,1,diffusion,2.2,16000,1,70478,920f8c3a28db1ec6...
ai_diffusion_0018.wav,fake/ai_diffusion_0018.wav,fake,1,diffusion,2.06,16000,1,66122,0e6e3cc3cbb283a1...
ai_diffusion_0019.wav,fake/ai_diffusion_0019.wav,fake,1,diffusion,2.94,16000,1,94010,d59f4a25069933c0...
ai_diffusion_0020.wav,fake/ai_diffusion_0020.wav,fake,1,diffusion,2.45,16000,1,78308,02ea3f8e4ea55b41...
ai_diffusion_0021.wav,fake/ai_diffusion_0021.wav,fake,1,diffusion,3.18,16000,1,101742,6b08607b401d8312...
ai_diffusion_0022.wav,fake/ai_diffusion_0022.wav,fake,1,diffusion,3.16,16000,1,101078,71aadd41087f1ee3...
ai_diffusion_0023.wav,fake/ai_diffusion_0023.wav,fake,1,diffusion,2.86,16000,1,91628,2369ee862c9cb88d...
ai_diffusion_0024.wav,fake/ai_diffusion_0024.wav,fake,1,diffusion,2.16,16000,1,69300,87815b8a4c890c05...
ai_diffusion_0025.wav,fake/ai_diffusion_0025.wav,fake,1,diffusion,2.75,16000,1,88078,c47ef502c3044b36...
ai_diffusion_0026.wav,fake/ai_diffusion_0026.wav,fake,1,diffusion,2.03,16000,1,64854,6df559504db7995d...
ai_diffusion_0027.wav,fake/ai_diffusion_0027.wav,fake,1,diffusion,2.97,16000,1,95192,f4425723bcf3cd5e...
ai_diffusion_0028.wav,fake/ai_diffusion_0028.wav,fake,1,diffusion,2.05,16000,1,65702,762696ff6a33516b...
ai_diffusion_0029.wav,fake/ai_diffusion_0029.wav,fake,1,diffusion,2.37,16000,1,75798,32886d27b2239175...
ai_diffusion_0030.wav,fake/ai_diffusion_0030.wav,fake,1,diffusion,2.6,16000,1,83170,7234dee0c2021dc8...
ai_diffusion_0031.wav,fake/ai_diffusion_0031.wav,fake,1,diffusion,2.74,16000,1,87686,de23710cd187c115...
ai_diffusion_0032.wav,fake/ai_diffusion_0032.wav,fake,1,diffusion,2.82,16000,1,90210,c4087318528e42ce...
ai_diffusion_0033.wav,fake/ai_diffusion_0033.wav,fake,1,diffusion,2.47,16000,1,79228,c691a410e60e238d...
ai_diffusion_0034.wav,fake/ai_diffusion_0034.wav,fake,1,diffusion,2.22,16000,1,71230,111bc89bab65f0d3...
ai_diffusion_0035.wav,fake/ai_diffusion_0035.wav,fake,1,diffusion,2.09,16000,1,67068,c03ce5f44223e6e9...
ai_diffusion_0036.wav,fake/ai_diffusion_0036.wav,fake,1,diffusion,2.36,16000,1,75692,7960687e33c2dddb...
ai_diffusion_0037.wav,fake/ai_diffusion_0037.wav,fake,1,diffusion,2.04,16000,1,65270,c5de2abffcd8028b...
ai_diffusion_0038.wav,fake/ai_diffusion_0038.wav,fake,1,diffusion,2.42,16000,1,77382,daccdb2e046a5083...
ai_diffusion_0039.wav,fake/ai_diffusion_0039.wav,fake,1,diffusion,2.47,16000,1,78962,3551f6d6adf3b47e...
ai_diffusion_0040.wav,fake/ai_diffusion_0040.wav,fake,1,diffusion,2.69,16000,1,86176,353745916847847d...
ai_diffusion_0041.wav,fake/ai_diffusion_0041.wav,fake,1,diffusion,2.77,16000,1,88688,671efd79df1b630c...
ai_diffusion_0042.wav,fake/ai_diffusion_0042.wav,fake,1,diffusion,2.08,16000,1,66614,3bee3480fd8e01f1...
ai_diffusion_0043.wav,fake/ai_diffusion_0043.wav,fake,1,diffusion,2.17,16000,1,69330,bbd2b401a29307ad...
ai_diffusion_0044.wav,fake/ai_diffusion_0044.wav,fake,1,diffusion,2.4,16000,1,76686,b49d965d3be17cfe...
ai_diffusion_0045.wav,fake/ai_diffusion_0045.wav,fake,1,diffusion,2.05,16000,1,65570,a6d4f9ed60b435b9...
ai_diffusion_0046.wav,fake/ai_diffusion_0046.wav,fake,1,diffusion,2.18,16000,1,69768,b652e9c9d242fa59...
ai_diffusion_0047.wav,fake/ai_diffusion_0047.wav,fake,1,diffusion,2.62,16000,1,83900,9561a27965d8d936...
ai_diffusion_0048.wav,fake/ai_diffusion_0048.wav,fake,1,diffusion,2.42,16000,1,77612,7b78fd2ad29c6eda...
ai_diffusion_0049.wav,fake/ai_diffusion_0049.wav,fake,1,diffusion,2.28,16000,1,72882,fdf05841e7de68df...
ai_diffusion_0050.wav,fake/ai_diffusion_0050.wav,fake,1,diffusion,2.99,16000,1,95692,e1e867b31db37389...
ai_griffinlim_0001.wav,fake/ai_griffinlim_0001.wav,fake,1,griffinlim,3.19,16000,1,102242,9b2245bb25ed1427...
ai_griffinlim_0002.wav,fake/ai_griffinlim_0002.wav,fake,1,griffinlim,2.68,16000,1,85778,64adc4ab6b22ead3...
ai_griffinlim_0003.wav,fake/ai_griffinlim_0003.wav,fake,1,griffinlim,2.44,16000,1,78244,f02735bb847b89ac...
ai_griffinlim_0004.wav,fake/ai_griffinlim_0004.wav,fake,1,griffinlim,2.64,16000,1,84466,0fc095d65d39468b...
ai_griffinlim_0005.wav,fake/ai_griffinlim_0005.wav,fake,1,griffinlim,2.5,16000,1,80122,c06b34355c5f5567...
ai_griffinlim_0006.wav,fake/ai_griffinlim_0006.wav,fake,1,griffinlim,2.97,16000,1,95186,f4a9edaf825370da...
ai_griffinlim_0007.wav,fake/ai_griffinlim_0007.wav,fake,1,griffinlim,2.74,16000,1,87876,b64e2c40a2994cfd...
ai_griffinlim_0008.wav,fake/ai_griffinlim_0008.wav,fake,1,griffinlim,3.08,16000,1,98566,3edac4c15d56f77b...
ai_griffinlim_0009.wav,fake/ai_griffinlim_0009.wav,fake,1,griffinlim,2.45,16000,1,78524,3da0a1002e062bd4...
ai_griffinlim_0010.wav,fake/ai_griffinlim_0010.wav,fake,1,griffinlim,3.19,16000,1,102088,5f7286557daf04fa...
ai_griffinlim_0011.wav,fake/ai_griffinlim_0011.wav,fake,1,griffinlim,2.99,16000,1,95596,062f16e7ac2a79f6...
ai_griffinlim_0012.wav,fake/ai_griffinlim_0012.wav,fake,1,griffinlim,3.03,16000,1,97082,b4462c8f8be8db29...
ai_griffinlim_0013.wav,fake/ai_griffinlim_0013.wav,fake,1,griffinlim,2.72,16000,1,87032,c4a385382026cb60...
ai_griffinlim_0014.wav,fake/ai_griffinlim_0014.wav,fake,1,griffinlim,2.72,16000,1,87074,7a18497d41b13b65...
ai_griffinlim_0015.wav,fake/ai_griffinlim_0015.wav,fake,1,griffinlim,2.5,16000,1,79908,6f48986281cacc30...
ai_griffinlim_0016.wav,fake/ai_griffinlim_0016.wav,fake,1,griffinlim,2.96,16000,1,94756,24986a40ffb80035...
ai_griffinlim_0017.wav,fake/ai_griffinlim_0017.wav,fake,1,griffinlim,2.37,16000,1,75768,6114065f4aedeb37...
ai_griffinlim_0018.wav,fake/ai_griffinlim_0018.wav,fake,1,griffinlim,2.98,16000,1,95268,ca4ae82f6de4b01c...
ai_griffinlim_0019.wav,fake/ai_griffinlim_0019.wav,fake,1,griffinlim,2.08,16000,1,66490,4ef600a5f26a3825...
ai_griffinlim_0020.wav,fake/ai_griffinlim_0020.wav,fake,1,griffinlim,2.02,16000,1,64734,24168f2d2c26a6ee...
ai_griffinlim_0021.wav,fake/ai_griffinlim_0021.wav,fake,1,griffinlim,2.64,16000,1,84546,cbe8c759f6dd460e...
ai_griffinlim_0022.wav,fake/ai_griffinlim_0022.wav,fake,1,griffinlim,2.96,16000,1,94692,1b657a7a137d150e...
ai_griffinlim_0023.wav,fake/ai_griffinlim_0023.wav,fake,1,griffinlim,3.15,16000,1,100836,a1b10e1c2f088996...
ai_griffinlim_0024.wav,fake/ai_griffinlim_0024.wav,fake,1,griffinlim,2.92,16000,1,93478,d2409dfefba36503...
ai_griffinlim_0025.wav,fake/ai_griffinlim_0025.wav,fake,1,griffinlim,2.21,16000,1,70872,5ada8aabd0cd9f6d...
ai_griffinlim_0026.wav,fake/ai_griffinlim_0026.wav,fake,1,griffinlim,2.73,16000,1,87508,828e0ec528fdc47b...
ai_griffinlim_0027.wav,fake/ai_griffinlim_0027.wav,fake,1,griffinlim,2.95,16000,1,94526,9f9dd8c4ced20b36...
ai_griffinlim_0028.wav,fake/ai_griffinlim_0028.wav,fake,1,griffinlim,2.47,16000,1,79164,0dfc1b2b98a8db4f...
ai_griffinlim_0029.wav,fake/ai_griffinlim_0029.wav,fake,1,griffinlim,2.13,16000,1,68364,f7773527472eec4e...
ai_griffinlim_0030.wav,fake/ai_griffinlim_0030.wav,fake,1,griffinlim,2.44,16000,1,78218,44a9321d64b0fab0...
ai_griffinlim_0031.wav,fake/ai_griffinlim_0031.wav,fake,1,griffinlim,2.14,16000,1,68570,5490e14bc9b61c8a...
ai_griffinlim_0032.wav,fake/ai_griffinlim_0032.wav,fake,1,griffinlim,2.33,16000,1,74508,cce2c021c6e1075b...
ai_griffinlim_0033.wav,fake/ai_griffinlim_0033.wav,fake,1,griffinlim,2.43,16000,1,77736,25ce9095488d3cd3...
ai_griffinlim_0034.wav,fake/ai_griffinlim_0034.wav,fake,1,griffinlim,2.52,16000,1,80616,c8d927873d59ae06...
ai_griffinlim_0035.wav,fake/ai_griffinlim_0035.wav,fake,1,griffinlim,2.19,16000,1,70108,b05a267e5a41edbf...
ai_griffinlim_0036.wav,fake/ai_griffinlim_0036.wav,fake,1,griffinlim,3.1,16000,1,99254,8cf9703a8f0c239d...
ai_griffinlim_0037.wav,fake/ai_griffinlim_0037.wav,fake,1,griffinlim,2.73,16000,1,87526,cad7b3a5ace122b2...
ai_griffinlim_0038.wav,fake/ai_griffinlim_0038.wav,fake,1,griffinlim,3.02,16000,1,96654,b08090b9d5ff202f...
ai_griffinlim_0039.wav,fake/ai_griffinlim_0039.wav,fake,1,griffinlim,2.88,16000,1,92126,03654c75c15c04e8...
ai_griffinlim_0040.wav,fake/ai_griffinlim_0040.wav,fake,1,griffinlim,2.19,16000,1,70020,9a390ad0d106b1d1...
ai_griffinlim_0041.wav,fake/ai_griffinlim_0041.wav,fake,1,griffinlim,2.85,16000,1,91188,2a947807ffe65933...
ai_griffinlim_0042.wav,fake/ai_griffinlim_0042.wav,fake,1,griffinlim,2.61,16000,1,83434,1d3ed0870d8589ab...
ai_griffinlim_0043.wav,fake/ai_griffinlim_0043.wav,fake,1,griffinlim,2.49,16000,1,79668,f41004b403af5906...
ai_griffinlim_0044.wav,fake/ai_griffinlim_0044.wav,fake,1,griffinlim,2.13,16000,1,68298,4c9e33cb0f93c3fa...
ai_griffinlim_0045.wav,fake/ai_griffinlim_0045.wav,fake,1,griffinlim,3.09,16000,1,98944,75de3477d8d0fc9f...
ai_griffinlim_0046.wav,fake/ai_griffinlim_0046.wav,fake,1,griffinlim,3.05,16000,1,97522,0062fb8503d70538...
ai_griffinlim_0047.wav,fake/ai_griffinlim_0047.wav,fake,1,griffinlim,2.24,16000,1,71716,c5b1226c1cdc77f6...
ai_griffinlim_0048.wav,fake/ai_griffinlim_0048.wav,fake,1,griffinlim,2.91,16000,1,93198,6518f0ce304f2c6a...
ai_griffinlim_0049.wav,fake/ai_griffinlim_0049.wav,fake,1,griffinlim,2.84,16000,1,91046,13bcf9286912248c...
ai_griffinlim_0050.wav,fake/ai_griffinlim_0050.wav,fake,1,griffinlim,2.7,16000,1,86456,818aa8aea55d6629...
ai_hifigan_0001.wav,fake/ai_hifigan_0001.wav,fake,1,hifigan,3.16,16000,1,101262,0604525e881a6c93...
ai_hifigan_0002.wav,fake/ai_hifigan_0002.wav,fake,1,hifigan,2.5,16000,1,79926,985d1eb3b1ae8c35...
ai_hifigan_0003.wav,fake/ai_hifigan_0003.wav,fake,1,hifigan,2.75,16000,1,88012,9312e9ed9bc51069...
ai_hifigan_0004.wav,fake/ai_hifigan_0004.wav,fake,1,hifigan,2.46,16000,1,78862,b957ae468cea08a9...
ai_hifigan_0005.wav,fake/ai_hifigan_0005.wav,fake,1,hifigan,2.52,16000,1,80762,0a8fece1ef853769...
ai_hifigan_0006.wav,fake/ai_hifigan_0006.wav,fake,1,hifigan,2.18,16000,1,69702,5d3612b302dcae9c...
ai_hifigan_0007.wav,fake/ai_hifigan_0007.wav,fake,1,hifigan,2.46,16000,1,78894,606f95d8b91275b3...
ai_hifigan_0008.wav,fake/ai_hifigan_0008.wav,fake,1,hifigan,2.25,16000,1,72196,c62a39bfc670e8b2...
ai_hifigan_0009.wav,fake/ai_hifigan_0009.wav,fake,1,hifigan,2.54,16000,1,81166,656554183018229b...
ai_hifigan_0010.wav,fake/ai_hifigan_0010.wav,fake,1,hifigan,3.15,16000,1,100808,5266e380d3f983b5...
ai_hifigan_0011.wav,fake/ai_hifigan_0011.wav,fake,1,hifigan,2.11,16000,1,67626,809fc6e9e50ce7c4...
ai_hifigan_0012.wav,fake/ai_hifigan_0012.wav,fake,1,hifigan,2.54,16000,1,81322,66191e8f5454c972...
ai_hifigan_0013.wav,fake/ai_hifigan_0013.wav,fake,1,hifigan,2.3,16000,1,73676,b4c570006efa9ccb...
ai_hifigan_0014.wav,fake/ai_hifigan_0014.wav,fake,1,hifigan,2.03,16000,1,64872,0791d4fd4c1db305...
ai_hifigan_0015.wav,fake/ai_hifigan_0015.wav,fake,1,hifigan,2.1,16000,1,67216,3d5b8f3d61e4435a...
ai_hifigan_0016.wav,fake/ai_hifigan_0016.wav,fake,1,hifigan,2.67,16000,1,85610,0eea213e64935529...
ai_hifigan_0017.wav,fake/ai_hifigan_0017.wav,fake,1,hifigan,2.15,16000,1,68740,cc344ed117327ad7...
ai_hifigan_0018.wav,fake/ai_hifigan_0018.wav,fake,1,hifigan,3.19,16000,1,102160,4d85618374b28b19...
ai_hifigan_0019.wav,fake/ai_hifigan_0019.wav,fake,1,hifigan,3.0,16000,1,96146,4d7092126f91138c...
ai_hifigan_0020.wav,fake/ai_hifigan_0020.wav,fake,1,hifigan,2.84,16000,1,90950,2e1156dcdd87113a...
ai_hifigan_0021.wav,fake/ai_hifigan_0021.wav,fake,1,hifigan,2.52,16000,1,80684,84d45dc4e2484dce...
ai_hifigan_0022.wav,fake/ai_hifigan_0022.wav,fake,1,hifigan,3.16,16000,1,101178,96bfb9314ddc1daf...
ai_hifigan_0023.wav,fake/ai_hifigan_0023.wav,fake,1,hifigan,2.47,16000,1,79100,2757c50aecc5321b...
ai_hifigan_0024.wav,fake/ai_hifigan_0024.wav,fake,1,hifigan,2.95,16000,1,94530,aa32b2328c69c02f...
ai_hifigan_0025.wav,fake/ai_hifigan_0025.wav,fake,1,hifigan,3.16,16000,1,101082,4692974fe51d183f...
ai_hifigan_0026.wav,fake/ai_hifigan_0026.wav,fake,1,hifigan,2.39,16000,1,76422,eb1bb359a84b09ca...
ai_hifigan_0027.wav,fake/ai_hifigan_0027.wav,fake,1,hifigan,3.14,16000,1,100384,d9431f3a85fd06a8...
ai_hifigan_0028.wav,fake/ai_hifigan_0028.wav,fake,1,hifigan,2.7,16000,1,86332,ffaee3272330a115...
ai_hifigan_0029.wav,fake/ai_hifigan_0029.wav,fake,1,hifigan,3.01,16000,1,96296,a61fafa64fe1bbc4...
ai_hifigan_0030.wav,fake/ai_hifigan_0030.wav,fake,1,hifigan,3.18,16000,1,101916,45ee7f07f0e41577...
ai_hifigan_0031.wav,fake/ai_hifigan_0031.wav,fake,1,hifigan,2.14,16000,1,68478,6408682e5dcd8540...
ai_hifigan_0032.wav,fake/ai_hifigan_0032.wav,fake,1,hifigan,2.55,16000,1,81726,0074b17d4ba53b11...
ai_hifigan_0033.wav,fake/ai_hifigan_0033.wav,fake,1,hifigan,2.49,16000,1,79870,20370456ba0d098c...
ai_hifigan_0034.wav,fake/ai_hifigan_0034.wav,fake,1,hifigan,2.73,16000,1,87272,5ee8cc975e00e290...
ai_hifigan_0035.wav,fake/ai_hifigan_0035.wav,fake,1,hifigan,2.42,16000,1,77348,5461005d70b5cc07...
ai_hifigan_0036.wav,fake/ai_hifigan_0036.wav,fake,1,hifigan,2.1,16000,1,67118,f983c70b1147186c...
ai_hifigan_0037.wav,fake/ai_hifigan_0037.wav,fake,1,hifigan,2.22,16000,1,71202,30684b50f434507f...
ai_hifigan_0038.wav,fake/ai_hifigan_0038.wav,fake,1,hifigan,2.54,16000,1,81288,74e2777b0cf2b17c...
ai_hifigan_0039.wav,fake/ai_hifigan_0039.wav,fake,1,hifigan,2.48,16000,1,79424,0c5aab8677f76024...
ai_hifigan_0040.wav,fake/ai_hifigan_0040.wav,fake,1,hifigan,2.11,16000,1,67490,08ef7ea5e1d495b3...
ai_hifigan_0041.wav,fake/ai_hifigan_0041.wav,fake,1,hifigan,2.21,16000,1,70702,5645d01baaddc064...
ai_hifigan_0042.wav,fake/ai_hifigan_0042.wav,fake,1,hifigan,2.24,16000,1,71700,6a9c40d92add78f5...
ai_hifigan_0043.wav,fake/ai_hifigan_0043.wav,fake,1,hifigan,2.72,16000,1,87100,d62d78b68f5cdc63...
ai_hifigan_0044.wav,fake/ai_hifigan_0044.wav,fake,1,hifigan,2.98,16000,1,95382,b948fc7a0bbbfe6b...
ai_hifigan_0045.wav,fake/ai_hifigan_0045.wav,fake,1,hifigan,2.63,16000,1,84236,0d6313a832e24091...
ai_hifigan_0046.wav,fake/ai_hifigan_0046.wav,fake,1,hifigan,2.58,16000,1,82476,5940722bd05ff8f8...
ai_hifigan_0047.wav,fake/ai_hifigan_0047.wav,fake,1,hifigan,2.96,16000,1,94682,f112b4073b3fb57c...
ai_hifigan_0048.wav,fake/ai_hifigan_0048.wav,fake,1,hifigan,3.15,16000,1,100772,9dd96fae9f2eeddf...
ai_hifigan_0049.wav,fake/ai_hifigan_0049.wav,fake,1,hifigan,3.18,16000,1,101744,9f9110147025109f...
ai_hifigan_0050.wav,fake/ai_hifigan_0050.wav,fake,1,hifigan,2.94,16000,1,94068,2f3ec8c3d7363a58...
ai_indicsynth_0001.wav,fake/ai_indicsynth_0001.wav,fake,1,indicsynth,2.74,16000,1,87752,27a1a9fc9a43a0ee...
ai_indicsynth_0002.wav,fake/ai_indicsynth_0002.wav,fake,1,indicsynth,2.99,16000,1,95878,e638d30ad508d40c...
ai_indicsynth_0003.wav,fake/ai_indicsynth_0003.wav,fake,1,indicsynth,2.41,16000,1,77090,de7801fe76b5109b...
ai_indicsynth_0004.wav,fake/ai_indicsynth_0004.wav,fake,1,indicsynth,2.18,16000,1,69938,bb27b90747dfcc29...
ai_indicsynth_0005.wav,fake/ai_indicsynth_0005.wav,fake,1,indicsynth,2.95,16000,1,94520,9bc74042ca25b493...
ai_indicsynth_0006.wav,fake/ai_indicsynth_0006.wav,fake,1,indicsynth,2.58,16000,1,82724,d041d81bd08badee...
ai_indicsynth_0007.wav,fake/ai_indicsynth_0007.wav,fake,1,indicsynth,2.42,16000,1,77494,77e2c4a72e3bd800...
ai_indicsynth_0008.wav,fake/ai_indicsynth_0008.wav,fake,1,indicsynth,3.15,16000,1,100864,2f37be5c7593d2d1...
ai_indicsynth_0009.wav,fake/ai_indicsynth_0009.wav,fake,1,indicsynth,2.36,16000,1,75574,1c66026e9c9cb22b...
ai_indicsynth_0010.wav,fake/ai_indicsynth_0010.wav,fake,1,indicsynth,2.73,16000,1,87404,305f05f33cb71542...
ai_indicsynth_0011.wav,fake/ai_indicsynth_0011.wav,fake,1,indicsynth,2.09,16000,1,66888,61590bcd017bafe3...
ai_indicsynth_0012.wav,fake/ai_indicsynth_0012.wav,fake,1,indicsynth,2.22,16000,1,71146,ea4854b6ce7ebdae...
ai_indicsynth_0013.wav,fake/ai_indicsynth_0013.wav,fake,1,indicsynth,2.99,16000,1,95852,d35ddd01e305c6ab...
ai_indicsynth_0014.wav,fake/ai_indicsynth_0014.wav,fake,1,indicsynth,2.85,16000,1,91196,3861c21b285d2fec...
ai_indicsynth_0015.wav,fake/ai_indicsynth_0015.wav,fake,1,indicsynth,2.5,16000,1,79890,f01df418f6be28bb...
ai_indicsynth_0016.wav,fake/ai_indicsynth_0016.wav,fake,1,indicsynth,2.25,16000,1,72194,fb16c612c7700285...
ai_indicsynth_0017.wav,fake/ai_indicsynth_0017.wav,fake,1,indicsynth,2.95,16000,1,94528,64c00655eb3cdaee...
ai_indicsynth_0018.wav,fake/ai_indicsynth_0018.wav,fake,1,indicsynth,3.16,16000,1,101078,73788eb6d1bc2065...
ai_indicsynth_0019.wav,fake/ai_indicsynth_0019.wav,fake,1,indicsynth,3.12,16000,1,99772,d704ddddb899443e...
ai_indicsynth_0020.wav,fake/ai_indicsynth_0020.wav,fake,1,indicsynth,2.0,16000,1,64088,7312d58cde2aac9e...
ai_indicsynth_0021.wav,fake/ai_indicsynth_0021.wav,fake,1,indicsynth,2.67,16000,1,85608,2440917038a89e91...
ai_indicsynth_0022.wav,fake/ai_indicsynth_0022.wav,fake,1,indicsynth,2.61,16000,1,83596,fa693617c01ef2c1...
ai_indicsynth_0023.wav,fake/ai_indicsynth_0023.wav,fake,1,indicsynth,2.78,16000,1,88980,6433f8a68b0cf845...
ai_indicsynth_0024.wav,fake/ai_indicsynth_0024.wav,fake,1,indicsynth,2.9,16000,1,92726,c12ea6d03bb4662f...
ai_indicsynth_0025.wav,fake/ai_indicsynth_0025.wav,fake,1,indicsynth,3.11,16000,1,99426,0aafbd8be7c07681...
ai_indicsynth_0026.wav,fake/ai_indicsynth_0026.wav,fake,1,indicsynth,2.73,16000,1,87392,28d931b58ca0b459...
ai_indicsynth_0027.wav,fake/ai_indicsynth_0027.wav,fake,1,indicsynth,2.71,16000,1,86772,1108effd5fb160f7...
ai_indicsynth_0028.wav,fake/ai_indicsynth_0028.wav,fake,1,indicsynth,2.55,16000,1,81630,1c01797237231179...
ai_indicsynth_0029.wav,fake/ai_indicsynth_0029.wav,fake,1,indicsynth,2.0,16000,1,64048,c916750f1dd5c88a...
ai_indicsynth_0030.wav,fake/ai_indicsynth_0030.wav,fake,1,indicsynth,2.93,16000,1,93738,9525919441539d29...
ai_indicsynth_0031.wav,fake/ai_indicsynth_0031.wav,fake,1,indicsynth,3.12,16000,1,99864,12b1919e0a2249a6...
ai_indicsynth_0032.wav,fake/ai_indicsynth_0032.wav,fake,1,indicsynth,2.08,16000,1,66444,df5df3bac7cd4611...
ai_indicsynth_0033.wav,fake/ai_indicsynth_0033.wav,fake,1,indicsynth,2.9,16000,1,92716,ed39e647361c7baf...
ai_indicsynth_0034.wav,fake/ai_indicsynth_0034.wav,fake,1,indicsynth,2.97,16000,1,95040,79b2f88057967326...
ai_indicsynth_0035.wav,fake/ai_indicsynth_0035.wav,fake,1,indicsynth,2.11,16000,1,67646,f8309817a3d53b15...
ai_indicsynth_0036.wav,fake/ai_indicsynth_0036.wav,fake,1,indicsynth,2.19,16000,1,70132,c753ad5d8be616cf...
ai_indicsynth_0037.wav,fake/ai_indicsynth_0037.wav,fake,1,indicsynth,3.08,16000,1,98502,e6e1cd84f16e9af8...
ai_indicsynth_0038.wav,fake/ai_indicsynth_0038.wav,fake,1,indicsynth,2.98,16000,1,95402,c49fe46aefe4de62...
ai_indicsynth_0039.wav,fake/ai_indicsynth_0039.wav,fake,1,indicsynth,2.81,16000,1,89824,e490cf2f4d07b609...
ai_indicsynth_0040.wav,fake/ai_indicsynth_0040.wav,fake,1,indicsynth,2.76,16000,1,88486,bd6ae42fda6f3041...
ai_indicsynth_0041.wav,fake/ai_indicsynth_0041.wav,fake,1,indicsynth,2.02,16000,1,64562,c12952c7c662aada...
ai_indicsynth_0042.wav,fake/ai_indicsynth_0042.wav,fake,1,indicsynth,2.48,16000,1,79384,cef96feb86b5cfbb...
ai_indicsynth_0043.wav,fake/ai_indicsynth_0043.wav,fake,1,indicsynth,2.16,16000,1,69018,29c52b85c0afe43a...
ai_indicsynth_0044.wav,fake/ai_indicsynth_0044.wav,fake,1,indicsynth,2.25,16000,1,72174,6363dc0cfc47ea79...
ai_indicsynth_0045.wav,fake/ai_indicsynth_0045.wav,fake,1,indicsynth,3.1,16000,1,99092,f706eb7c0bcc6180...
ai_indicsynth_0046.wav,fake/ai_indicsynth_0046.wav,fake,1,indicsynth,2.16,16000,1,69122,74cab4e71b713c87...
ai_indicsynth_0047.wav,fake/ai_indicsynth_0047.wav,fake,1,indicsynth,2.55,16000,1,81624,54bb9a292aa65ce5...
ai_indicsynth_0048.wav,fake/ai_indicsynth_0048.wav,fake,1,indicsynth,2.65,16000,1,84920,f2f5eb852f8a41b7...
ai_indicsynth_0049.wav,fake/ai_indicsynth_0049.wav,fake,1,indicsynth,2.55,16000,1,81630,1c01797237231179...
ai_indicsynth_0050.wav,fake/ai_indicsynth_0050.wav,fake,1,indicsynth,2.36,16000,1,75410,471d34c784eb41cd...
ai_zeroshot_0001.wav,fake/ai_zeroshot_0001.wav,fake,1,zeroshot,2.32,16000,1,74220,cdb0abc84df092a4...
ai_zeroshot_0002.wav,fake/ai_zeroshot_0002.wav,fake,1,zeroshot,3.06,16000,1,97988,b971d6c05fb3a44b...
ai_zeroshot_0003.wav,fake/ai_zeroshot_0003.wav,fake,1,zeroshot,3.1,16000,1,99320,f1f13511a0060467...
ai_zeroshot_0004.wav,fake/ai_zeroshot_0004.wav,fake,1,zeroshot,2.73,16000,1,87398,fddb3ee8fef9aa2a...
ai_zeroshot_0005.wav,fake/ai_zeroshot_0005.wav,fake,1,zeroshot,2.18,16000,1,69876,b559da4a06c2e181...
ai_zeroshot_0006.wav,fake/ai_zeroshot_0006.wav,fake,1,zeroshot,2.14,16000,1,68450,6fd565c1bf75d9d9...
ai_zeroshot_0007.wav,fake/ai_zeroshot_0007.wav,fake,1,zeroshot,2.47,16000,1,79004,81b7ca4ca46feb57...
ai_zeroshot_0008.wav,fake/ai_zeroshot_0008.wav,fake,1,zeroshot,2.98,16000,1,95542,c2596132e74482a7...
ai_zeroshot_0009.wav,fake/ai_zeroshot_0009.wav,fake,1,zeroshot,2.32,16000,1,74306,a4a80a570c0bf416...
ai_zeroshot_0010.wav,fake/ai_zeroshot_0010.wav,fake,1,zeroshot,3.07,16000,1,98276,e649544725866b64...
ai_zeroshot_0011.wav,fake/ai_zeroshot_0011.wav,fake,1,zeroshot,2.77,16000,1,88554,02523b839721ee77...
ai_zeroshot_0012.wav,fake/ai_zeroshot_0012.wav,fake,1,zeroshot,2.21,16000,1,70872,8586636d6868b2f5...
ai_zeroshot_0013.wav,fake/ai_zeroshot_0013.wav,fake,1,zeroshot,2.15,16000,1,68814,b74074a1a58f9c08...
ai_zeroshot_0014.wav,fake/ai_zeroshot_0014.wav,fake,1,zeroshot,2.58,16000,1,82712,63c235da330de315...
ai_zeroshot_0015.wav,fake/ai_zeroshot_0015.wav,fake,1,zeroshot,2.06,16000,1,65944,50f954f86ccd3f0f...
ai_zeroshot_0016.wav,fake/ai_zeroshot_0016.wav,fake,1,zeroshot,2.11,16000,1,67480,b933c0cd795cdcb2...
ai_zeroshot_0017.wav,fake/ai_zeroshot_0017.wav,fake,1,zeroshot,2.11,16000,1,67412,beb446be22b39610...
ai_zeroshot_0018.wav,fake/ai_zeroshot_0018.wav,fake,1,zeroshot,2.85,16000,1,91274,a18ffb5c7f295137...
ai_zeroshot_0019.wav,fake/ai_zeroshot_0019.wav,fake,1,zeroshot,2.52,16000,1,80630,9c5125bbc233b4aa...
ai_zeroshot_0020.wav,fake/ai_zeroshot_0020.wav,fake,1,zeroshot,3.07,16000,1,98374,46ef3c2d16031a97...
ai_zeroshot_0021.wav,fake/ai_zeroshot_0021.wav,fake,1,zeroshot,2.89,16000,1,92458,94f60b9393348048...
ai_zeroshot_0022.wav,fake/ai_zeroshot_0022.wav,fake,1,zeroshot,2.38,16000,1,76162,3ac1dd66d9d995a5...
ai_zeroshot_0023.wav,fake/ai_zeroshot_0023.wav,fake,1,zeroshot,2.62,16000,1,83812,92c2bda0fae9c151...
ai_zeroshot_0024.wav,fake/ai_zeroshot_0024.wav,fake,1,zeroshot,2.86,16000,1,91642,f2087d1685297881...
ai_zeroshot_0025.wav,fake/ai_zeroshot_0025.wav,fake,1,zeroshot,3.09,16000,1,98888,05b935057f767adf...
ai_zeroshot_0026.wav,fake/ai_zeroshot_0026.wav,fake,1,zeroshot,3.06,16000,1,97822,cb1ba80c028fe02f...
ai_zeroshot_0027.wav,fake/ai_zeroshot_0027.wav,fake,1,zeroshot,3.1,16000,1,99354,8d1c3b7c93bcc2a7...
ai_zeroshot_0028.wav,fake/ai_zeroshot_0028.wav,fake,1,zeroshot,2.65,16000,1,84836,426149fbc633cacf...
ai_zeroshot_0029.wav,fake/ai_zeroshot_0029.wav,fake,1,zeroshot,2.74,16000,1,87826,84384e9659978bd6...
ai_zeroshot_0030.wav,fake/ai_zeroshot_0030.wav,fake,1,zeroshot,2.91,16000,1,93132,326e7117384c4dd0...
ai_zeroshot_0031.wav,fake/ai_zeroshot_0031.wav,fake,1,zeroshot,2.25,16000,1,71920,f63c6c5c012279cd...
ai_zeroshot_0032.wav,fake/ai_zeroshot_0032.wav,fake,1,zeroshot,2.43,16000,1,77686,46129c7f8c67525e...
ai_zeroshot_0033.wav,fake/ai_zeroshot_0033.wav,fake,1,zeroshot,2.45,16000,1,78476,6761f4bf61e1ac4a...
ai_zeroshot_0034.wav,fake/ai_zeroshot_0034.wav,fake,1,zeroshot,2.97,16000,1,95004,34d9492525d73d4f...
ai_zeroshot_0035.wav,fake/ai_zeroshot_0035.wav,fake,1,zeroshot,2.2,16000,1,70464,615a200a4f290da4...
ai_zeroshot_0036.wav,fake/ai_zeroshot_0036.wav,fake,1,zeroshot,3.14,16000,1,100418,68a77f5c371fb9cf...
ai_zeroshot_0037.wav,fake/ai_zeroshot_0037.wav,fake,1,zeroshot,2.0,16000,1,64098,8f771db08f34df83...
ai_zeroshot_0038.wav,fake/ai_zeroshot_0038.wav,fake,1,zeroshot,2.48,16000,1,79426,d4c86883e0d02c2f...
ai_zeroshot_0039.wav,fake/ai_zeroshot_0039.wav,fake,1,zeroshot,2.67,16000,1,85424,40c5e4b671e8d974...
ai_zeroshot_0040.wav,fake/ai_zeroshot_0040.wav,fake,1,zeroshot,2.23,16000,1,71452,5032dc368e8aa3d7...
ai_zeroshot_0041.wav,fake/ai_zeroshot_0041.wav,fake,1,zeroshot,2.89,16000,1,92380,c2eef0fe52211a22...
ai_zeroshot_0042.wav,fake/ai_zeroshot_0042.wav,fake,1,zeroshot,2.71,16000,1,86704,5bbdda7bbf91c6a2...
ai_zeroshot_0043.wav,fake/ai_zeroshot_0043.wav,fake,1,zeroshot,2.02,16000,1,64618,90a8548278908f3a...
ai_zeroshot_0044.wav,fake/ai_zeroshot_0044.wav,fake,1,zeroshot,2.23,16000,1,71516,15e600efcfccc1cb...
ai_zeroshot_0045.wav,fake/ai_zeroshot_0045.wav,fake,1,zeroshot,2.79,16000,1,89392,e0fa839f1f39760b...
ai_zeroshot_0046.wav,fake/ai_zeroshot_0046.wav,fake,1,zeroshot,2.04,16000,1,65248,2a55651c4dbe3e74...
ai_zeroshot_0047.wav,fake/ai_zeroshot_0047.wav,fake,1,zeroshot,2.05,16000,1,65702,039c136a1e171431...
ai_zeroshot_0048.wav,fake/ai_zeroshot_0048.wav,fake,1,zeroshot,2.58,16000,1,82600,dbdc15874d6c9f37...
ai_zeroshot_0049.wav,fake/ai_zeroshot_0049.wav,fake,1,zeroshot,2.83,16000,1,90520,33d16087da7b64ef...
ai_zeroshot_0050.wav,fake/ai_zeroshot_0050.wav,fake,1,zeroshot,2.33,16000,1,74742,868b43c35a4f74a4...
flashspeech_00551_0.wav,fake/flashspeech_00551_0.wav,fake,1,flashspeech,8.76,16000,1,280444,ff675ef3ad0afb34...
flashspeech_00552_1.wav,fake/flashspeech_00552_1.wav,fake,1,flashspeech,5.41,16000,1,173244,f1fc18090a17820f...
flashspeech_00553_10.wav,fake/flashspeech_00553_10.wav,fake,1,flashspeech,17.57,16000,1,562444,88607be226fc77ef...
flashspeech_00554_100.wav,fake/flashspeech_00554_100.wav,fake,1,flashspeech,12.33,22050,1,543578,7aa1fd0981364959...
flashspeech_00555_101.wav,fake/flashspeech_00555_101.wav,fake,1,flashspeech,10.66,22050,1,470262,3b1fa6d66724ccc7...
flashspeech_00556_102.wav,fake/flashspeech_00556_102.wav,fake,1,flashspeech,9.35,22050,1,412380,6d6c98fff1550291...
flashspeech_00557_103.wav,fake/flashspeech_00557_103.wav,fake,1,flashspeech,13.15,22050,1,579960,83c3247d3b5c1486...
flashspeech_00558_104.wav,fake/flashspeech_00558_104.wav,fake,1,flashspeech,8.1,22050,1,357254,0a40b49308f6aaba...
flashspeech_00559_105.wav,fake/flashspeech_00559_105.wav,fake,1,flashspeech,12.13,22050,1,534758,f4c168cc4b23c52a...
flashspeech_00560_106.wav,fake/flashspeech_00560_106.wav,fake,1,flashspeech,8.21,22050,1,362216,d0350da65f21f86d...
flashspeech_00561_107.wav,fake/flashspeech_00561_107.wav,fake,1,flashspeech,10.11,22050,1,446006,5e67e6c46a9c6990...
flashspeech_00562_108.wav,fake/flashspeech_00562_108.wav,fake,1,flashspeech,7.99,22050,1,352294,b448fa3d87daed5d...
flashspeech_00563_109.wav,fake/flashspeech_00563_109.wav,fake,1,flashspeech,12.75,22050,1,562320,46c9bbd0ac55e4b3...
flashspeech_00564_11.wav,fake/flashspeech_00564_11.wav,fake,1,flashspeech,5.99,16000,1,191644,a55c4b2b5b2d4cef...
flashspeech_00565_110.wav,fake/flashspeech_00565_110.wav,fake,1,flashspeech,3.89,16000,1,124444,beccfb4c1044c8d6...
flashspeech_00566_111.wav,fake/flashspeech_00566_111.wav,fake,1,flashspeech,3.04,16000,1,97244,b7a7ad5a919ec386...
flashspeech_00567_112.wav,fake/flashspeech_00567_112.wav,fake,1,flashspeech,2.74,16000,1,87644,05fe26d625fd7074...
flashspeech_00568_113.wav,fake/flashspeech_00568_113.wav,fake,1,flashspeech,2.98,16000,1,95244,e7947d728c77b8a7...
flashspeech_00569_114.wav,fake/flashspeech_00569_114.wav,fake,1,flashspeech,3.89,16000,1,124444,26cbb55fb7f5dbb0...
flashspeech_00570_115.wav,fake/flashspeech_00570_115.wav,fake,1,flashspeech,4.42,16000,1,141644,652ea0b9cf6eec6d...
flashspeech_00571_116.wav,fake/flashspeech_00571_116.wav,fake,1,flashspeech,4.46,16000,1,142844,4a4104212deb4949...
flashspeech_00572_117.wav,fake/flashspeech_00572_117.wav,fake,1,flashspeech,3.19,16000,1,102044,dbe556cec864413e...
flashspeech_00573_12.wav,fake/flashspeech_00573_12.wav,fake,1,flashspeech,11.34,16000,1,362844,b09c63de8478952a...
flashspeech_00574_13.wav,fake/flashspeech_00574_13.wav,fake,1,flashspeech,4.38,16000,1,140044,40db784896e71d6b...
flashspeech_00575_14.wav,fake/flashspeech_00575_14.wav,fake,1,flashspeech,4.41,16000,1,141244,13ce4fc8503e1068...
flashspeech_00576_15.wav,fake/flashspeech_00576_15.wav,fake,1,flashspeech,8.82,16000,1,282444,03cf785acf7dccbb...
flashspeech_00577_16.wav,fake/flashspeech_00577_16.wav,fake,1,flashspeech,5.71,16000,1,182844,5e6ccf15c08ac5af...
flashspeech_00578_17.wav,fake/flashspeech_00578_17.wav,fake,1,flashspeech,3.67,16000,1,117644,f679859089df418f...
flashspeech_00579_18.wav,fake/flashspeech_00579_18.wav,fake,1,flashspeech,5.52,16000,1,176618,ebd81b6421de1ea1...
flashspeech_00580_19.wav,fake/flashspeech_00580_19.wav,fake,1,flashspeech,8.76,16000,1,280444,6038346180b01dc0...
flashspeech_00581_2.wav,fake/flashspeech_00581_2.wav,fake,1,flashspeech,6.26,16000,1,200444,a95b666e492c705b...
flashspeech_00582_20.wav,fake/flashspeech_00582_20.wav,fake,1,flashspeech,5.25,16000,1,168044,b5568098c380007c...
flashspeech_00583_21.wav,fake/flashspeech_00583_21.wav,fake,1,flashspeech,6.11,16000,1,195644,eba1edb758c92f7a...
flashspeech_00584_22.wav,fake/flashspeech_00584_22.wav,fake,1,flashspeech,8.54,16000,1,273244,210782a3a28ae2ea...
flashspeech_00585_23.wav,fake/flashspeech_00585_23.wav,fake,1,flashspeech,8.0,16000,1,256044,0ecb2fb8cd9957e5...
flashspeech_00586_24.wav,fake/flashspeech_00586_24.wav,fake,1,flashspeech,4.81,16000,1,154044,bc5b1ba5539c5528...
flashspeech_00587_25.wav,fake/flashspeech_00587_25.wav,fake,1,flashspeech,9.24,16000,1,295644,255d0e2184f1ccb9...
flashspeech_00588_26.wav,fake/flashspeech_00588_26.wav,fake,1,flashspeech,5.54,16000,1,177244,d6cd2c7758823fa7...
flashspeech_00589_27.wav,fake/flashspeech_00589_27.wav,fake,1,flashspeech,6.86,16000,1,219644,c9079b0be7d6594a...
flashspeech_00590_28.wav,fake/flashspeech_00590_28.wav,fake,1,flashspeech,5.14,16000,1,164444,5d8260dc36f6d63a...
flashspeech_00591_29.wav,fake/flashspeech_00591_29.wav,fake,1,flashspeech,18.27,16000,1,584844,ff306ad4be2d14d1...
flashspeech_00592_3.wav,fake/flashspeech_00592_3.wav,fake,1,flashspeech,8.64,16000,1,276444,16863dd642b150b2...
flashspeech_00593_30.wav,fake/flashspeech_00593_30.wav,fake,1,flashspeech,5.85,16000,1,187244,6d3823bc248cb52f...
flashspeech_00594_31.wav,fake/flashspeech_00594_31.wav,fake,1,flashspeech,11.54,16000,1,369244,f25d9754fd0a82eb...
flashspeech_00595_32.wav,fake/flashspeech_00595_32.wav,fake,1,flashspeech,4.54,16000,1,145244,af9ed118f97f1337...
flashspeech_00596_33.wav,fake/flashspeech_00596_33.wav,fake,1,flashspeech,4.3,16000,1,137644,6185984bb8802c02...
flashspeech_00597_34.wav,fake/flashspeech_00597_34.wav,fake,1,flashspeech,8.96,16000,1,286844,bbedeb79531fece2...
flashspeech_00598_35.wav,fake/flashspeech_00598_35.wav,fake,1,flashspeech,9.01,16000,1,288444,277338a0413b4869...
flashspeech_00599_36.wav,fake/flashspeech_00599_36.wav,fake,1,flashspeech,5.24,16000,1,167644,ce62d13b51a89dd7...
flashspeech_00600_37.wav,fake/flashspeech_00600_37.wav,fake,1,flashspeech,6.78,16000,1,216844,737bf1e4bcdba1c6...
flashspeech_00601_38.wav,fake/flashspeech_00601_38.wav,fake,1,flashspeech,8.54,16000,1,273244,0a6981c3f9eb5ccb...
flashspeech_00602_39.wav,fake/flashspeech_00602_39.wav,fake,1,flashspeech,7.26,16000,1,232444,1bc016b932d97628...
flashspeech_00603_4.wav,fake/flashspeech_00603_4.wav,fake,1,flashspeech,7.46,16000,1,238844,2db90d5ed38ea1e0...
flashspeech_00604_40.wav,fake/flashspeech_00604_40.wav,fake,1,flashspeech,5.33,16000,1,170444,5ef7030c28d43423...
flashspeech_00605_41.wav,fake/flashspeech_00605_41.wav,fake,1,flashspeech,9.74,16000,1,311644,27a6e688d483b029...
flashspeech_00606_42.wav,fake/flashspeech_00606_42.wav,fake,1,flashspeech,5.64,16000,1,180444,3b816319c8e36b5e...
flashspeech_00607_43.wav,fake/flashspeech_00607_43.wav,fake,1,flashspeech,6.55,16000,1,209644,9af41bec3d58d467...
flashspeech_00608_44.wav,fake/flashspeech_00608_44.wav,fake,1,flashspeech,4.72,16000,1,151244,6d075adae8515b89...
flashspeech_00609_45.wav,fake/flashspeech_00609_45.wav,fake,1,flashspeech,17.93,16000,1,573644,43a7ba06bbdf5faf...
flashspeech_00610_46.wav,fake/flashspeech_00610_46.wav,fake,1,flashspeech,5.95,16000,1,190444,23e10914e10cbde3...
flashspeech_00611_47.wav,fake/flashspeech_00611_47.wav,fake,1,flashspeech,11.7,16000,1,374444,8a36eb9a8cfb0d38...
flashspeech_00612_48.wav,fake/flashspeech_00612_48.wav,fake,1,flashspeech,4.49,16000,1,143644,ff9f2c66299c128a...
flashspeech_00613_49.wav,fake/flashspeech_00613_49.wav,fake,1,flashspeech,3.99,16000,1,127644,6a696553d6298dcf...
flashspeech_00614_5.wav,fake/flashspeech_00614_5.wav,fake,1,flashspeech,4.72,16000,1,151244,36b7137cf3dd86ba...
flashspeech_00615_50.wav,fake/flashspeech_00615_50.wav,fake,1,flashspeech,8.91,16000,1,285244,db45765171553695...
flashspeech_00616_51.wav,fake/flashspeech_00616_51.wav,fake,1,flashspeech,9.79,16000,1,313244,af765752afa99992...
flashspeech_00617_52.wav,fake/flashspeech_00617_52.wav,fake,1,flashspeech,5.41,16000,1,173244,298c4233ce533bae...
flashspeech_00618_53.wav,fake/flashspeech_00618_53.wav,fake,1,flashspeech,6.25,16000,1,200044,3db7867503a08b41...
flashspeech_00619_54.wav,fake/flashspeech_00619_54.wav,fake,1,flashspeech,8.31,16000,1,266044,bc48439774730b84...
flashspeech_00620_55.wav,fake/flashspeech_00620_55.wav,fake,1,flashspeech,8.35,16000,1,267244,fa31c45fdbc265e1...
flashspeech_00621_56.wav,fake/flashspeech_00621_56.wav,fake,1,flashspeech,5.05,16000,1,161644,76ac06f56291bb90...
flashspeech_00622_57.wav,fake/flashspeech_00622_57.wav,fake,1,flashspeech,9.46,16000,1,302844,ed7478ae0d52ff56...
flashspeech_00623_58.wav,fake/flashspeech_00623_58.wav,fake,1,flashspeech,5.65,16000,1,180844,fd79454adc75d966...
flashspeech_00624_59.wav,fake/flashspeech_00624_59.wav,fake,1,flashspeech,7.46,16000,1,238844,c390727a6b660139...
flashspeech_00625_6.wav,fake/flashspeech_00625_6.wav,fake,1,flashspeech,9.7,16000,1,310444,7aa5843eacdd90de...
flashspeech_00626_60.wav,fake/flashspeech_00626_60.wav,fake,1,flashspeech,4.97,16000,1,159244,d140b9cd89801dd3...
flashspeech_00627_61.wav,fake/flashspeech_00627_61.wav,fake,1,flashspeech,18.55,16000,1,593644,cced088c1f18f5d7...
flashspeech_00628_62.wav,fake/flashspeech_00628_62.wav,fake,1,flashspeech,5.78,16000,1,184844,ff5ceaeab65e3103...
flashspeech_00629_63.wav,fake/flashspeech_00629_63.wav,fake,1,flashspeech,11.18,16000,1,357644,1624ddbd0959d9c9...
flashspeech_00630_64.wav,fake/flashspeech_00630_64.wav,fake,1,flashspeech,4.76,16000,1,152444,6f965436913250f4...
flashspeech_00631_65.wav,fake/flashspeech_00631_65.wav,fake,1,flashspeech,4.7,16000,1,150444,24e86cbb287b0443...
flashspeech_00632_66.wav,fake/flashspeech_00632_66.wav,fake,1,flashspeech,9.1,16000,1,291244,3997c6d8e41f4bdd...
flashspeech_00633_67.wav,fake/flashspeech_00633_67.wav,fake,1,flashspeech,3.71,16000,1,118844,b4ae19aa5b01e683...
flashspeech_00634_68.wav,fake/flashspeech_00634_68.wav,fake,1,flashspeech,4.45,16000,1,142444,e0546f883312bcc8...
flashspeech_00635_69.wav,fake/flashspeech_00635_69.wav,fake,1,flashspeech,3.65,16000,1,116844,9a044c3f7bd2bee1...
flashspeech_00636_7.wav,fake/flashspeech_00636_7.wav,fake,1,flashspeech,5.29,16000,1,169244,467857c53d58bbd9...
flashspeech_00637_70.wav,fake/flashspeech_00637_70.wav,fake,1,flashspeech,4.16,16000,1,133244,55a715fd241ea355...
flashspeech_00638_71.wav,fake/flashspeech_00638_71.wav,fake,1,flashspeech,5.84,16000,1,186844,cd6ec93b7ce980a8...
flashspeech_00639_72.wav,fake/flashspeech_00639_72.wav,fake,1,flashspeech,9.73,22050,1,428918,28499c6a71da3849...
flashspeech_00640_73.wav,fake/flashspeech_00640_73.wav,fake,1,flashspeech,8.4,22050,1,370484,ea709d758c6f5fd5...
flashspeech_00641_74.wav,fake/flashspeech_00641_74.wav,fake,1,flashspeech,5.0,22050,1,220544,d8e3f85e8db2e6fb...
flashspeech_00642_75.wav,fake/flashspeech_00642_75.wav,fake,1,flashspeech,3.89,22050,1,171484,3de3ffa3876c3bba...
flashspeech_00643_76.wav,fake/flashspeech_00643_76.wav,fake,1,flashspeech,8.35,22050,1,368280,f2028f6a077dc459...
flashspeech_00644_77.wav,fake/flashspeech_00644_77.wav,fake,1,flashspeech,4.84,22050,1,213378,1e0370d69a96fad4...
flashspeech_00645_78.wav,fake/flashspeech_00645_78.wav,fake,1,flashspeech,9.31,22050,1,410726,4c6e9372b4a9fb21...
flashspeech_00646_79.wav,fake/flashspeech_00646_79.wav,fake,1,flashspeech,5.71,22050,1,251966,7e402cdb43857078...
flashspeech_00647_8.wav,fake/flashspeech_00647_8.wav,fake,1,flashspeech,6.99,16000,1,223644,02895b0139cbd98b...
flashspeech_00648_80.wav,fake/flashspeech_00648_80.wav,fake,1,flashspeech,8.53,22050,1,375998,36baf9d3bd8145ca...
flashspeech_00649_81.wav,fake/flashspeech_00649_81.wav,fake,1,flashspeech,6.08,22050,1,267952,17e9aeb90169ea8b...
flashspeech_00650_82.wav,fake/flashspeech_00650_82.wav,fake,1,flashspeech,5.13,22050,1,226058,65d02e21f2260f47...
flashspeech_00651_83.wav,fake/flashspeech_00651_83.wav,fake,1,flashspeech,13.36,22050,1,589332,aee3724188746f33...
flashspeech_00652_84.wav,fake/flashspeech_00652_84.wav,fake,1,flashspeech,3.95,22050,1,174240,6030dd2ae48d4488...
flashspeech_00653_85.wav,fake/flashspeech_00653_85.wav,fake,1,flashspeech,10.38,22050,1,457582,2941525be5607ff3...
flashspeech_00654_86.wav,fake/flashspeech_00654_86.wav,fake,1,flashspeech,12.54,22050,1,552948,20fa29190aa18e19...
flashspeech_00655_87.wav,fake/flashspeech_00655_87.wav,fake,1,flashspeech,6.14,22050,1,270708,b3a52308bffc81ce...
flashspeech_00656_88.wav,fake/flashspeech_00656_88.wav,fake,1,flashspeech,8.28,22050,1,364972,e65b3a2f45d011ca...
flashspeech_00657_89.wav,fake/flashspeech_00657_89.wav,fake,1,flashspeech,10.68,22050,1,470812,a8a34741438bdfb9...
flashspeech_00658_9.wav,fake/flashspeech_00658_9.wav,fake,1,flashspeech,4.8,16000,1,153644,40dbbf1c5f7eba67...
flashspeech_00659_90.wav,fake/flashspeech_00659_90.wav,fake,1,flashspeech,17.08,22050,1,753052,ab59e16833618a45...
flashspeech_00660_91.wav,fake/flashspeech_00660_91.wav,fake,1,flashspeech,15.96,22050,1,703992,08493bea40430a23...
flashspeech_00661_92.wav,fake/flashspeech_00661_92.wav,fake,1,flashspeech,7.51,22050,1,331346,aabdbd585f218692...
flashspeech_00662_93.wav,fake/flashspeech_00662_93.wav,fake,1,flashspeech,17.21,22050,1,759116,0a289b33da0b7035...
flashspeech_00663_94.wav,fake/flashspeech_00663_94.wav,fake,1,flashspeech,9.34,22050,1,411828,0407faa8f67d87c1...
flashspeech_00664_95.wav,fake/flashspeech_00664_95.wav,fake,1,flashspeech,9.11,22050,1,401906,9a6c1fc179fc6e41...
flashspeech_00665_96.wav,fake/flashspeech_00665_96.wav,fake,1,flashspeech,15.74,22050,1,694068,a082dc80450a5e55...
flashspeech_00666_97.wav,fake/flashspeech_00666_97.wav,fake,1,flashspeech,11.98,22050,1,528142,fa74a436788e5c9a...
flashspeech_00667_98.wav,fake/flashspeech_00667_98.wav,fake,1,flashspeech,7.79,22050,1,343474,de7f849b83671745...
flashspeech_00668_99.wav,fake/flashspeech_00668_99.wav,fake,1,flashspeech,14.74,22050,1,649968,78aef5fdac0b9912...
local_fake_00001_fake_tts_0001.wav,fake/local_fake_00001_fake_tts_0001.wav,fake,1,local,3.2,16000,1,102436,cf22bb47e511890d...
local_fake_00002_fake_tts_0004.wav,fake/local_fake_00002_fake_tts_0004.wav,fake,1,local,2.05,16000,1,65594,b3721aa24f82de13...
local_fake_00003_fake_tts_0007.wav,fake/local_fake_00003_fake_tts_0007.wav,fake,1,local,2.04,16000,1,65318,9128b35bc3d2636a...
local_fake_00004_fake_tts_0010.wav,fake/local_fake_00004_fake_tts_0010.wav,fake,1,local,2.83,16000,1,90750,cf7cf9973321c61a...
local_fake_00005_fake_tts_0013.wav,fake/local_fake_00005_fake_tts_0013.wav,fake,1,local,2.38,16000,1,76196,a75d4eb6bf179872...
local_fake_00006_fake_tts_0016.wav,fake/local_fake_00006_fake_tts_0016.wav,fake,1,local,2.03,16000,1,65078,3c51789742deb016...
local_fake_00007_fake_tts_0019.wav,fake/local_fake_00007_fake_tts_0019.wav,fake,1,local,2.81,16000,1,90056,32f9093ffde19a10...
local_fake_00008_fake_tts_0022.wav,fake/local_fake_00008_fake_tts_0022.wav,fake,1,local,2.52,16000,1,80606,129cac4b9790875c...
local_fake_00009_fake_tts_0025.wav,fake/local_fake_00009_fake_tts_0025.wav,fake,1,local,3.0,16000,1,96198,33909617eef90e44...
local_fake_00010_fake_tts_0028.wav,fake/local_fake_00010_fake_tts_0028.wav,fake,1,local,2.09,16000,1,66782,4d103cc9cdfba1a3...
local_fake_00011_fake_tts_0031.wav,fake/local_fake_00011_fake_tts_0031.wav,fake,1,local,2.54,16000,1,81428,d2a878a26e0f3703...
local_fake_00012_fake_tts_0034.wav,fake/local_fake_00012_fake_tts_0034.wav,fake,1,local,2.37,16000,1,75744,b20ae7e5e2301802...
local_fake_00013_fake_tts_0037.wav,fake/local_fake_00013_fake_tts_0037.wav,fake,1,local,3.44,16000,1,110004,0524ae51195b2430...
local_fake_00014_fake_tts_0040.wav,fake/local_fake_00014_fake_tts_0040.wav,fake,1,local,2.56,16000,1,81882,91b3850d5d3ada3f...
local_fake_00015_fake_vocoder_phase_0002.wav,fake/local_fake_00015_fake_vocoder_phase_0002.wav,fake,1,local,2.78,16000,1,89120,23c6c5c323f14b5d...
local_fake_00016_fake_vocoder_phase_0005.wav,fake/local_fake_00016_fake_vocoder_phase_0005.wav,fake,1,local,2.16,16000,1,69258,031b08f303750226...
local_fake_00017_fake_vocoder_phase_0008.wav,fake/local_fake_00017_fake_vocoder_phase_0008.wav,fake,1,local,2.93,16000,1,93916,fe41074187e05486...
local_fake_00018_fake_vocoder_phase_0011.wav,fake/local_fake_00018_fake_vocoder_phase_0011.wav,fake,1,local,2.88,16000,1,92158,186726795969d9e8...
local_fake_00019_fake_vocoder_phase_0014.wav,fake/local_fake_00019_fake_vocoder_phase_0014.wav,fake,1,local,2.93,16000,1,93682,21d58020f57a8f2a...
local_fake_00020_fake_vocoder_phase_0017.wav,fake/local_fake_00020_fake_vocoder_phase_0017.wav,fake,1,local,2.18,16000,1,69764,2568bdceb396c45e...
local_fake_00021_fake_vocoder_phase_0020.wav,fake/local_fake_00021_fake_vocoder_phase_0020.wav,fake,1,local,3.35,16000,1,107298,c9f74c49bea67ad0...
local_fake_00022_fake_vocoder_phase_0023.wav,fake/local_fake_00022_fake_vocoder_phase_0023.wav,fake,1,local,3.07,16000,1,98402,a9d282d75f8b3126...
local_fake_00023_fake_vocoder_phase_0026.wav,fake/local_fake_00023_fake_vocoder_phase_0026.wav,fake,1,local,2.76,16000,1,88494,a3496c9013fec261...
local_fake_00024_fake_vocoder_phase_0029.wav,fake/local_fake_00024_fake_vocoder_phase_0029.wav,fake,1,local,2.35,16000,1,75110,109aaabd8c7ff85f...
local_fake_00025_fake_vocoder_phase_0032.wav,fake/local_fake_00025_fake_vocoder_phase_0032.wav,fake,1,local,3.23,16000,1,103486,8bdbad9390383555...
local_fake_00026_fake_vocoder_phase_0035.wav,fake/local_fake_00026_fake_vocoder_phase_0035.wav,fake,1,local,2.09,16000,1,66788,edc6f813f1fcac79...
local_fake_00027_fake_vocoder_phase_0038.wav,fake/local_fake_00027_fake_vocoder_phase_0038.wav,fake,1,local,3.24,16000,1,103710,2bf745a71747edee...
local_fake_00028_fake_voice_conversion_0003.wav,fake/local_fake_00028_fake_voice_conversion_0003.wav,fake,1,local,3.11,16000,1,99644,38b472201ec09b10...
local_fake_00029_fake_voice_conversion_0006.wav,fake/local_fake_00029_fake_voice_conversion_0006.wav,fake,1,local,2.24,16000,1,71674,e91877374ed7213a...
local_fake_00030_fake_voice_conversion_0009.wav,fake/local_fake_00030_fake_voice_conversion_0009.wav,fake,1,local,3.27,16000,1,104718,04afadfcda652e8b...
local_fake_00031_fake_voice_conversion_0012.wav,fake/local_fake_00031_fake_voice_conversion_0012.wav,fake,1,local,2.05,16000,1,65750,a112d9e6e4075dc3...
local_fake_00032_fake_voice_conversion_0015.wav,fake/local_fake_00032_fake_voice_conversion_0015.wav,fake,1,local,3.48,16000,1,111514,b35236f898f77c0b...
local_fake_00033_fake_voice_conversion_0018.wav,fake/local_fake_00033_fake_voice_conversion_0018.wav,fake,1,local,3.45,16000,1,110466,137ac3b6283ddd87...
local_fake_00034_fake_voice_conversion_0021.wav,fake/local_fake_00034_fake_voice_conversion_0021.wav,fake,1,local,2.84,16000,1,90826,4c3698aeb843277e...
local_fake_00035_fake_voice_conversion_0024.wav,fake/local_fake_00035_fake_voice_conversion_0024.wav,fake,1,local,2.89,16000,1,92526,facdcce3536eb771...
local_fake_00036_fake_voice_conversion_0027.wav,fake/local_fake_00036_fake_voice_conversion_0027.wav,fake,1,local,2.75,16000,1,88094,e9b2fc3f2b711b6e...
local_fake_00037_fake_voice_conversion_0030.wav,fake/local_fake_00037_fake_voice_conversion_0030.wav,fake,1,local,2.22,16000,1,71192,efd85b6fde4738ed...
local_fake_00038_fake_voice_conversion_0033.wav,fake/local_fake_00038_fake_voice_conversion_0033.wav,fake,1,local,3.23,16000,1,103254,4008adf1fb21f826...
local_fake_00039_fake_voice_conversion_0036.wav,fake/local_fake_00039_fake_voice_conversion_0036.wav,fake,1,local,3.33,16000,1,106702,4421ddfcb5cfc99d...
local_fake_00040_fake_voice_conversion_0039.wav,fake/local_fake_00040_fake_voice_conversion_0039.wav,fake,1,local,2.33,16000,1,74480,54f7ca14bf647384...
local_fake_00081_hf_0_E10084787.wav,fake/local_fake_00081_hf_0_E10084787.wav,fake,1,local,3.87,16000,1,123884,e3b8ce1778185e8a...
local_fake_00082_hf_100_E10020801.wav,fake/local_fake_00082_hf_100_E10020801.wav,fake,1,local,1.6,16000,1,51142,b7c569512543d36b...
local_fake_00083_hf_101_E10170687.wav,fake/local_fake_00083_hf_101_E10170687.wav,fake,1,local,2.65,16000,1,84808,03f43b1311bfd4bf...
local_fake_00084_hf_102_E10123746.wav,fake/local_fake_00084_hf_102_E10123746.wav,fake,1,local,4.3,16000,1,137644,9f39af63e20e9fe1...
local_fake_00085_hf_103_E10068303.wav,fake/local_fake_00085_hf_103_E10068303.wav,fake,1,local,6.0,16000,1,192044,eb6bf810b88f9f7b...
local_fake_00086_hf_104_E10045543.wav,fake/local_fake_00086_hf_104_E10045543.wav,fake,1,local,2.31,16000,1,74030,b82b8ef2dd9c3728...
local_fake_00087_hf_105_E10192484.wav,fake/local_fake_00087_hf_105_E10192484.wav,fake,1,local,1.98,16000,1,63350,739f82b8c2f9a97c...
local_fake_00088_hf_107_E10155957.wav,fake/local_fake_00088_hf_107_E10155957.wav,fake,1,local,2.55,16000,1,81644,6034813925d3e9cd...
local_fake_00089_hf_109_E10094471.wav,fake/local_fake_00089_hf_109_E10094471.wav,fake,1,local,1.91,16000,1,61164,dfbe458290fb32d9...
local_fake_00090_hf_10_E10155154.wav,fake/local_fake_00090_hf_10_E10155154.wav,fake,1,local,2.89,16000,1,92524,7789512fa2067b6c...
local_fake_00091_hf_110_E10030656.wav,fake/local_fake_00091_hf_110_E10030656.wav,fake,1,local,3.91,16000,1,125164,b4d8ee3746da6371...
local_fake_00092_hf_111_E10095613.wav,fake/local_fake_00092_hf_111_E10095613.wav,fake,1,local,3.48,16000,1,111404,86941e136c097aa9...
local_fake_00093_hf_112_E10170959.wav,fake/local_fake_00093_hf_112_E10170959.wav,fake,1,local,3.74,16000,1,119644,d53dc28f541fdad7...
local_fake_00094_hf_113_E10136555.wav,fake/local_fake_00094_hf_113_E10136555.wav,fake,1,local,2.16,16000,1,69150,6ed7eb3d136a25c5...
local_fake_00095_hf_114_E10146071.wav,fake/local_fake_00095_hf_114_E10146071.wav,fake,1,local,3.02,16000,1,96684,3b350f1dfae8e235...
local_fake_00096_hf_115_E10125472.wav,fake/local_fake_00096_hf_115_E10125472.wav,fake,1,local,4.21,16000,1,134764,ccd4457d80873254...
local_fake_00097_hf_116_E10147627.wav,fake/local_fake_00097_hf_116_E10147627.wav,fake,1,local,2.2,16000,1,70444,1934e338f8692c0d...
local_fake_00098_hf_118_E10174124.wav,fake/local_fake_00098_hf_118_E10174124.wav,fake,1,local,2.38,16000,1,76204,b614f796a16edd50...
local_fake_00099_hf_119_E10047010.wav,fake/local_fake_00099_hf_119_E10047010.wav,fake,1,local,2.72,16000,1,87084,8d0b7a931e70c4be...
local_fake_00100_hf_11_E10179849.wav,fake/local_fake_00100_hf_11_E10179849.wav,fake,1,local,2.46,16000,1,78764,3b16fc728622c66f...
local_fake_00101_hf_120_E10155917.wav,fake/local_fake_00101_hf_120_E10155917.wav,fake,1,local,3.96,16000,1,126764,491ddec46559c3af...
local_fake_00102_hf_121_E10130676.wav,fake/local_fake_00102_hf_121_E10130676.wav,fake,1,local,2.68,16000,1,85804,67bf56a0c68098a9...
local_fake_00103_hf_122_E10112117.wav,fake/local_fake_00103_hf_122_E10112117.wav,fake,1,local,2.81,16000,1,89806,f0f1d01a0662f062...
local_fake_00104_hf_123_E10041324.wav,fake/local_fake_00104_hf_123_E10041324.wav,fake,1,local,4.0,16000,1,128044,8e5d291f1b4bb313...
local_fake_00105_hf_124_E10072524.wav,fake/local_fake_00105_hf_124_E10072524.wav,fake,1,local,2.76,16000,1,88364,3fb6020ad58cd931...
local_fake_00106_hf_125_E10061924.wav,fake/local_fake_00106_hf_125_E10061924.wav,fake,1,local,1.56,16000,1,50118,49cc0e1857959b52...
local_fake_00107_hf_126_E10009970.wav,fake/local_fake_00107_hf_126_E10009970.wav,fake,1,local,3.31,16000,1,105964,a668c9a1933bf203...
local_fake_00108_hf_128_E10183448.wav,fake/local_fake_00108_hf_128_E10183448.wav,fake,1,local,2.54,16000,1,81324,6fcf662d5e13bcb5...
local_fake_00109_hf_129_E10075979.wav,fake/local_fake_00109_hf_129_E10075979.wav,fake,1,local,1.71,16000,1,54722,3f20c91c289f60d3...
local_fake_00110_hf_12_E10003162.wav,fake/local_fake_00110_hf_12_E10003162.wav,fake,1,local,1.73,16000,1,55322,464013c324449989...
local_fake_00111_hf_130_E10017286.wav,fake/local_fake_00111_hf_130_E10017286.wav,fake,1,local,7.28,16000,1,233004,e36d2ac7fd6e999c...
local_fake_00112_hf_131_E10111361.wav,fake/local_fake_00112_hf_131_E10111361.wav,fake,1,local,3.19,16000,1,102124,8b70321f657f45e0...
local_fake_00113_hf_132_E10123263.wav,fake/local_fake_00113_hf_132_E10123263.wav,fake,1,local,1.27,16000,1,40794,9178e3a930fd7754...
local_fake_00114_hf_133_E10095452.wav,fake/local_fake_00114_hf_133_E10095452.wav,fake,1,local,3.0,16000,1,95986,80fbb4cdad0f3d38...
local_fake_00115_hf_134_E10110047.wav,fake/local_fake_00115_hf_134_E10110047.wav,fake,1,local,2.71,16000,1,86764,7cb38e2763c8c201...
local_fake_00116_hf_135_E10138019.wav,fake/local_fake_00116_hf_135_E10138019.wav,fake,1,local,4.14,16000,1,132366,322386dd481f7b87...
local_fake_00117_hf_136_E10066543.wav,fake/local_fake_00117_hf_136_E10066543.wav,fake,1,local,2.44,16000,1,78270,ecd8c2c544279b00...
local_fake_00118_hf_137_E10096919.wav,fake/local_fake_00118_hf_137_E10096919.wav,fake,1,local,2.35,16000,1,75184,f55ce9124457378a...
local_fake_00119_hf_138_E10096119.wav,fake/local_fake_00119_hf_138_E10096119.wav,fake,1,local,4.98,16000,1,159404,a712e31879b4746f...
local_fake_00120_hf_139_E10081079.wav,fake/local_fake_00120_hf_139_E10081079.wav,fake,1,local,2.82,16000,1,90266,155be06c62cb8d31...
local_fake_00121_hf_13_E10035480.wav,fake/local_fake_00121_hf_13_E10035480.wav,fake,1,local,4.21,16000,1,134764,b8eb28c8e803c206...
local_fake_00122_hf_140_E10036769.wav,fake/local_fake_00122_hf_140_E10036769.wav,fake,1,local,3.91,16000,1,125164,170568d635455a8c...
local_fake_00123_hf_141_E10015676.wav,fake/local_fake_00123_hf_141_E10015676.wav,fake,1,local,2.03,16000,1,65128,89a0b3d088e5c020...
local_fake_00124_hf_142_E10068737.wav,fake/local_fake_00124_hf_142_E10068737.wav,fake,1,local,4.13,16000,1,132204,b2d99fee6ebb020f...
local_fake_00125_hf_143_E10011658.wav,fake/local_fake_00125_hf_143_E10011658.wav,fake,1,local,2.67,16000,1,85484,e04e0de1091b76a8...
local_fake_00126_hf_144_E10065853.wav,fake/local_fake_00126_hf_144_E10065853.wav,fake,1,local,1.83,16000,1,58652,612f3a7c22d06ee9...
local_fake_00127_hf_145_E10178250.wav,fake/local_fake_00127_hf_145_E10178250.wav,fake,1,local,2.54,16000,1,81324,e4a0ebac096108dd...
local_fake_00128_hf_146_E10185964.wav,fake/local_fake_00128_hf_146_E10185964.wav,fake,1,local,3.42,16000,1,109428,62365a17aaf24b77...
local_fake_00129_hf_147_E10038164.wav,fake/local_fake_00129_hf_147_E10038164.wav,fake,1,local,2.3,16000,1,73486,15026d1e543cc5d0...
local_fake_00130_hf_148_E10073553.wav,fake/local_fake_00130_hf_148_E10073553.wav,fake,1,local,3.4,16000,1,108844,fcb649fea1e1e2f6...
local_fake_00131_hf_149_E10002598.wav,fake/local_fake_00131_hf_149_E10002598.wav,fake,1,local,3.05,16000,1,97644,a9d35d9f460e1d37...
local_fake_00132_hf_14_E10143650.wav,fake/local_fake_00132_hf_14_E10143650.wav,fake,1,local,2.79,16000,1,89316,5e9f88c67c720611...
local_fake_00133_hf_150_E10071544.wav,fake/local_fake_00133_hf_150_E10071544.wav,fake,1,local,2.32,16000,1,74238,a0b61ac8dbc273dd...
local_fake_00134_hf_152_E10085483.wav,fake/local_fake_00134_hf_152_E10085483.wav,fake,1,local,4.73,16000,1,151490,b0593c80fce49294...
local_fake_00135_hf_153_E10160879.wav,fake/local_fake_00135_hf_153_E10160879.wav,fake,1,local,2.62,16000,1,83846,8da2777a817030b3...
local_fake_00136_hf_154_E10066285.wav,fake/local_fake_00136_hf_154_E10066285.wav,fake,1,local,3.7,16000,1,118444,7a02213ee1ff3ebd...
local_fake_00137_hf_155_E10116974.wav,fake/local_fake_00137_hf_155_E10116974.wav,fake,1,local,2.29,16000,1,73324,c3b3aab48191657f...
local_fake_00138_hf_156_E10169729.wav,fake/local_fake_00138_hf_156_E10169729.wav,fake,1,local,1.12,16000,1,36018,344b077ee4a636a7...
local_fake_00139_hf_157_E10072706.wav,fake/local_fake_00139_hf_157_E10072706.wav,fake,1,local,0.96,16000,1,30606,dce2671f673ab0bc...
local_fake_00140_hf_158_E10026689.wav,fake/local_fake_00140_hf_158_E10026689.wav,fake,1,local,2.27,16000,1,72548,b2c3486a9acb7a11...
local_fake_00141_hf_159_E10028018.wav,fake/local_fake_00141_hf_159_E10028018.wav,fake,1,local,5.83,16000,1,186604,4014475562356f00...
local_fake_00142_hf_15_E10042247.wav,fake/local_fake_00142_hf_15_E10042247.wav,fake,1,local,1.93,16000,1,61942,48124358b91a5265...
local_fake_00143_hf_160_E10031247.wav,fake/local_fake_00143_hf_160_E10031247.wav,fake,1,local,1.79,16000,1,57484,d67161a144dd6d53...
local_fake_00144_hf_161_E10137269.wav,fake/local_fake_00144_hf_161_E10137269.wav,fake,1,local,4.21,16000,1,134764,a7736e0853459632...
local_fake_00145_hf_162_E10086459.wav,fake/local_fake_00145_hf_162_E10086459.wav,fake,1,local,3.7,16000,1,118444,5e0cdd2cffd0584a...
local_fake_00146_hf_163_E10131155.wav,fake/local_fake_00146_hf_163_E10131155.wav,fake,1,local,4.08,16000,1,130446,e480d0157742ad76...
local_fake_00147_hf_164_E10043952.wav,fake/local_fake_00147_hf_164_E10043952.wav,fake,1,local,2.54,16000,1,81324,e4aa0056cc58b134...
local_fake_00148_hf_166_E10087287.wav,fake/local_fake_00148_hf_166_E10087287.wav,fake,1,local,3.06,16000,1,97964,246e0e226efd7610...
local_fake_00149_hf_167_E10170863.wav,fake/local_fake_00149_hf_167_E10170863.wav,fake,1,local,3.4,16000,1,108844,cdf2e3e2ab9b51ba...
local_fake_00150_hf_168_E10137583.wav,fake/local_fake_00150_hf_168_E10137583.wav,fake,1,local,4.54,16000,1,145324,f7f7d5c69433c511...
local_fake_00151_hf_169_E10042415.wav,fake/local_fake_00151_hf_169_E10042415.wav,fake,1,local,2.49,16000,1,79788,cbc6db6d343abbae...
local_fake_00152_hf_16_E10050078.wav,fake/local_fake_00152_hf_16_E10050078.wav,fake,1,local,3.22,16000,1,102926,fbe17048775c0ecd...
local_fake_00153_hf_170_E10016305.wav,fake/local_fake_00153_hf_170_E10016305.wav,fake,1,local,2.5,16000,1,79886,cf2c0aa79b433fd5...
local_fake_00154_hf_171_E10009654.wav,fake/local_fake_00154_hf_171_E10009654.wav,fake,1,local,5.01,16000,1,160364,1ceb53cadf52b71e...
local_fake_00155_hf_172_E10101367.wav,fake/local_fake_00155_hf_172_E10101367.wav,fake,1,local,3.49,16000,1,111724,d095ef6b5a36c949...
local_fake_00156_hf_173_E10077692.wav,fake/local_fake_00156_hf_173_E10077692.wav,fake,1,local,3.57,16000,1,114284,84585bf2635b828f...
local_fake_00157_hf_174_E10014667.wav,fake/local_fake_00157_hf_174_E10014667.wav,fake,1,local,2.18,16000,1,69646,c474e7f1d81c9d34...
local_fake_00158_hf_175_E10180378.wav,fake/local_fake_00158_hf_175_E10180378.wav,fake,1,local,2.93,16000,1,93804,ce0931d682b4532b...
local_fake_00159_hf_176_E10146999.wav,fake/local_fake_00159_hf_176_E10146999.wav,fake,1,local,3.62,16000,1,115884,1dd47691c6b7c179...
local_fake_00160_hf_177_E10049960.wav,fake/local_fake_00160_hf_177_E10049960.wav,fake,1,local,2.67,16000,1,85484,fbf96e2e4dd4a860...
local_fake_00161_hf_178_E10182072.wav,fake/local_fake_00161_hf_178_E10182072.wav,fake,1,local,3.31,16000,1,105964,bbd540975ed2eb3f...
local_fake_00162_hf_179_E10013734.wav,fake/local_fake_00162_hf_179_E10013734.wav,fake,1,local,1.86,16000,1,59408,5440b346ee5fdda2...
local_fake_00163_hf_17_E10151991.wav,fake/local_fake_00163_hf_17_E10151991.wav,fake,1,local,3.1,16000,1,99306,c3be15e986572285...
local_fake_00164_hf_180_E10014766.wav,fake/local_fake_00164_hf_180_E10014766.wav,fake,1,local,4.0,16000,1,128044,8bd6410eea04b408...
local_fake_00165_hf_181_E10042692.wav,fake/local_fake_00165_hf_181_E10042692.wav,fake,1,local,2.59,16000,1,82924,4912f99cb393f863...
local_fake_00166_hf_182_E10108772.wav,fake/local_fake_00166_hf_182_E10108772.wav,fake,1,local,2.27,16000,1,72538,9f2099a3851361a0...
local_fake_00167_hf_183_E10179492.wav,fake/local_fake_00167_hf_183_E10179492.wav,fake,1,local,2.62,16000,1,83884,8b14d07f40db89d0...
local_fake_00168_hf_184_E10165638.wav,fake/local_fake_00168_hf_184_E10165638.wav,fake,1,local,4.04,16000,1,129324,da01afab076678f5...
local_fake_00169_hf_185_E10018091.wav,fake/local_fake_00169_hf_185_E10018091.wav,fake,1,local,4.12,16000,1,131884,54bf70d64f44af7e...
local_fake_00170_hf_186_E10040864.wav,fake/local_fake_00170_hf_186_E10040864.wav,fake,1,local,6.38,16000,1,204204,ea98ac17b12c605d...
local_fake_00171_hf_187_E10069675.wav,fake/local_fake_00171_hf_187_E10069675.wav,fake,1,local,1.95,16000,1,62338,22f3056815f121ea...
local_fake_00172_hf_188_E10043708.wav,fake/local_fake_00172_hf_188_E10043708.wav,fake,1,local,4.42,16000,1,141484,be15d3f38adff233...
local_fake_00173_hf_189_E10149010.wav,fake/local_fake_00173_hf_189_E10149010.wav,fake,1,local,3.23,16000,1,103336,872e338e61ee7050...
local_fake_00174_hf_18_E10094906.wav,fake/local_fake_00174_hf_18_E10094906.wav,fake,1,local,1.3,16000,1,41486,e8f6b323fba90f6f...
local_fake_00175_hf_190_E10138412.wav,fake/local_fake_00175_hf_190_E10138412.wav,fake,1,local,3.82,16000,1,122302,e1d515f9a003b186...
local_fake_00176_hf_191_E10132554.wav,fake/local_fake_00176_hf_191_E10132554.wav,fake,1,local,2.15,16000,1,68844,6674dfbffe8c928c...
local_fake_00177_hf_192_E10184640.wav,fake/local_fake_00177_hf_192_E10184640.wav,fake,1,local,2.37,16000,1,75884,dc071602634ff83d...
local_fake_00178_hf_193_E10152403.wav,fake/local_fake_00178_hf_193_E10152403.wav,fake,1,local,3.01,16000,1,96414,a4a69a0d1c633822...
local_fake_00179_hf_194_E10103380.wav,fake/local_fake_00179_hf_194_E10103380.wav,fake,1,local,2.54,16000,1,81306,59f23be0efee7c83...
local_fake_00180_hf_195_E10027515.wav,fake/local_fake_00180_hf_195_E10027515.wav,fake,1,local,1.54,16000,1,49442,565d9d77e2037274...
local_fake_00181_hf_196_E10032942.wav,fake/local_fake_00181_hf_196_E10032942.wav,fake,1,local,2.5,16000,1,80044,0009dcbdc019b3a8...
local_fake_00182_hf_197_E10122406.wav,fake/local_fake_00182_hf_197_E10122406.wav,fake,1,local,3.87,16000,1,123884,98d5e9e100e3a0b4...
local_fake_00183_hf_198_E10099131.wav,fake/local_fake_00183_hf_198_E10099131.wav,fake,1,local,2.5,16000,1,80044,0f8f15774cac250f...
local_fake_00184_hf_19_E10118255.wav,fake/local_fake_00184_hf_19_E10118255.wav,fake,1,local,5.02,16000,1,160684,df063729992d0e2d...
local_fake_00185_hf_1_E10008210.wav,fake/local_fake_00185_hf_1_E10008210.wav,fake,1,local,5.87,16000,1,187884,aa46bdaab69ab2dd...
local_fake_00186_hf_20_E10114282.wav,fake/local_fake_00186_hf_20_E10114282.wav,fake,1,local,1.94,16000,1,62038,628c252f1cdd3d3b...
local_fake_00187_hf_21_E10074436.wav,fake/local_fake_00187_hf_21_E10074436.wav,fake,1,local,2.97,16000,1,95084,efda8ef944d1ce76...
local_fake_00188_hf_22_E10131519.wav,fake/local_fake_00188_hf_22_E10131519.wav,fake,1,local,2.08,16000,1,66606,d6d298eabc846f9a...
local_fake_00189_hf_23_E10063126.wav,fake/local_fake_00189_hf_23_E10063126.wav,fake,1,local,3.08,16000,1,98604,2b6fff83c54d9e53...
local_fake_00190_hf_24_E10042280.wav,fake/local_fake_00190_hf_24_E10042280.wav,fake,1,local,2.84,16000,1,90924,811146a4f1a3000e...
local_fake_00191_hf_25_E10006973.wav,fake/local_fake_00191_hf_25_E10006973.wav,fake,1,local,1.85,16000,1,59302,dcc3c5b484fd13f2...
local_fake_00192_hf_26_E10034604.wav,fake/local_fake_00192_hf_26_E10034604.wav,fake,1,local,3.78,16000,1,121004,0294e6802802fb55...
local_fake_00193_hf_27_E10002088.wav,fake/local_fake_00193_hf_27_E10002088.wav,fake,1,local,4.6,16000,1,147280,ecde54bd6a4f08a1...
local_fake_00194_hf_28_E10010243.wav,fake/local_fake_00194_hf_28_E10010243.wav,fake,1,local,2.55,16000,1,81644,930bf9eecc30a172...
local_fake_00195_hf_2_E10171666.wav,fake/local_fake_00195_hf_2_E10171666.wav,fake,1,local,3.23,16000,1,103304,d5c7286d3db841bc...
local_fake_00196_hf_30_E10077266.wav,fake/local_fake_00196_hf_30_E10077266.wav,fake,1,local,3.35,16000,1,107244,bd4aa7e012b1f359...
local_fake_00197_hf_31_E10071971.wav,fake/local_fake_00197_hf_31_E10071971.wav,fake,1,local,2.17,16000,1,69400,57a5e0a19d274aa5...
local_fake_00198_hf_32_E10165491.wav,fake/local_fake_00198_hf_32_E10165491.wav,fake,1,local,3.01,16000,1,96364,fc2b34a16e59f9b8...
local_fake_00199_hf_33_E10001131.wav,fake/local_fake_00199_hf_33_E10001131.wav,fake,1,local,1.92,16000,1,61424,3edcf95271660363...
local_fake_00200_hf_34_E10121206.wav,fake/local_fake_00200_hf_34_E10121206.wav,fake,1,local,2.42,16000,1,77326,eb5237524b82093b...
local_fake_00201_hf_35_E10013665.wav,fake/local_fake_00201_hf_35_E10013665.wav,fake,1,local,2.07,16000,1,66336,57db1ddb82253971...
local_fake_00202_hf_36_E10102361.wav,fake/local_fake_00202_hf_36_E10102361.wav,fake,1,local,3.27,16000,1,104684,1a7513b3af164232...
local_fake_00203_hf_37_E10069780.wav,fake/local_fake_00203_hf_37_E10069780.wav,fake,1,local,3.44,16000,1,110124,ba5fe22caaea8e41...
local_fake_00204_hf_38_E10127085.wav,fake/local_fake_00204_hf_38_E10127085.wav,fake,1,local,2.08,16000,1,66604,f115a8f66ac05125...
local_fake_00205_hf_39_E10066845.wav,fake/local_fake_00205_hf_39_E10066845.wav,fake,1,local,3.26,16000,1,104364,776dcc2a0bad5dfd...
local_fake_00206_hf_3_E10164103.wav,fake/local_fake_00206_hf_3_E10164103.wav,fake,1,local,2.73,16000,1,87256,dfb4186ed26906c9...
local_fake_00207_hf_40_E10095510.wav,fake/local_fake_00207_hf_40_E10095510.wav,fake,1,local,3.87,16000,1,123884,52f505368fa6e5a0...
local_fake_00208_hf_41_E10145493.wav,fake/local_fake_00208_hf_41_E10145493.wav,fake,1,local,3.86,16000,1,123406,4eac61fb73bb40d1...
local_fake_00209_hf_42_E10008084.wav,fake/local_fake_00209_hf_42_E10008084.wav,fake,1,local,1.84,16000,1,58924,457e2988bc9e7bc9...
local_fake_00210_hf_43_E10176096.wav,fake/local_fake_00210_hf_43_E10176096.wav,fake,1,local,4.89,16000,1,156524,20b5c863b3913f19...
local_fake_00211_hf_44_E10042960.wav,fake/local_fake_00211_hf_44_E10042960.wav,fake,1,local,2.63,16000,1,84204,1765f34245182080...
local_fake_00212_hf_45_E10041963.wav,fake/local_fake_00212_hf_45_E10041963.wav,fake,1,local,2.65,16000,1,84892,e5622437779e6af0...
local_fake_00213_hf_46_E10095719.wav,fake/local_fake_00213_hf_46_E10095719.wav,fake,1,local,4.46,16000,1,142764,83b3d85f6b3f0478...
local_fake_00214_hf_48_E10125140.wav,fake/local_fake_00214_hf_48_E10125140.wav,fake,1,local,3.48,16000,1,111404,c4e5c0f83c2fb634...
local_fake_00215_hf_49_E10176911.wav,fake/local_fake_00215_hf_49_E10176911.wav,fake,1,local,2.04,16000,1,65350,c2fb2b2fdfaa7a2c...
local_fake_00216_hf_4_E10004846.wav,fake/local_fake_00216_hf_4_E10004846.wav,fake,1,local,3.44,16000,1,110124,50765f74c58f1977...
local_fake_00217_hf_50_E10177539.wav,fake/local_fake_00217_hf_50_E10177539.wav,fake,1,local,3.52,16000,1,112684,935d024f4f83909e...
local_fake_00218_hf_51_E10135376.wav,fake/local_fake_00218_hf_51_E10135376.wav,fake,1,local,3.68,16000,1,117892,94e0ad6b5028dfcc...
local_fake_00219_hf_52_E10188653.wav,fake/local_fake_00219_hf_52_E10188653.wav,fake,1,local,3.44,16000,1,110124,5efcd5d3e66c1cdd...
local_fake_00220_hf_53_E10077967.wav,fake/local_fake_00220_hf_53_E10077967.wav,fake,1,local,6.04,16000,1,193324,7421843c94c68b83...
local_fake_00221_hf_54_E10024273.wav,fake/local_fake_00221_hf_54_E10024273.wav,fake,1,local,2.24,16000,1,71724,cf0a27574cbd9966...
local_fake_00222_hf_55_E10091571.wav,fake/local_fake_00222_hf_55_E10091571.wav,fake,1,local,2.62,16000,1,83928,3e922bf6f24f9841...
local_fake_00223_hf_57_E10001161.wav,fake/local_fake_00223_hf_57_E10001161.wav,fake,1,local,2.34,16000,1,75034,e4a79e4509c3981f...
local_fake_00224_hf_58_E10111845.wav,fake/local_fake_00224_hf_58_E10111845.wav,fake,1,local,4.85,16000,1,155244,1afaab5d556be17c...
local_fake_00225_hf_59_E10129870.wav,fake/local_fake_00225_hf_59_E10129870.wav,fake,1,local,5.44,16000,1,174124,d96e0b0a0008b0ba...
local_fake_00226_hf_5_E10054121.wav,fake/local_fake_00226_hf_5_E10054121.wav,fake,1,local,2.16,16000,1,69164,d1a085c9d0e917e1...
local_fake_00227_hf_60_E10015274.wav,fake/local_fake_00227_hf_60_E10015274.wav,fake,1,local,2.97,16000,1,95084,7b47042c59b3f198...
local_fake_00228_hf_61_E10004763.wav,fake/local_fake_00228_hf_61_E10004763.wav,fake,1,local,1.82,16000,1,58148,30dba3606136ce8c...
local_fake_00229_hf_62_E10097279.wav,fake/local_fake_00229_hf_62_E10097279.wav,fake,1,local,5.66,16000,1,181164,dbf649251bc1188a...
local_fake_00230_hf_63_E10150896.wav,fake/local_fake_00230_hf_63_E10150896.wav,fake,1,local,3.14,16000,1,100524,9f7a90bf58ab9bb0...
local_fake_00231_hf_64_E10118847.wav,fake/local_fake_00231_hf_64_E10118847.wav,fake,1,local,1.95,16000,1,62444,a8f68a60a8db0d56...
local_fake_00232_hf_65_E10097205.wav,fake/local_fake_00232_hf_65_E10097205.wav,fake,1,local,1.83,16000,1,58682,89007fb4d1748837...
local_fake_00233_hf_66_E10065674.wav,fake/local_fake_00233_hf_66_E10065674.wav,fake,1,local,1.88,16000,1,60142,f9b312ddabfb316e...
local_fake_00234_hf_67_E10125644.wav,fake/local_fake_00234_hf_67_E10125644.wav,fake,1,local,3.48,16000,1,111404,e0dd21492667aee0...
local_fake_00235_hf_68_E10073517.wav,fake/local_fake_00235_hf_68_E10073517.wav,fake,1,local,4.68,16000,1,149804,0e2bca0a8bb6c1d4...
local_fake_00236_hf_69_E10073134.wav,fake/local_fake_00236_hf_69_E10073134.wav,fake,1,local,2.63,16000,1,84204,2832fd4566b6fa76...
local_fake_00237_hf_6_E10121728.wav,fake/local_fake_00237_hf_6_E10121728.wav,fake,1,local,5.02,16000,1,160684,11b00e3c7a63b5ff...
local_fake_00238_hf_70_E10077840.wav,fake/local_fake_00238_hf_70_E10077840.wav,fake,1,local,1.12,16000,1,35794,c09142156f538cff...
local_fake_00239_hf_71_E10159016.wav,fake/local_fake_00239_hf_71_E10159016.wav,fake,1,local,1.78,16000,1,56944,56eb7085baa505cc...
local_fake_00240_hf_73_E10003503.wav,fake/local_fake_00240_hf_73_E10003503.wav,fake,1,local,4.08,16000,1,130584,8375c4e93fe29a01...
local_fake_00241_hf_74_E10132917.wav,fake/local_fake_00241_hf_74_E10132917.wav,fake,1,local,4.03,16000,1,128908,2ee1518cb0b0ec15...
local_fake_00242_hf_75_E10011327.wav,fake/local_fake_00242_hf_75_E10011327.wav,fake,1,local,1.72,16000,1,55206,333a0058444851ba...
local_fake_00243_hf_76_E10119546.wav,fake/local_fake_00243_hf_76_E10119546.wav,fake,1,local,2.55,16000,1,81674,b03642c64021965f...
local_fake_00244_hf_77_E10064243.wav,fake/local_fake_00244_hf_77_E10064243.wav,fake,1,local,1.82,16000,1,58284,403e9eff2f37cdd1...
local_fake_00245_hf_78_E10102630.wav,fake/local_fake_00245_hf_78_E10102630.wav,fake,1,local,3.95,16000,1,126444,9c0aed4b35ac91a6...
local_fake_00246_hf_79_E10103848.wav,fake/local_fake_00246_hf_79_E10103848.wav,fake,1,local,2.18,16000,1,69646,b31a07b9eee7d11e...
local_fake_00247_hf_7_E10017607.wav,fake/local_fake_00247_hf_7_E10017607.wav,fake,1,local,2.47,16000,1,79226,641233a5644da5a9...
local_fake_00248_hf_80_E10099119.wav,fake/local_fake_00248_hf_80_E10099119.wav,fake,1,local,3.95,16000,1,126444,04b07858ebfd39a0...
local_fake_00249_hf_81_E10102558.wav,fake/local_fake_00249_hf_81_E10102558.wav,fake,1,local,4.13,16000,1,132204,3acea2cbb373671b...
local_fake_00250_hf_82_E10072792.wav,fake/local_fake_00250_hf_82_E10072792.wav,fake,1,local,2.67,16000,1,85620,7c5f2bdf581de8ce...
local_fake_00251_hf_83_E10089591.wav,fake/local_fake_00251_hf_83_E10089591.wav,fake,1,local,2.5,16000,1,79886,3ee6220d0f738358...
local_fake_00252_hf_84_E10126191.wav,fake/local_fake_00252_hf_84_E10126191.wav,fake,1,local,2.49,16000,1,79642,8f1fd4052f3aa920...
local_fake_00253_hf_85_E10093935.wav,fake/local_fake_00253_hf_85_E10093935.wav,fake,1,local,3.27,16000,1,104684,ada5eb9f3d9575d6...
local_fake_00254_hf_86_E10123652.wav,fake/local_fake_00254_hf_86_E10123652.wav,fake,1,local,3.01,16000,1,96364,31645772a95e1872...
local_fake_00255_hf_87_E10127902.wav,fake/local_fake_00255_hf_87_E10127902.wav,fake,1,local,2.79,16000,1,89166,f9f11f24cd838b86...
local_fake_00256_hf_88_E10087543.wav,fake/local_fake_00256_hf_88_E10087543.wav,fake,1,local,2.42,16000,1,77484,4c72342a8548bd12...
local_fake_00257_hf_89_E10076279.wav,fake/local_fake_00257_hf_89_E10076279.wav,fake,1,local,5.15,16000,1,164844,c19f1e74ffbd0cb1...
local_fake_00258_hf_8_E10161104.wav,fake/local_fake_00258_hf_8_E10161104.wav,fake,1,local,2.29,16000,1,73324,02ce43585f1336fa...
local_fake_00259_hf_90_E10034113.wav,fake/local_fake_00259_hf_90_E10034113.wav,fake,1,local,3.0,16000,1,96014,ab0feae40a50e684...
local_fake_00260_hf_91_E10166298.wav,fake/local_fake_00260_hf_91_E10166298.wav,fake,1,local,3.97,16000,1,126960,7c3393abdd579ba8...
local_fake_00261_hf_92_E10086499.wav,fake/local_fake_00261_hf_92_E10086499.wav,fake,1,local,2.03,16000,1,65004,37b0ff526c8320f6...
local_fake_00262_hf_93_E10186592.wav,fake/local_fake_00262_hf_93_E10186592.wav,fake,1,local,5.19,16000,1,166124,7b891e7563a4c005...
local_fake_00263_hf_94_E10074863.wav,fake/local_fake_00263_hf_94_E10074863.wav,fake,1,local,3.94,16000,1,125966,0b4f650f1968cbce...
local_fake_00264_hf_95_E10146764.wav,fake/local_fake_00264_hf_95_E10146764.wav,fake,1,local,3.52,16000,1,112684,507af7f83cf70a08...
local_fake_00265_hf_96_E10018633.wav,fake/local_fake_00265_hf_96_E10018633.wav,fake,1,local,1.81,16000,1,57982,0b308c78bda76b47...
local_fake_00266_hf_97_E10138127.wav,fake/local_fake_00266_hf_97_E10138127.wav,fake,1,local,3.31,16000,1,105916,509b4855df762152...
local_fake_00267_hf_98_E10178422.wav,fake/local_fake_00267_hf_98_E10178422.wav,fake,1,local,2.28,16000,1,72894,eab42f2238bd9407...
local_fake_00268_hf_99_E10019887.wav,fake/local_fake_00268_hf_99_E10019887.wav,fake,1,local,1.95,16000,1,62444,1498ebf079c1dec8...
local_fake_00269_hf_9_E10011748.wav,fake/local_fake_00269_hf_9_E10011748.wav,fake,1,local,2.62,16000,1,83880,5faae326a24e1089...
local_fake_00281_hf_100_E_1005795.wav,fake/local_fake_00281_hf_100_E_1005795.wav,fake,1,local,1.69,16000,1,54044,e7aa06b4e6c1c87c...
local_fake_00282_hf_101_E_1006012.wav,fake/local_fake_00282_hf_101_E_1006012.wav,fake,1,local,2.64,16000,1,84444,374c30d0f68783d2...
local_fake_00283_hf_102_E_1006079.wav,fake/local_fake_00283_hf_102_E_1006079.wav,fake,1,local,3.07,16000,1,98268,0b3ef7bd83ef4108...
local_fake_00284_hf_103_E_1006117.wav,fake/local_fake_00284_hf_103_E_1006117.wav,fake,1,local,2.54,16000,1,81244,a046d7b51dacf884...
local_fake_00285_hf_104_E_1006464.wav,fake/local_fake_00285_hf_104_E_1006464.wav,fake,1,local,2.43,16000,1,77660,77ed9032518f1a0e...
local_fake_00286_hf_105_E_1006509.wav,fake/local_fake_00286_hf_105_E_1006509.wav,fake,1,local,2.74,16000,1,87804,fbdbd84b92aa5b9c...
local_fake_00287_hf_106_E_1006514.wav,fake/local_fake_00287_hf_106_E_1006514.wav,fake,1,local,3.3,16000,1,105788,da822f3356290faf...
local_fake_00288_hf_107_E_1006523.wav,fake/local_fake_00288_hf_107_E_1006523.wav,fake,1,local,3.29,16000,1,105212,7835595b3f1143f0...
local_fake_00289_hf_108_E_1006627.wav,fake/local_fake_00289_hf_108_E_1006627.wav,fake,1,local,3.7,16000,1,118364,2ef991037fa0f1fb...
local_fake_00290_hf_109_E_1006751.wav,fake/local_fake_00290_hf_109_E_1006751.wav,fake,1,local,4.11,16000,1,131612,2fe5316510e00087...
local_fake_00291_hf_110_E_1007021.wav,fake/local_fake_00291_hf_110_E_1007021.wav,fake,1,local,2.96,16000,1,94844,c10d73fc5baa7c82...
local_fake_00292_hf_111_E_1007096.wav,fake/local_fake_00292_hf_111_E_1007096.wav,fake,1,local,3.01,16000,1,96220,42e34ab0b07aa83c...
local_fake_00293_hf_112_E_1007101.wav,fake/local_fake_00293_hf_112_E_1007101.wav,fake,1,local,1.82,16000,1,58140,8083ad8f40097522...
local_fake_00294_hf_113_E_1007194.wav,fake/local_fake_00294_hf_113_E_1007194.wav,fake,1,local,3.89,16000,1,124476,2222883311eb443b...
local_fake_00295_hf_114_E_1007206.wav,fake/local_fake_00295_hf_114_E_1007206.wav,fake,1,local,2.32,16000,1,74236,3059772460f88cc2...
local_fake_00296_hf_115_E_1007260.wav,fake/local_fake_00296_hf_115_E_1007260.wav,fake,1,local,2.4,16000,1,76700,0b8730bc42364514...
local_fake_00297_hf_116_E_1007362.wav,fake/local_fake_00297_hf_116_E_1007362.wav,fake,1,local,3.51,16000,1,112220,44b1bc1de3a7b306...
local_fake_00298_hf_117_E_1007849.wav,fake/local_fake_00298_hf_117_E_1007849.wav,fake,1,local,2.05,16000,1,65500,c283ab4ff5efaac0...
local_fake_00299_hf_118_E_1007958.wav,fake/local_fake_00299_hf_118_E_1007958.wav,fake,1,local,2.36,16000,1,75612,dddbfc9915e19a2d...
local_fake_00300_hf_119_E_1007986.wav,fake/local_fake_00300_hf_119_E_1007986.wav,fake,1,local,1.98,16000,1,63484,9c30c9f5a08b9067...
local_fake_00301_hf_120_E_1008069.wav,fake/local_fake_00301_hf_120_E_1008069.wav,fake,1,local,3.25,16000,1,104124,e0e6da79205d93fa...
local_fake_00302_hf_121_E_1008110.wav,fake/local_fake_00302_hf_121_E_1008110.wav,fake,1,local,2.85,16000,1,91164,75ec5e1ed3cc10da...
local_fake_00303_hf_122_E_1008143.wav,fake/local_fake_00303_hf_122_E_1008143.wav,fake,1,local,2.91,16000,1,93180,8b663629d9d2438d...
local_fake_00304_hf_123_E_1008522.wav,fake/local_fake_00304_hf_123_E_1008522.wav,fake,1,local,2.84,16000,1,90812,3da1b1f4ff6cf4ef...
local_fake_00305_hf_124_E_1008614.wav,fake/local_fake_00305_hf_124_E_1008614.wav,fake,1,local,2.37,16000,1,75740,be22474570cb5425...
local_fake_00306_hf_125_E_1008651.wav,fake/local_fake_00306_hf_125_E_1008651.wav,fake,1,local,1.43,16000,1,45660,86ca1bbbf25fecf9...
local_fake_00307_hf_126_E_1008665.wav,fake/local_fake_00307_hf_126_E_1008665.wav,fake,1,local,3.65,16000,1,116700,fa249db21b5e46fb...
local_fake_00308_hf_127_E_1008702.wav,fake/local_fake_00308_hf_127_E_1008702.wav,fake,1,local,6.08,16000,1,194556,05202aafc02e6491...
local_fake_00309_hf_128_E_1008817.wav,fake/local_fake_00309_hf_128_E_1008817.wav,fake,1,local,3.49,16000,1,111836,7cd3101f248bd008...
local_fake_00310_hf_129_E_1008826.wav,fake/local_fake_00310_hf_129_E_1008826.wav,fake,1,local,3.44,16000,1,109980,dc57287968e8df03...
local_fake_00311_hf_130_E_1008956.wav,fake/local_fake_00311_hf_130_E_1008956.wav,fake,1,local,3.65,16000,1,116956,0320c8761741601f...
local_fake_00312_hf_131_E_1008979.wav,fake/local_fake_00312_hf_131_E_1008979.wav,fake,1,local,1.83,16000,1,58588,8eafb99a2ee6c451...
local_fake_00313_hf_132_E_1009046.wav,fake/local_fake_00313_hf_132_E_1009046.wav,fake,1,local,3.42,16000,1,109596,babd45e63c5a3fee...
local_fake_00314_hf_133_E_1009127.wav,fake/local_fake_00314_hf_133_E_1009127.wav,fake,1,local,3.89,16000,1,124572,c12413d49a3674fd...
local_fake_00315_hf_134_E_1009130.wav,fake/local_fake_00315_hf_134_E_1009130.wav,fake,1,local,4.22,16000,1,135132,baa3c6d09f37d505...
local_fake_00316_hf_135_E_1009382.wav,fake/local_fake_00316_hf_135_E_1009382.wav,fake,1,local,2.7,16000,1,86492,e60258b5da9eac01...
local_fake_00317_hf_136_E_1009812.wav,fake/local_fake_00317_hf_136_E_1009812.wav,fake,1,local,2.8,16000,1,89692,376db30d400b2182...
local_fake_00318_hf_137_E_1009922.wav,fake/local_fake_00318_hf_137_E_1009922.wav,fake,1,local,2.3,16000,1,73692,c22060456f879a0a...
local_fake_00319_hf_138_E_1009945.wav,fake/local_fake_00319_hf_138_E_1009945.wav,fake,1,local,2.41,16000,1,77148,4658d491d78ca1ca...
local_fake_00320_hf_139_E_1010034.wav,fake/local_fake_00320_hf_139_E_1010034.wav,fake,1,local,3.2,16000,1,102364,c3954eaabac16c9d...
local_fake_00321_hf_140_E_1010056.wav,fake/local_fake_00321_hf_140_E_1010056.wav,fake,1,local,3.77,16000,1,120764,562f9f11250eb25a...
local_fake_00322_hf_141_E_1010157.wav,fake/local_fake_00322_hf_141_E_1010157.wav,fake,1,local,2.79,16000,1,89244,ed45b520a176b046...
local_fake_00323_hf_142_E_1010165.wav,fake/local_fake_00323_hf_142_E_1010165.wav,fake,1,local,3.64,16000,1,116540,5e2c860d6066e763...
local_fake_00324_hf_143_E_1010273.wav,fake/local_fake_00324_hf_143_E_1010273.wav,fake,1,local,3.12,16000,1,99964,14a7f27a7cd6f2f2...
local_fake_00325_hf_144_E_1010308.wav,fake/local_fake_00325_hf_144_E_1010308.wav,fake,1,local,1.72,16000,1,55036,51261a960451583b...
local_fake_00326_hf_145_E_1010412.wav,fake/local_fake_00326_hf_145_E_1010412.wav,fake,1,local,2.54,16000,1,81244,63a70cb9625a22c7...
local_fake_00327_hf_146_E_1010415.wav,fake/local_fake_00327_hf_146_E_1010415.wav,fake,1,local,1.65,16000,1,52764,df742e712023292d...
local_fake_00328_hf_147_E_1010601.wav,fake/local_fake_00328_hf_147_E_1010601.wav,fake,1,local,4.93,16000,1,157692,7a777500861974e0...
local_fake_00329_hf_148_E_1010731.wav,fake/local_fake_00329_hf_148_E_1010731.wav,fake,1,local,1.57,16000,1,50268,3f23bee8e5cb43f4...
local_fake_00330_hf_149_E_1010773.wav,fake/local_fake_00330_hf_149_E_1010773.wav,fake,1,local,3.3,16000,1,105756,73429efbd850b2d0...
local_fake_00331_hf_150_E_1010796.wav,fake/local_fake_00331_hf_150_E_1010796.wav,fake,1,local,3.75,16000,1,119898,343cfb4f86f918c7...
local_fake_00332_hf_151_E_1010920.wav,fake/local_fake_00332_hf_151_E_1010920.wav,fake,1,local,2.07,16000,1,66140,28ad30d2d3c7d288...
local_fake_00333_hf_152_E_1010935.wav,fake/local_fake_00333_hf_152_E_1010935.wav,fake,1,local,2.78,16000,1,88860,a16b278aa1504044...
local_fake_00334_hf_153_E_1010996.wav,fake/local_fake_00334_hf_153_E_1010996.wav,fake,1,local,4.0,16000,1,128188,466ad50868f153e9...
local_fake_00335_hf_154_E_1011006.wav,fake/local_fake_00335_hf_154_E_1011006.wav,fake,1,local,2.52,16000,1,80604,2dc2f68303870f5f...
local_fake_00336_hf_155_E_1011017.wav,fake/local_fake_00336_hf_155_E_1011017.wav,fake,1,local,4.26,16000,1,136316,5fafd75742d9ebf1...
local_fake_00337_hf_156_E_1011036.wav,fake/local_fake_00337_hf_156_E_1011036.wav,fake,1,local,3.09,16000,1,98940,339b119d683c1693...
local_fake_00338_hf_157_E_1011070.wav,fake/local_fake_00338_hf_157_E_1011070.wav,fake,1,local,4.54,16000,1,145212,35433ad018414731...
local_fake_00339_hf_158_E_1011168.wav,fake/local_fake_00339_hf_158_E_1011168.wav,fake,1,local,2.6,16000,1,83132,8dea3f951446e63e...
local_fake_00340_hf_159_E_1011204.wav,fake/local_fake_00340_hf_159_E_1011204.wav,fake,1,local,3.11,16000,1,99484,d93632d667202809...
local_fake_00341_hf_160_E_1011308.wav,fake/local_fake_00341_hf_160_E_1011308.wav,fake,1,local,3.92,16000,1,125500,0bc83adafd33013b...
local_fake_00342_hf_161_E_1011415.wav,fake/local_fake_00342_hf_161_E_1011415.wav,fake,1,local,4.16,16000,1,133084,1d80d1cc1a3375ae...
local_fake_00343_hf_162_E_1011585.wav,fake/local_fake_00343_hf_162_E_1011585.wav,fake,1,local,3.06,16000,1,98108,55fb4bf50c7c61a7...
local_fake_00344_hf_163_E_1011714.wav,fake/local_fake_00344_hf_163_E_1011714.wav,fake,1,local,3.45,16000,1,110556,34bc5acb635dd94d...
local_fake_00345_hf_164_E_1011781.wav,fake/local_fake_00345_hf_164_E_1011781.wav,fake,1,local,4.18,16000,1,133756,7f3a207b076d69d5...
local_fake_00346_hf_165_E_1011785.wav,fake/local_fake_00346_hf_165_E_1011785.wav,fake,1,local,2.68,16000,1,85724,e77bc9e5eb41854a...
local_fake_00347_hf_166_E_1011805.wav,fake/local_fake_00347_hf_166_E_1011805.wav,fake,1,local,3.42,16000,1,109468,c7e1b5403694f5a5...
local_fake_00348_hf_167_E_1011837.wav,fake/local_fake_00348_hf_167_E_1011837.wav,fake,1,local,2.96,16000,1,94748,7e5f89148edd5560...
local_fake_00349_hf_168_E_1011857.wav,fake/local_fake_00349_hf_168_E_1011857.wav,fake,1,local,1.86,16000,1,59484,e4925196bea61be3...
local_fake_00350_hf_169_E_1011922.wav,fake/local_fake_00350_hf_169_E_1011922.wav,fake,1,local,3.01,16000,1,96220,e37a5cdf10e9fa40...
local_fake_00351_hf_170_E_1012105.wav,fake/local_fake_00351_hf_170_E_1012105.wav,fake,1,local,1.51,16000,1,48412,ed61f3c48c83a50a...
local_fake_00352_hf_171_E_1012164.wav,fake/local_fake_00352_hf_171_E_1012164.wav,fake,1,local,1.67,16000,1,53468,086073d33bacf7e8...
local_fake_00353_hf_172_E_1012173.wav,fake/local_fake_00353_hf_172_E_1012173.wav,fake,1,local,4.51,16000,1,144348,b4b96d4f3f42498a...
local_fake_00354_hf_173_E_1012225.wav,fake/local_fake_00354_hf_173_E_1012225.wav,fake,1,local,4.05,16000,1,129756,a11b1ebd80f6c1d3...
local_fake_00355_hf_174_E_1012436.wav,fake/local_fake_00355_hf_174_E_1012436.wav,fake,1,local,4.99,16000,1,159708,936acad863aab9b2...
local_fake_00356_hf_175_E_1012473.wav,fake/local_fake_00356_hf_175_E_1012473.wav,fake,1,local,3.88,16000,1,124092,e95148139f61359a...
local_fake_00357_hf_176_E_1012504.wav,fake/local_fake_00357_hf_176_E_1012504.wav,fake,1,local,3.28,16000,1,105020,85c1a14ab64f7491...
local_fake_00358_hf_177_E_1012522.wav,fake/local_fake_00358_hf_177_E_1012522.wav,fake,1,local,3.39,16000,1,108604,a4da6806a7500304...
local_fake_00359_hf_178_E_1012545.wav,fake/local_fake_00359_hf_178_E_1012545.wav,fake,1,local,3.65,16000,1,116700,6e8e485e8a5fe22c...
local_fake_00360_hf_179_E_1012676.wav,fake/local_fake_00360_hf_179_E_1012676.wav,fake,1,local,1.59,16000,1,51036,2a52cabfa42bc522...
local_fake_00361_hf_17_E_1000011.wav,fake/local_fake_00361_hf_17_E_1000011.wav,fake,1,local,3.07,16000,1,98268,692df98617954d44...
local_fake_00362_hf_180_E_1012685.wav,fake/local_fake_00362_hf_180_E_1012685.wav,fake,1,local,3.8,16000,1,121532,161df87220479e6d...
local_fake_00363_hf_181_E_1012820.wav,fake/local_fake_00363_hf_181_E_1012820.wav,fake,1,local,3.93,16000,1,125724,72621a6694435345...
local_fake_00364_hf_182_E_1012896.wav,fake/local_fake_00364_hf_182_E_1012896.wav,fake,1,local,4.28,16000,1,136924,a773a3329e6c7342...
local_fake_00365_hf_183_E_1012912.wav,fake/local_fake_00365_hf_183_E_1012912.wav,fake,1,local,3.33,16000,1,106460,3d5d6e8594f54fed...
local_fake_00366_hf_184_E_1012971.wav,fake/local_fake_00366_hf_184_E_1012971.wav,fake,1,local,3.92,16000,1,125628,a67b82f6318e9bf6...
local_fake_00367_hf_185_E_1013008.wav,fake/local_fake_00367_hf_185_E_1013008.wav,fake,1,local,4.59,16000,1,146908,e30245ec0f1f26cd...
local_fake_00368_hf_186_E_1013079.wav,fake/local_fake_00368_hf_186_E_1013079.wav,fake,1,local,2.12,16000,1,67804,d2ed9766236223a4...
local_fake_00369_hf_187_E_1013169.wav,fake/local_fake_00369_hf_187_E_1013169.wav,fake,1,local,3.17,16000,1,101340,f39ade9478833113...
local_fake_00370_hf_188_E_1013223.wav,fake/local_fake_00370_hf_188_E_1013223.wav,fake,1,local,3.81,16000,1,121820,194bc7d4df12d504...
local_fake_00371_hf_189_E_1013279.wav,fake/local_fake_00371_hf_189_E_1013279.wav,fake,1,local,3.32,16000,1,106268,ce9c9e590c582551...
local_fake_00372_hf_18_E_1000134.wav,fake/local_fake_00372_hf_18_E_1000134.wav,fake,1,local,2.29,16000,1,73244,7df9e0a0d1a7b682...
local_fake_00373_hf_190_E_1013316.wav,fake/local_fake_00373_hf_190_E_1013316.wav,fake,1,local,3.39,16000,1,108508,2d313f25c1de034e...
local_fake_00374_hf_191_E_1013406.wav,fake/local_fake_00374_hf_191_E_1013406.wav,fake,1,local,1.79,16000,1,57308,73b7ab91e1cffad0...
local_fake_00375_hf_192_E_1013410.wav,fake/local_fake_00375_hf_192_E_1013410.wav,fake,1,local,4.61,16000,1,147676,bbf75c35ca22e299...
local_fake_00376_hf_193_E_1013494.wav,fake/local_fake_00376_hf_193_E_1013494.wav,fake,1,local,4.19,16000,1,134108,4b03bddc53296e16...
local_fake_00377_hf_194_E_1013552.wav,fake/local_fake_00377_hf_194_E_1013552.wav,fake,1,local,2.94,16000,1,93980,00f134fce97b869e...
local_fake_00378_hf_195_E_1013844.wav,fake/local_fake_00378_hf_195_E_1013844.wav,fake,1,local,3.01,16000,1,96220,6f9ba8ac9a01f33e...
local_fake_00379_hf_196_E_1014090.wav,fake/local_fake_00379_hf_196_E_1014090.wav,fake,1,local,3.17,16000,1,101340,5f303682e7411400...
local_fake_00380_hf_197_E_1014105.wav,fake/local_fake_00380_hf_197_E_1014105.wav,fake,1,local,4.44,16000,1,142012,6a52efc4b2ec906f...
local_fake_00381_hf_198_E_1014128.wav,fake/local_fake_00381_hf_198_E_1014128.wav,fake,1,local,3.21,16000,1,102684,3db3d91161e12277...
local_fake_00382_hf_199_E_1014167.wav,fake/local_fake_00382_hf_199_E_1014167.wav,fake,1,local,3.14,16000,1,100380,00a81c3fa1ff8448...
local_fake_00383_hf_19_E_1000206.wav,fake/local_fake_00383_hf_19_E_1000206.wav,fake,1,local,2.05,16000,1,65500,10ae526702da0979...
local_fake_00384_hf_20_E_1000239.wav,fake/local_fake_00384_hf_20_E_1000239.wav,fake,1,local,2.49,16000,1,79836,8c03b598bd42ebcb...
local_fake_00385_hf_21_E_1000256.wav,fake/local_fake_00385_hf_21_E_1000256.wav,fake,1,local,4.03,16000,1,128988,ccabff9716edccd8...
local_fake_00386_hf_22_E_1000312.wav,fake/local_fake_00386_hf_22_E_1000312.wav,fake,1,local,3.73,16000,1,119516,00c30cc46f54ef9a...
local_fake_00387_hf_23_E_1000393.wav,fake/local_fake_00387_hf_23_E_1000393.wav,fake,1,local,4.17,16000,1,133596,12688ad6e0b9a09c...
local_fake_00388_hf_24_E_1000417.wav,fake/local_fake_00388_hf_24_E_1000417.wav,fake,1,local,2.53,16000,1,81116,db3004e8dc4d731b...
local_fake_00389_hf_25_E_1000423.wav,fake/local_fake_00389_hf_25_E_1000423.wav,fake,1,local,3.88,16000,1,124124,ff59651bd18cc30d...
local_fake_00390_hf_26_E_1000497.wav,fake/local_fake_00390_hf_26_E_1000497.wav,fake,1,local,4.25,16000,1,136156,1c172985fb3aa58d...
local_fake_00391_hf_27_E_1000559.wav,fake/local_fake_00391_hf_27_E_1000559.wav,fake,1,local,3.18,16000,1,101756,d53c35f0fa3731a6...
local_fake_00392_hf_28_E_1000589.wav,fake/local_fake_00392_hf_28_E_1000589.wav,fake,1,local,4.25,16000,1,136156,d5ae8aa8e81928ea...
local_fake_00393_hf_29_E_1000594.wav,fake/local_fake_00393_hf_29_E_1000594.wav,fake,1,local,3.07,16000,1,98268,e024513a6840e621...
local_fake_00394_hf_30_E_1000654.wav,fake/local_fake_00394_hf_30_E_1000654.wav,fake,1,local,3.9,16000,1,124796,794ae55c93300d83...
local_fake_00395_hf_31_E_1000850.wav,fake/local_fake_00395_hf_31_E_1000850.wav,fake,1,local,3.5,16000,1,111964,15e06353d7c8ab30...
local_fake_00396_hf_32_E_1001093.wav,fake/local_fake_00396_hf_32_E_1001093.wav,fake,1,local,3.58,16000,1,114652,284d01808572d9d4...
local_fake_00397_hf_33_E_1001115.wav,fake/local_fake_00397_hf_33_E_1001115.wav,fake,1,local,2.62,16000,1,83932,6213ec5c628e6d95...
local_fake_00398_hf_34_E_1001117.wav,fake/local_fake_00398_hf_34_E_1001117.wav,fake,1,local,2.39,16000,1,76508,ea485cb276e4a377...
local_fake_00399_hf_35_E_1001176.wav,fake/local_fake_00399_hf_35_E_1001176.wav,fake,1,local,2.33,16000,1,74716,80ea70ba5c34357b...
local_fake_00400_hf_36_E_1001369.wav,fake/local_fake_00400_hf_36_E_1001369.wav,fake,1,local,3.23,16000,1,103388,871010573917f1db...
local_fake_00401_hf_37_E_1001417.wav,fake/local_fake_00401_hf_37_E_1001417.wav,fake,1,local,2.05,16000,1,65500,d8fea23be9c838cf...
local_fake_00402_hf_38_E_1001471.wav,fake/local_fake_00402_hf_38_E_1001471.wav,fake,1,local,2.59,16000,1,82780,1da0e396ae8afeac...
local_fake_00403_hf_39_E_1001501.wav,fake/local_fake_00403_hf_39_E_1001501.wav,fake,1,local,5.84,16000,1,186876,d217d3e4652d09f3...
local_fake_00404_hf_40_E_1001507.wav,fake/local_fake_00404_hf_40_E_1001507.wav,fake,1,local,4.38,16000,1,140252,dddc2567b710b606...
local_fake_00405_hf_41_E_1001565.wav,fake/local_fake_00405_hf_41_E_1001565.wav,fake,1,local,4.37,16000,1,139910,ddaeca01c1d1e7f1...
local_fake_00406_hf_42_E_1001583.wav,fake/local_fake_00406_hf_42_E_1001583.wav,fake,1,local,3.6,16000,1,115388,5a602bb4288fdfd1...
local_fake_00407_hf_43_E_1001724.wav,fake/local_fake_00407_hf_43_E_1001724.wav,fake,1,local,2.81,16000,1,90076,935d59af4bfa9394...
local_fake_00408_hf_44_E_1001872.wav,fake/local_fake_00408_hf_44_E_1001872.wav,fake,1,local,5.06,16000,1,162012,e401cd8cd877d9f3...
local_fake_00409_hf_45_E_1002130.wav,fake/local_fake_00409_hf_45_E_1002130.wav,fake,1,local,2.58,16000,1,82524,b733c89bd9a092a2...
local_fake_00410_hf_46_E_1002259.wav,fake/local_fake_00410_hf_46_E_1002259.wav,fake,1,local,1.99,16000,1,63740,77d055068fa30a6f...
local_fake_00411_hf_47_E_1002260.wav,fake/local_fake_00411_hf_47_E_1002260.wav,fake,1,local,2.9,16000,1,92700,27fefa2d3711acaf...
local_fake_00412_hf_48_E_1002463.wav,fake/local_fake_00412_hf_48_E_1002463.wav,fake,1,local,3.1,16000,1,99292,ff119f45e78d09dd...
local_fake_00413_hf_49_E_1002488.wav,fake/local_fake_00413_hf_49_E_1002488.wav,fake,1,local,4.16,16000,1,133020,68ddb7b181cb5e0a...
local_fake_00414_hf_50_E_1002518.wav,fake/local_fake_00414_hf_50_E_1002518.wav,fake,1,local,4.33,16000,1,138492,85e7fd03cb1b9b26...
local_fake_00415_hf_51_E_1002573.wav,fake/local_fake_00415_hf_51_E_1002573.wav,fake,1,local,2.7,16000,1,86364,1ffb8de69b142c26...
local_fake_00416_hf_52_E_1002645.wav,fake/local_fake_00416_hf_52_E_1002645.wav,fake,1,local,3.06,16000,1,97948,751d1c09cefc13ae...
local_fake_00417_hf_53_E_1002657.wav,fake/local_fake_00417_hf_53_E_1002657.wav,fake,1,local,2.85,16000,1,91356,6f27d700345aeb10...
local_fake_00418_hf_54_E_1002663.wav,fake/local_fake_00418_hf_54_E_1002663.wav,fake,1,local,2.57,16000,1,82428,f9abc62d803e1aab...
local_fake_00419_hf_55_E_1002679.wav,fake/local_fake_00419_hf_55_E_1002679.wav,fake,1,local,3.07,16000,1,98268,39d1b5a81b892561...
local_fake_00420_hf_56_E_1002735.wav,fake/local_fake_00420_hf_56_E_1002735.wav,fake,1,local,3.59,16000,1,114844,2cb154fa4093c2a3...
local_fake_00421_hf_57_E_1002827.wav,fake/local_fake_00421_hf_57_E_1002827.wav,fake,1,local,4.0,16000,1,127964,7834f6e887dcc7cd...
local_fake_00422_hf_58_E_1002846.wav,fake/local_fake_00422_hf_58_E_1002846.wav,fake,1,local,3.04,16000,1,97244,e1efdca7bbf65152...
local_fake_00423_hf_59_E_1002910.wav,fake/local_fake_00423_hf_59_E_1002910.wav,fake,1,local,2.17,16000,1,69596,b1e4fae4c9180fdd...
local_fake_00424_hf_60_E_1002914.wav,fake/local_fake_00424_hf_60_E_1002914.wav,fake,1,local,2.53,16000,1,80956,bc799ff696db1400...
local_fake_00425_hf_61_E_1003137.wav,fake/local_fake_00425_hf_61_E_1003137.wav,fake,1,local,2.53,16000,1,81148,71c7162a627b5960...
local_fake_00426_hf_62_E_1003139.wav,fake/local_fake_00426_hf_62_E_1003139.wav,fake,1,local,3.58,16000,1,114652,5d1668eaa1138f02...
local_fake_00427_hf_63_E_1003177.wav,fake/local_fake_00427_hf_63_E_1003177.wav,fake,1,local,3.54,16000,1,113340,bfb3e0d4d497bd13...
local_fake_00428_hf_64_E_1003273.wav,fake/local_fake_00428_hf_64_E_1003273.wav,fake,1,local,3.7,16000,1,118364,c5decc05e7e9ba18...
local_fake_00429_hf_65_E_1003489.wav,fake/local_fake_00429_hf_65_E_1003489.wav,fake,1,local,3.09,16000,1,98972,b842ff1c9a3fb189...
local_fake_00430_hf_66_E_1003501.wav,fake/local_fake_00430_hf_66_E_1003501.wav,fake,1,local,2.98,16000,1,95452,1faed62392810970...
local_fake_00431_hf_67_E_1003521.wav,fake/local_fake_00431_hf_67_E_1003521.wav,fake,1,local,3.21,16000,1,102620,4c30f1694726e548...
local_fake_00432_hf_68_E_1003527.wav,fake/local_fake_00432_hf_68_E_1003527.wav,fake,1,local,2.54,16000,1,81180,f158f8cfc57cb60b...
local_fake_00433_hf_69_E_1003564.wav,fake/local_fake_00433_hf_69_E_1003564.wav,fake,1,local,2.28,16000,1,72988,175750fac1385759...
local_fake_00434_hf_70_E_1003567.wav,fake/local_fake_00434_hf_70_E_1003567.wav,fake,1,local,2.89,16000,1,92476,38417facfc255f6e...
local_fake_00435_hf_71_E_1003579.wav,fake/local_fake_00435_hf_71_E_1003579.wav,fake,1,local,2.49,16000,1,79836,54abbdee7b2b7225...
local_fake_00436_hf_72_E_1003622.wav,fake/local_fake_00436_hf_72_E_1003622.wav,fake,1,local,3.62,16000,1,115932,342f9f592e0910ab...
local_fake_00437_hf_73_E_1003722.wav,fake/local_fake_00437_hf_73_E_1003722.wav,fake,1,local,1.94,16000,1,62140,c4357baef6834acb...
local_fake_00438_hf_74_E_1003778.wav,fake/local_fake_00438_hf_74_E_1003778.wav,fake,1,local,4.43,16000,1,141788,c09434a4fd1a0138...
local_fake_00439_hf_75_E_1003780.wav,fake/local_fake_00439_hf_75_E_1003780.wav,fake,1,local,3.07,16000,1,98428,0c2c1c7ecbb507f7...
local_fake_00440_hf_76_E_1003783.wav,fake/local_fake_00440_hf_76_E_1003783.wav,fake,1,local,2.72,16000,1,87068,a542ae98faa5f12a...
local_fake_00441_hf_77_E_1003990.wav,fake/local_fake_00441_hf_77_E_1003990.wav,fake,1,local,3.84,16000,1,123068,fac8ed295ff31c88...
local_fake_00442_hf_78_E_1004054.wav,fake/local_fake_00442_hf_78_E_1004054.wav,fake,1,local,3.65,16000,1,116700,63352d3f7e5f1a4b...
local_fake_00443_hf_79_E_1004060.wav,fake/local_fake_00443_hf_79_E_1004060.wav,fake,1,local,3.0,16000,1,95996,6028ba24da2cd803...
local_fake_00444_hf_80_E_1004151.wav,fake/local_fake_00444_hf_80_E_1004151.wav,fake,1,local,1.6,16000,1,51228,67cc762b1835e305...
local_fake_00445_hf_81_E_1004462.wav,fake/local_fake_00445_hf_81_E_1004462.wav,fake,1,local,2.15,16000,1,68700,f3092d12cc76cd16...
local_fake_00446_hf_82_E_1004475.wav,fake/local_fake_00446_hf_82_E_1004475.wav,fake,1,local,3.07,16000,1,98268,2eb0adcf3705391f...
local_fake_00447_hf_83_E_1004642.wav,fake/local_fake_00447_hf_83_E_1004642.wav,fake,1,local,3.29,16000,1,105404,4415c0b00e468a13...
local_fake_00448_hf_84_E_1004878.wav,fake/local_fake_00448_hf_84_E_1004878.wav,fake,1,local,3.01,16000,1,96220,39216770ea5b3190...
local_fake_00449_hf_85_E_1004944.wav,fake/local_fake_00449_hf_85_E_1004944.wav,fake,1,local,2.88,16000,1,92124,b852004735e45a65...
local_fake_00450_hf_86_E_1004945.wav,fake/local_fake_00450_hf_86_E_1004945.wav,fake,1,local,3.33,16000,1,106460,4bcde69d88741eee...
local_fake_00451_hf_87_E_1005020.wav,fake/local_fake_00451_hf_87_E_1005020.wav,fake,1,local,4.76,16000,1,152348,c6d4a8f3aef38ff4...
local_fake_00452_hf_88_E_1005237.wav,fake/local_fake_00452_hf_88_E_1005237.wav,fake,1,local,2.61,16000,1,83548,0d37b8e8c9176000...
local_fake_00453_hf_89_E_1005308.wav,fake/local_fake_00453_hf_89_E_1005308.wav,fake,1,local,2.2,16000,1,70460,ac28fcd362420545...
local_fake_00454_hf_90_E_1005355.wav,fake/local_fake_00454_hf_90_E_1005355.wav,fake,1,local,2.43,16000,1,77660,9bba8aad688ec508...
local_fake_00455_hf_91_E_1005360.wav,fake/local_fake_00455_hf_91_E_1005360.wav,fake,1,local,2.66,16000,1,85148,4d9c9bc49f6fafd1...
local_fake_00456_hf_92_E_1005415.wav,fake/local_fake_00456_hf_92_E_1005415.wav,fake,1,local,3.18,16000,1,101788,65fee7751cda1a9c...
local_fake_00457_hf_93_E_1005515.wav,fake/local_fake_00457_hf_93_E_1005515.wav,fake,1,local,4.86,16000,1,155708,aad7f5d97066d27c...
local_fake_00458_hf_94_E_1005587.wav,fake/local_fake_00458_hf_94_E_1005587.wav,fake,1,local,2.4,16000,1,76892,9108700aa26a0820...
local_fake_00459_hf_95_E_1005680.wav,fake/local_fake_00459_hf_95_E_1005680.wav,fake,1,local,4.17,16000,1,133596,8b2477a6a27c6e35...
local_fake_00460_hf_96_E_1005695.wav,fake/local_fake_00460_hf_96_E_1005695.wav,fake,1,local,2.75,16000,1,88124,e812d213853aaa4a...
local_fake_00461_hf_97_E_1005703.wav,fake/local_fake_00461_hf_97_E_1005703.wav,fake,1,local,3.23,16000,1,103388,96e3cd8870d6ec1a...
local_fake_00462_hf_98_E_1005707.wav,fake/local_fake_00462_hf_98_E_1005707.wav,fake,1,local,3.39,16000,1,108508,f72d66a888052397...
local_fake_00463_hf_99_E_1005736.wav,fake/local_fake_00463_hf_99_E_1005736.wav,fake,1,local,3.27,16000,1,104636,4cd2fc2a223db620...
local_fake_00481_fake_tts_0001.wav,fake/local_fake_00481_fake_tts_0001.wav,fake,1,local,2.2,16000,1,70434,9c53ff4fbcf2fe10...
local_fake_00482_fake_tts_0004.wav,fake/local_fake_00482_fake_tts_0004.wav,fake,1,local,2.52,16000,1,80706,cbdbc7b2edc0251e...
local_fake_00483_fake_tts_0007.wav,fake/local_fake_00483_fake_tts_0007.wav,fake,1,local,2.33,16000,1,74464,297e2658ae029067...
local_fake_00484_fake_tts_0010.wav,fake/local_fake_00484_fake_tts_0010.wav,fake,1,local,2.46,16000,1,78640,cae76525b57f52e2...
local_fake_00485_fake_tts_0013.wav,fake/local_fake_00485_fake_tts_0013.wav,fake,1,local,2.36,16000,1,75632,fdb0e79405d3bc65...
local_fake_00486_fake_tts_0016.wav,fake/local_fake_00486_fake_tts_0016.wav,fake,1,local,3.18,16000,1,101732,001961895215bbe8...
local_fake_00487_fake_tts_0019.wav,fake/local_fake_00487_fake_tts_0019.wav,fake,1,local,2.81,16000,1,89978,9ceca226cd4f074e...
local_fake_00488_fake_tts_0022.wav,fake/local_fake_00488_fake_tts_0022.wav,fake,1,local,3.42,16000,1,109578,a23facaf19a13047...
local_fake_00489_fake_tts_0025.wav,fake/local_fake_00489_fake_tts_0025.wav,fake,1,local,2.44,16000,1,78270,c50062a1cedf0e0c...
local_fake_00490_fake_tts_0028.wav,fake/local_fake_00490_fake_tts_0028.wav,fake,1,local,2.47,16000,1,79044,4fe8a325e497fcd3...
local_fake_00491_fake_tts_0031.wav,fake/local_fake_00491_fake_tts_0031.wav,fake,1,local,2.03,16000,1,65000,018a5b1a1e9fb982...
local_fake_00492_fake_tts_0034.wav,fake/local_fake_00492_fake_tts_0034.wav,fake,1,local,3.47,16000,1,110968,887398dc312860bd...
local_fake_00493_fake_vocoder_phase_0002.wav,fake/local_fake_00493_fake_vocoder_phase_0002.wav,fake,1,local,3.49,16000,1,111682,0b1811b8c61c201f...
local_fake_00494_fake_vocoder_phase_0005.wav,fake/local_fake_00494_fake_vocoder_phase_0005.wav,fake,1,local,2.54,16000,1,81420,01672a9db330182d...
local_fake_00495_fake_vocoder_phase_0008.wav,fake/local_fake_00495_fake_vocoder_phase_0008.wav,fake,1,local,2.24,16000,1,71790,a313b57fa9141030...
local_fake_00496_fake_vocoder_phase_0011.wav,fake/local_fake_00496_fake_vocoder_phase_0011.wav,fake,1,local,2.19,16000,1,70042,42f70b73b5dbde37...
local_fake_00497_fake_vocoder_phase_0014.wav,fake/local_fake_00497_fake_vocoder_phase_0014.wav,fake,1,local,3.41,16000,1,109246,4dc98a19628ac0e1...
local_fake_00498_fake_vocoder_phase_0017.wav,fake/local_fake_00498_fake_vocoder_phase_0017.wav,fake,1,local,3.48,16000,1,111342,d41e1b4c65806cde...
local_fake_00499_fake_vocoder_phase_0020.wav,fake/local_fake_00499_fake_vocoder_phase_0020.wav,fake,1,local,3.45,16000,1,110354,ac92b9cf0e088a1a...
local_fake_00500_fake_vocoder_phase_0023.wav,fake/local_fake_00500_fake_vocoder_phase_0023.wav,fake,1,local,3.03,16000,1,96884,8b98ac99ba354383...
local_fake_00501_fake_vocoder_phase_0026.wav,fake/local_fake_00501_fake_vocoder_phase_0026.wav,fake,1,local,2.15,16000,1,68916,bcf13780bcad24c2...
local_fake_00502_fake_vocoder_phase_0029.wav,fake/local_fake_00502_fake_vocoder_phase_0029.wav,fake,1,local,3.13,16000,1,100288,f1ea4bc5f8bf5515...
local_fake_00503_fake_vocoder_phase_0032.wav,fake/local_fake_00503_fake_vocoder_phase_0032.wav,fake,1,local,2.71,16000,1,86862,da74dde2ee17530a...
local_fake_00504_fake_vocoder_phase_0035.wav,fake/local_fake_00504_fake_vocoder_phase_0035.wav,fake,1,local,2.43,16000,1,77700,472d9acbafa7f51b...
local_fake_00505_fake_voice_conversion_0003.wav,fake/local_fake_00505_fake_voice_conversion_0003.wav,fake,1,local,2.35,16000,1,75358,00958dfae69e9c70...
local_fake_00506_fake_voice_conversion_0006.wav,fake/local_fake_00506_fake_voice_conversion_0006.wav,fake,1,local,2.4,16000,1,76886,48eef9d18f6117c1...
local_fake_00507_fake_voice_conversion_0009.wav,fake/local_fake_00507_fake_voice_conversion_0009.wav,fake,1,local,2.68,16000,1,85806,f232cdc3fd13a7df...
local_fake_00508_fake_voice_conversion_0012.wav,fake/local_fake_00508_fake_voice_conversion_0012.wav,fake,1,local,3.37,16000,1,107966,651fcc62ded6c7d5...
local_fake_00509_fake_voice_conversion_0015.wav,fake/local_fake_00509_fake_voice_conversion_0015.wav,fake,1,local,3.26,16000,1,104466,3d59e424322d9807...
local_fake_00510_fake_voice_conversion_0018.wav,fake/local_fake_00510_fake_voice_conversion_0018.wav,fake,1,local,2.16,16000,1,69006,3fa12d4c3c72517b...
local_fake_00511_fake_voice_conversion_0021.wav,fake/local_fake_00511_fake_voice_conversion_0021.wav,fake,1,local,2.93,16000,1,93696,474cfcd8edcd1741...
local_fake_00512_fake_voice_conversion_0024.wav,fake/local_fake_00512_fake_voice_conversion_0024.wav,fake,1,local,3.38,16000,1,108268,669f8f82dce12eb0...
local_fake_00513_fake_voice_conversion_0027.wav,fake/local_fake_00513_fake_voice_conversion_0027.wav,fake,1,local,2.42,16000,1,77324,e60c6b2ed13c6ed4...
local_fake_00514_fake_voice_conversion_0030.wav,fake/local_fake_00514_fake_voice_conversion_0030.wav,fake,1,local,2.11,16000,1,67476,be1cd5ec1cbd9a81...
local_fake_00515_fake_voice_conversion_0033.wav,fake/local_fake_00515_fake_voice_conversion_0033.wav,fake,1,local,2.87,16000,1,92036,a5edd0880cd35c13...
naturalspeech3_00669_0.wav,fake/naturalspeech3_00669_0.wav,fake,1,naturalspeech3,3.06,16000,1,98044,9710d3b7677f3746...
naturalspeech3_00670_1.wav,fake/naturalspeech3_00670_1.wav,fake,1,naturalspeech3,2.48,16000,1,79244,8610d13eb1b28581...
naturalspeech3_00671_10.wav,fake/naturalspeech3_00671_10.wav,fake,1,naturalspeech3,5.66,16000,1,181244,1bb06b1a4e4b3505...
naturalspeech3_00672_11.wav,fake/naturalspeech3_00672_11.wav,fake,1,naturalspeech3,8.88,16000,1,284044,7698ebd49c1ceb2a...
naturalspeech3_00673_12.wav,fake/naturalspeech3_00673_12.wav,fake,1,naturalspeech3,7.4,16000,1,236844,e79ae5a6b84f1d9c...
naturalspeech3_00674_13.wav,fake/naturalspeech3_00674_13.wav,fake,1,naturalspeech3,10.59,16000,1,338844,1cd198c08dbabb3d...
naturalspeech3_00675_14.wav,fake/naturalspeech3_00675_14.wav,fake,1,naturalspeech3,6.21,16000,1,198844,ed4f726ecda34ecb...
naturalspeech3_00676_15.wav,fake/naturalspeech3_00676_15.wav,fake,1,naturalspeech3,6.9,16000,1,220844,ad48216234d34307...
naturalspeech3_00677_16.wav,fake/naturalspeech3_00677_16.wav,fake,1,naturalspeech3,8.32,16000,1,266444,a131597ddbd9c12d...
naturalspeech3_00678_17.wav,fake/naturalspeech3_00678_17.wav,fake,1,naturalspeech3,8.54,16000,1,273244,5f97b68d9e39fa5b...
naturalspeech3_00679_18.wav,fake/naturalspeech3_00679_18.wav,fake,1,naturalspeech3,8.15,16000,1,260844,2ec0fa1bc16c3733...
naturalspeech3_00680_19.wav,fake/naturalspeech3_00680_19.wav,fake,1,naturalspeech3,8.1,16000,1,259244,9caa85085c6c3b13...
naturalspeech3_00681_2.wav,fake/naturalspeech3_00681_2.wav,fake,1,naturalspeech3,2.81,16000,1,90044,4931ef087b2d6a6e...
naturalspeech3_00682_20.wav,fake/naturalspeech3_00682_20.wav,fake,1,naturalspeech3,3.51,16000,1,112444,b6640be6bde1518a...
naturalspeech3_00683_21.wav,fake/naturalspeech3_00683_21.wav,fake,1,naturalspeech3,5.84,16000,1,186844,044761522b732bc1...
naturalspeech3_00684_22.wav,fake/naturalspeech3_00684_22.wav,fake,1,naturalspeech3,10.11,16000,1,323644,9e6e11b0b757722d...
naturalspeech3_00685_23.wav,fake/naturalspeech3_00685_23.wav,fake,1,naturalspeech3,12.89,16000,1,412444,5f7c3a40bd881d5d...
naturalspeech3_00686_24.wav,fake/naturalspeech3_00686_24.wav,fake,1,naturalspeech3,2.46,16000,1,78844,99593534651720af...
naturalspeech3_00687_25.wav,fake/naturalspeech3_00687_25.wav,fake,1,naturalspeech3,2.4,16000,1,76844,b7d467b53c1f1ec5...
naturalspeech3_00688_26.wav,fake/naturalspeech3_00688_26.wav,fake,1,naturalspeech3,2.86,16000,1,91644,7363d290994521a1...
naturalspeech3_00689_27.wav,fake/naturalspeech3_00689_27.wav,fake,1,naturalspeech3,2.56,16000,1,82044,fd6056bd38a8fe28...
naturalspeech3_00690_28.wav,fake/naturalspeech3_00690_28.wav,fake,1,naturalspeech3,2.88,16000,1,92044,0d9fdc15ceefa5e4...
naturalspeech3_00691_29.wav,fake/naturalspeech3_00691_29.wav,fake,1,naturalspeech3,2.29,16000,1,73244,2f2997cc5f51b23f...
naturalspeech3_00692_3.wav,fake/naturalspeech3_00692_3.wav,fake,1,naturalspeech3,3.23,16000,1,103244,f15a544c42fa373e...
naturalspeech3_00693_30.wav,fake/naturalspeech3_00693_30.wav,fake,1,naturalspeech3,3.09,16000,1,98844,0d446dcb3229d05c...
naturalspeech3_00694_31.wav,fake/naturalspeech3_00694_31.wav,fake,1,naturalspeech3,2.26,16000,1,72444,4858dd49612db51e...
naturalspeech3_00695_4.wav,fake/naturalspeech3_00695_4.wav,fake,1,naturalspeech3,2.74,16000,1,87644,a0c8dd007ad84c8f...
naturalspeech3_00696_5.wav,fake/naturalspeech3_00696_5.wav,fake,1,naturalspeech3,3.01,16000,1,96444,9cdbf927e310f934...
naturalspeech3_00697_6.wav,fake/naturalspeech3_00697_6.wav,fake,1,naturalspeech3,3.12,16000,1,100044,fa33f776d62f259b...
naturalspeech3_00698_7.wav,fake/naturalspeech3_00698_7.wav,fake,1,naturalspeech3,2.49,16000,1,79644,30469e5b9cd43845...
naturalspeech3_00699_8.wav,fake/naturalspeech3_00699_8.wav,fake,1,naturalspeech3,3.74,16000,1,119644,22bcaf7f106867e9...
naturalspeech3_00700_9.wav,fake/naturalspeech3_00700_9.wav,fake,1,naturalspeech3,9.47,16000,1,303244,fc9b8e5e2f11ad49...
openai_00701_alloy_0.wav,fake/openai_00701_alloy_0.wav,fake,1,openai,1.66,24000,1,33120,aca05aef763033d0...
openai_00702_alloy_1.wav,fake/openai_00702_alloy_1.wav,fake,1,openai,1.8,24000,1,36000,857e4a3742b3bc3d...
openai_00703_alloy_10.wav,fake/openai_00703_alloy_10.wav,fake,1,openai,4.68,24000,1,93600,aab2bb02c8887cfe...
openai_00704_alloy_11.wav,fake/openai_00704_alloy_11.wav,fake,1,openai,4.54,24000,1,90720,ec9ec79f5ec1e533...
openai_00705_alloy_12.wav,fake/openai_00705_alloy_12.wav,fake,1,openai,4.66,24000,1,93120,7b251cd31177aa9a...
openai_00706_alloy_13.wav,fake/openai_00706_alloy_13.wav,fake,1,openai,2.76,24000,1,55200,83001a3816cd9874...
openai_00707_alloy_14.wav,fake/openai_00707_alloy_14.wav,fake,1,openai,6.72,24000,1,134400,85c19a838343fa78...
openai_00708_alloy_15.wav,fake/openai_00708_alloy_15.wav,fake,1,openai,3.94,24000,1,78720,8e54fcb1c830f4c6...
openai_00709_alloy_16.wav,fake/openai_00709_alloy_16.wav,fake,1,openai,5.28,24000,1,105600,57e361b970628cdd...
openai_00710_alloy_17.wav,fake/openai_00710_alloy_17.wav,fake,1,openai,3.96,24000,1,79200,0282d659572e6bf7...
openai_00711_alloy_18.wav,fake/openai_00711_alloy_18.wav,fake,1,openai,3.1,24000,1,61920,671261b5b616cf60...
openai_00712_alloy_19.wav,fake/openai_00712_alloy_19.wav,fake,1,openai,3.98,24000,1,79680,2f3ce8c8460a4f03...
openai_00713_alloy_2.wav,fake/openai_00713_alloy_2.wav,fake,1,openai,2.23,24000,1,44640,e6b817d8175ec062...
openai_00714_alloy_20.wav,fake/openai_00714_alloy_20.wav,fake,1,openai,3.41,24000,1,68160,75e016f3aeaa8c01...
openai_00715_alloy_21.wav,fake/openai_00715_alloy_21.wav,fake,1,openai,3.26,24000,1,65280,068e945f67ab263e...
openai_00716_alloy_22.wav,fake/openai_00716_alloy_22.wav,fake,1,openai,4.32,24000,1,86400,d6259be4cf811604...
openai_00717_alloy_23.wav,fake/openai_00717_alloy_23.wav,fake,1,openai,5.26,24000,1,105120,a77724d3cca8eab4...
openai_00718_alloy_24.wav,fake/openai_00718_alloy_24.wav,fake,1,openai,4.75,24000,1,95040,88e24cb77c8d97fe...
openai_00719_alloy_25.wav,fake/openai_00719_alloy_25.wav,fake,1,openai,5.28,24000,1,105600,4ea6da0560440ed2...
openai_00720_alloy_26.wav,fake/openai_00720_alloy_26.wav,fake,1,openai,4.8,24000,1,96000,44293345dca3194e...
openai_00721_alloy_27.wav,fake/openai_00721_alloy_27.wav,fake,1,openai,5.66,24000,1,113280,0abd430a78f3a5c4...
openai_00722_alloy_28.wav,fake/openai_00722_alloy_28.wav,fake,1,openai,3.82,24000,1,76320,cf234ba96ac8b3d8...
openai_00723_alloy_29.wav,fake/openai_00723_alloy_29.wav,fake,1,openai,6.19,24000,1,123840,f2e15607d00e49cf...
openai_00724_alloy_3.wav,fake/openai_00724_alloy_3.wav,fake,1,openai,3.22,24000,1,64320,12ed4652788fb2d4...
openai_00725_alloy_30.wav,fake/openai_00725_alloy_30.wav,fake,1,openai,5.74,24000,1,114720,56d0b22b107b03f5...
openai_00726_alloy_31.wav,fake/openai_00726_alloy_31.wav,fake,1,openai,4.37,24000,1,87360,49cce2a5eb6abb31...
openai_00727_alloy_32.wav,fake/openai_00727_alloy_32.wav,fake,1,openai,4.42,24000,1,88320,6b353960bf650634...
openai_00728_alloy_33.wav,fake/openai_00728_alloy_33.wav,fake,1,openai,3.84,24000,1,76800,d55bb326d2702f8f...
openai_00729_alloy_34.wav,fake/openai_00729_alloy_34.wav,fake,1,openai,4.1,24000,1,82080,4a5d3ced31be68ef...
openai_00730_alloy_35.wav,fake/openai_00730_alloy_35.wav,fake,1,openai,4.01,24000,1,80160,b485a7b97455bc7b...
openai_00731_alloy_36.wav,fake/openai_00731_alloy_36.wav,fake,1,openai,3.98,24000,1,79680,e207819b724fc5bd...
openai_00732_alloy_37.wav,fake/openai_00732_alloy_37.wav,fake,1,openai,3.55,24000,1,71040,7863d2e27f7ea50d...
openai_00733_alloy_38.wav,fake/openai_00733_alloy_38.wav,fake,1,openai,3.84,24000,1,76800,e5d75d7bfece84e4...
openai_00734_alloy_39.wav,fake/openai_00734_alloy_39.wav,fake,1,openai,4.9,24000,1,97920,5885207c426d2ed3...
openai_00735_alloy_4.wav,fake/openai_00735_alloy_4.wav,fake,1,openai,2.83,24000,1,56640,419137bffa252cb7...
openai_00736_alloy_40.wav,fake/openai_00736_alloy_40.wav,fake,1,openai,4.58,24000,1,91680,c40d4c79cf90d1c7...
openai_00737_alloy_41.wav,fake/openai_00737_alloy_41.wav,fake,1,openai,4.58,24000,1,91680,1b3a7ef0d80a7d97...
openai_00738_alloy_42.wav,fake/openai_00738_alloy_42.wav,fake,1,openai,4.54,24000,1,90720,5b4583f0df111874...
openai_00739_alloy_43.wav,fake/openai_00739_alloy_43.wav,fake,1,openai,4.87,24000,1,97440,cbda430a0c869d94...
openai_00740_alloy_44.wav,fake/openai_00740_alloy_44.wav,fake,1,openai,3.84,24000,1,76800,bb3354466e817a5a...
openai_00741_alloy_45.wav,fake/openai_00741_alloy_45.wav,fake,1,openai,4.75,24000,1,95040,a2e639a5c2aa5570...
openai_00742_alloy_46.wav,fake/openai_00742_alloy_46.wav,fake,1,openai,5.64,24000,1,112800,08e4830db87f3b74...
openai_00743_alloy_47.wav,fake/openai_00743_alloy_47.wav,fake,1,openai,4.75,24000,1,95040,f0886bf9217459c9...
openai_00744_alloy_48.wav,fake/openai_00744_alloy_48.wav,fake,1,openai,3.98,24000,1,79680,ce32be905d671bc6...
openai_00745_alloy_49.wav,fake/openai_00745_alloy_49.wav,fake,1,openai,5.47,24000,1,109440,2b09fc27e02b4156...
openai_00746_alloy_5.wav,fake/openai_00746_alloy_5.wav,fake,1,openai,3.79,24000,1,75840,d69f9bcd5fe081c1...
openai_00747_alloy_50.wav,fake/openai_00747_alloy_50.wav,fake,1,openai,3.7,24000,1,73920,c8b63d3b16af8b3b...
openai_00748_alloy_51.wav,fake/openai_00748_alloy_51.wav,fake,1,openai,4.49,24000,1,89760,f687717cc9b071c6...
openai_00749_alloy_52.wav,fake/openai_00749_alloy_52.wav,fake,1,openai,3.6,24000,1,72000,90bc0a22bdf168bb...
openai_00750_alloy_53.wav,fake/openai_00750_alloy_53.wav,fake,1,openai,4.51,24000,1,90240,b846854f093e8143...
openai_00751_alloy_54.wav,fake/openai_00751_alloy_54.wav,fake,1,openai,4.7,24000,1,94080,5198a5f0a7a47d6c...
openai_00752_alloy_55.wav,fake/openai_00752_alloy_55.wav,fake,1,openai,3.48,24000,1,69600,d3b5c62e97d0809c...
openai_00753_alloy_56.wav,fake/openai_00753_alloy_56.wav,fake,1,openai,4.92,24000,1,98400,be056ef29060ca40...
openai_00754_alloy_57.wav,fake/openai_00754_alloy_57.wav,fake,1,openai,3.31,24000,1,66240,efb590c77c9c7fcf...
openai_00755_alloy_58.wav,fake/openai_00755_alloy_58.wav,fake,1,openai,4.42,24000,1,88320,162135243d7f2ee5...
openai_00756_alloy_59.wav,fake/openai_00756_alloy_59.wav,fake,1,openai,3.82,24000,1,76320,90530ac07b4204e7...
openai_00757_alloy_6.wav,fake/openai_00757_alloy_6.wav,fake,1,openai,3.84,24000,1,76800,2a2ef4b69fe95fab...
openai_00758_alloy_60.wav,fake/openai_00758_alloy_60.wav,fake,1,openai,4.1,24000,1,82080,c097722b9e484c0b...
openai_00759_alloy_61.wav,fake/openai_00759_alloy_61.wav,fake,1,openai,4.18,24000,1,83520,d506da6d3af389a2...
openai_00760_alloy_62.wav,fake/openai_00760_alloy_62.wav,fake,1,openai,4.63,24000,1,92640,8c1d51ea3ffc8456...
openai_00761_alloy_63.wav,fake/openai_00761_alloy_63.wav,fake,1,openai,4.13,24000,1,82560,d455e078dad50ee3...
openai_00762_alloy_64.wav,fake/openai_00762_alloy_64.wav,fake,1,openai,4.08,24000,1,81600,0897376bf23a9607...
openai_00763_alloy_65.wav,fake/openai_00763_alloy_65.wav,fake,1,openai,4.2,24000,1,84000,92f6883bdeb3631e...
openai_00764_alloy_66.wav,fake/openai_00764_alloy_66.wav,fake,1,openai,3.62,24000,1,72480,e619e3a5a86b5b97...
openai_00765_alloy_67.wav,fake/openai_00765_alloy_67.wav,fake,1,openai,4.34,24000,1,86880,5aad968d47ffbea0...
openai_00766_alloy_68.wav,fake/openai_00766_alloy_68.wav,fake,1,openai,3.94,24000,1,78720,0f6da2fcb6f6ba83...
openai_00767_alloy_69.wav,fake/openai_00767_alloy_69.wav,fake,1,openai,4.01,24000,1,80160,eb53ef94520834ea...
openai_00768_alloy_7.wav,fake/openai_00768_alloy_7.wav,fake,1,openai,4.2,24000,1,84000,09bffdbe29638c66...
openai_00769_alloy_70.wav,fake/openai_00769_alloy_70.wav,fake,1,openai,4.42,24000,1,88320,f8521cd884652774...
openai_00770_alloy_71.wav,fake/openai_00770_alloy_71.wav,fake,1,openai,5.38,24000,1,107520,027b28cd695fff18...
openai_00771_alloy_72.wav,fake/openai_00771_alloy_72.wav,fake,1,openai,5.28,24000,1,105600,88f4c11fc582168a...
openai_00772_alloy_73.wav,fake/openai_00772_alloy_73.wav,fake,1,openai,4.82,24000,1,96480,b6dc5beb671bf49f...
openai_00773_alloy_74.wav,fake/openai_00773_alloy_74.wav,fake,1,openai,4.73,24000,1,94560,1802e64d4c8a76f3...
openai_00774_alloy_75.wav,fake/openai_00774_alloy_75.wav,fake,1,openai,6.0,24000,1,120000,1ba76814101e085d...
openai_00775_alloy_76.wav,fake/openai_00775_alloy_76.wav,fake,1,openai,5.35,24000,1,107040,f5f97c7dcf337a19...
openai_00776_alloy_77.wav,fake/openai_00776_alloy_77.wav,fake,1,openai,6.24,24000,1,124800,0ef855b14ab54900...
openai_00777_alloy_78.wav,fake/openai_00777_alloy_78.wav,fake,1,openai,2.9,24000,1,58080,34bbc390f719c738...
openai_00778_alloy_79.wav,fake/openai_00778_alloy_79.wav,fake,1,openai,3.53,24000,1,70560,26540d91b19e0f39...
openai_00779_alloy_8.wav,fake/openai_00779_alloy_8.wav,fake,1,openai,2.59,24000,1,51840,25a670bf6012e698...
openai_00780_alloy_80.wav,fake/openai_00780_alloy_80.wav,fake,1,openai,5.04,24000,1,100800,a597346b9dfe39b0...
openai_00781_alloy_81.wav,fake/openai_00781_alloy_81.wav,fake,1,openai,5.71,24000,1,114240,6a2380e7c4fdd4cb...
openai_00782_alloy_82.wav,fake/openai_00782_alloy_82.wav,fake,1,openai,3.6,24000,1,72000,ed46befb0bde4323...
openai_00783_alloy_83.wav,fake/openai_00783_alloy_83.wav,fake,1,openai,5.02,24000,1,100320,3fd9490b6b526adf...
openai_00784_alloy_84.wav,fake/openai_00784_alloy_84.wav,fake,1,openai,5.14,24000,1,102720,ddddeff2f3803788...
openai_00785_alloy_85.wav,fake/openai_00785_alloy_85.wav,fake,1,openai,4.8,24000,1,96000,3fab5e4f65925915...
openai_00786_alloy_86.wav,fake/openai_00786_alloy_86.wav,fake,1,openai,2.9,24000,1,58080,32c936454c282e90...
openai_00787_alloy_87.wav,fake/openai_00787_alloy_87.wav,fake,1,openai,4.08,24000,1,81600,c89dad43a6a9a022...
openai_00788_alloy_88.wav,fake/openai_00788_alloy_88.wav,fake,1,openai,5.47,24000,1,109440,f1dd8ecc6f8fca0b...
openai_00789_alloy_89.wav,fake/openai_00789_alloy_89.wav,fake,1,openai,4.01,24000,1,80160,1ff633320f5b2347...
openai_00790_alloy_9.wav,fake/openai_00790_alloy_9.wav,fake,1,openai,4.08,24000,1,81600,66852427c181a3bd...
openai_00791_alloy_90.wav,fake/openai_00791_alloy_90.wav,fake,1,openai,3.77,24000,1,75360,8daecc6987851d9b...
openai_00792_alloy_91.wav,fake/openai_00792_alloy_91.wav,fake,1,openai,3.98,24000,1,79680,103b45c18282c2ad...
openai_00793_alloy_92.wav,fake/openai_00793_alloy_92.wav,fake,1,openai,3.96,24000,1,79200,9cd3fa89e07b07d0...
openai_00794_alloy_93.wav,fake/openai_00794_alloy_93.wav,fake,1,openai,4.56,24000,1,91200,593806f48b756bc1...
openai_00795_alloy_94.wav,fake/openai_00795_alloy_94.wav,fake,1,openai,3.46,24000,1,69120,d02e4f60ffa3fcd6...
openai_00796_alloy_95.wav,fake/openai_00796_alloy_95.wav,fake,1,openai,3.62,24000,1,72480,09a60bacf9f0b4f9...
openai_00797_alloy_96.wav,fake/openai_00797_alloy_96.wav,fake,1,openai,4.56,24000,1,91200,08ef77d3eccaad91...
openai_00798_alloy_97.wav,fake/openai_00798_alloy_97.wav,fake,1,openai,5.02,24000,1,100320,e92f1b5ad52c7f1c...
openai_00799_alloy_98.wav,fake/openai_00799_alloy_98.wav,fake,1,openai,4.46,24000,1,89280,629c8cdfa85f8ebe...
openai_00800_alloy_99.wav,fake/openai_00800_alloy_99.wav,fake,1,openai,4.99,24000,1,99840,a4f8ac9e249e2b20...
openai_00801_echo_0.wav,fake/openai_00801_echo_0.wav,fake,1,openai,6.14,24000,1,122880,52b1b223b2312e84...
openai_00802_echo_1.wav,fake/openai_00802_echo_1.wav,fake,1,openai,5.26,24000,1,105120,c8fd67d41ac25705...
openai_00803_echo_10.wav,fake/openai_00803_echo_10.wav,fake,1,openai,5.21,24000,1,104160,2fc70da090481bc2...
openai_00804_echo_11.wav,fake/openai_00804_echo_11.wav,fake,1,openai,4.94,24000,1,98880,5e602653b0687adf...
openai_00805_echo_12.wav,fake/openai_00805_echo_12.wav,fake,1,openai,5.33,24000,1,106560,e8798ac175d19af8...
openai_00806_echo_13.wav,fake/openai_00806_echo_13.wav,fake,1,openai,4.44,24000,1,88800,0add6f0240a5023a...
openai_00807_echo_14.wav,fake/openai_00807_echo_14.wav,fake,1,openai,4.97,24000,1,99360,b2a92aeb5c5d9f32...
openai_00808_echo_15.wav,fake/openai_00808_echo_15.wav,fake,1,openai,5.3,24000,1,106080,672a6688466b1b0f...
openai_00809_echo_16.wav,fake/openai_00809_echo_16.wav,fake,1,openai,5.23,24000,1,104640,44338d7eb7a93f29...
openai_00810_echo_17.wav,fake/openai_00810_echo_17.wav,fake,1,openai,5.83,24000,1,116640,6a9b3ffdc4441f71...
openai_00811_echo_18.wav,fake/openai_00811_echo_18.wav,fake,1,openai,4.63,24000,1,92640,5fdae42102c79e49...
openai_00812_echo_19.wav,fake/openai_00812_echo_19.wav,fake,1,openai,5.4,24000,1,108000,3adbc6f078f6f10e...
openai_00813_echo_2.wav,fake/openai_00813_echo_2.wav,fake,1,openai,5.18,24000,1,103680,7c74183f728d129e...
openai_00814_echo_20.wav,fake/openai_00814_echo_20.wav,fake,1,openai,5.42,24000,1,108480,41b99c50e4e3697c...
openai_00815_echo_21.wav,fake/openai_00815_echo_21.wav,fake,1,openai,6.12,24000,1,122400,4707357e71581903...
openai_00816_echo_22.wav,fake/openai_00816_echo_22.wav,fake,1,openai,5.52,24000,1,110400,45f11eb0bac4c80a...
openai_00817_echo_23.wav,fake/openai_00817_echo_23.wav,fake,1,openai,5.64,24000,1,112800,cbad7e1544af5000...
openai_00818_echo_24.wav,fake/openai_00818_echo_24.wav,fake,1,openai,5.83,24000,1,116640,d4aa269221fb54b4...
openai_00819_echo_25.wav,fake/openai_00819_echo_25.wav,fake,1,openai,5.9,24000,1,118080,48f1be433438fbcd...
openai_00820_echo_26.wav,fake/openai_00820_echo_26.wav,fake,1,openai,5.35,24000,1,107040,2ebdf2a52327b1c9...
openai_00821_echo_27.wav,fake/openai_00821_echo_27.wav,fake,1,openai,5.28,24000,1,105600,589c6cd4249d7075...
openai_00822_echo_28.wav,fake/openai_00822_echo_28.wav,fake,1,openai,5.78,24000,1,115680,a4cd376bfedbd5ee...
openai_00823_echo_29.wav,fake/openai_00823_echo_29.wav,fake,1,openai,5.38,24000,1,107520,f380fa475625513d...
openai_00824_echo_3.wav,fake/openai_00824_echo_3.wav,fake,1,openai,5.3,24000,1,106080,9e90fef22c1707d4...
openai_00825_echo_30.wav,fake/openai_00825_echo_30.wav,fake,1,openai,5.76,24000,1,115200,aee2fbe60c483a9b...
openai_00826_echo_31.wav,fake/openai_00826_echo_31.wav,fake,1,openai,5.52,24000,1,110400,c49a1eb52c6a269b...
openai_00827_echo_32.wav,fake/openai_00827_echo_32.wav,fake,1,openai,5.52,24000,1,110400,3bf87322ad55b7f9...
openai_00828_echo_33.wav,fake/openai_00828_echo_33.wav,fake,1,openai,5.21,24000,1,104160,015d402875dee4e3...
openai_00829_echo_34.wav,fake/openai_00829_echo_34.wav,fake,1,openai,6.12,24000,1,122400,c105d8669258faf2...
openai_00830_echo_35.wav,fake/openai_00830_echo_35.wav,fake,1,openai,5.64,24000,1,112800,c8d894a8a287880b...
openai_00831_echo_36.wav,fake/openai_00831_echo_36.wav,fake,1,openai,5.81,24000,1,116160,d3ff439e82d03c40...
openai_00832_echo_37.wav,fake/openai_00832_echo_37.wav,fake,1,openai,6.02,24000,1,120480,67c451b9c19b56d1...
openai_00833_echo_38.wav,fake/openai_00833_echo_38.wav,fake,1,openai,5.62,24000,1,112320,8f3e89bd498c20bd...
openai_00834_echo_39.wav,fake/openai_00834_echo_39.wav,fake,1,openai,5.42,24000,1,108480,4bb041b815e10b55...
openai_00835_echo_4.wav,fake/openai_00835_echo_4.wav,fake,1,openai,4.9,24000,1,97920,bd40f9c5ee9ab538...
openai_00836_echo_40.wav,fake/openai_00836_echo_40.wav,fake,1,openai,5.76,24000,1,115200,e101cbfa78547396...
openai_00837_echo_41.wav,fake/openai_00837_echo_41.wav,fake,1,openai,5.69,24000,1,113760,9ebc4274f76a0b36...
openai_00838_echo_42.wav,fake/openai_00838_echo_42.wav,fake,1,openai,5.88,24000,1,117600,0024ad4c09cec67a...
openai_00839_echo_43.wav,fake/openai_00839_echo_43.wav,fake,1,openai,6.17,24000,1,123360,19795cc49cc84f2c...
openai_00840_echo_44.wav,fake/openai_00840_echo_44.wav,fake,1,openai,6.38,24000,1,127680,bfaa39f4c5eb4ec1...
openai_00841_echo_45.wav,fake/openai_00841_echo_45.wav,fake,1,openai,5.95,24000,1,119040,be8e8dfbddec2e29...
openai_00842_echo_46.wav,fake/openai_00842_echo_46.wav,fake,1,openai,6.31,24000,1,126240,541255c0fbaf74eb...
openai_00843_echo_47.wav,fake/openai_00843_echo_47.wav,fake,1,openai,5.98,24000,1,119520,da70925fb966f867...
openai_00844_echo_48.wav,fake/openai_00844_echo_48.wav,fake,1,openai,5.83,24000,1,116640,4e228907da439783...
openai_00845_echo_49.wav,fake/openai_00845_echo_49.wav,fake,1,openai,5.02,24000,1,100320,8882fa909839ff5a...
openai_00846_echo_5.wav,fake/openai_00846_echo_5.wav,fake,1,openai,5.26,24000,1,105120,1b0675a3475f767d...
openai_00847_echo_50.wav,fake/openai_00847_echo_50.wav,fake,1,openai,5.69,24000,1,113760,16bef6e7622a3851...
openai_00848_echo_51.wav,fake/openai_00848_echo_51.wav,fake,1,openai,6.79,24000,1,135840,34ce81cc62f53193...
openai_00849_echo_52.wav,fake/openai_00849_echo_52.wav,fake,1,openai,5.71,24000,1,114240,4c641ecfd7c306de...
openai_00850_echo_53.wav,fake/openai_00850_echo_53.wav,fake,1,openai,6.14,24000,1,122880,533cc164d7882de0...
openai_00851_echo_54.wav,fake/openai_00851_echo_54.wav,fake,1,openai,6.53,24000,1,130560,97720ec66d9c61cf...
openai_00852_echo_55.wav,fake/openai_00852_echo_55.wav,fake,1,openai,5.59,24000,1,111840,715e0e537375cd4a...
openai_00853_echo_56.wav,fake/openai_00853_echo_56.wav,fake,1,openai,5.04,24000,1,100800,1c937a358e191909...
openai_00854_echo_57.wav,fake/openai_00854_echo_57.wav,fake,1,openai,6.24,24000,1,124800,2304589f95ed23e6...
openai_00855_echo_58.wav,fake/openai_00855_echo_58.wav,fake,1,openai,5.93,24000,1,118560,bfb555661a2bb695...
openai_00856_echo_59.wav,fake/openai_00856_echo_59.wav,fake,1,openai,7.1,24000,1,142080,303ff9282f29a62d...
openai_00857_echo_6.wav,fake/openai_00857_echo_6.wav,fake,1,openai,5.64,24000,1,112800,387da62916f14bfe...
openai_00858_echo_60.wav,fake/openai_00858_echo_60.wav,fake,1,openai,6.31,24000,1,126240,067e753df9c3a878...
openai_00859_echo_61.wav,fake/openai_00859_echo_61.wav,fake,1,openai,5.64,24000,1,112800,b73cf53b2b71a3c4...
openai_00860_echo_62.wav,fake/openai_00860_echo_62.wav,fake,1,openai,6.02,24000,1,120480,cbd2d07536955e4e...
openai_00861_echo_63.wav,fake/openai_00861_echo_63.wav,fake,1,openai,6.05,24000,1,120960,2bffeb46b5919e14...
openai_00862_echo_64.wav,fake/openai_00862_echo_64.wav,fake,1,openai,5.38,24000,1,107520,a3599007a2bd205f...
openai_00863_echo_65.wav,fake/openai_00863_echo_65.wav,fake,1,openai,6.02,24000,1,120480,70857c0f7dadb183...
openai_00864_echo_66.wav,fake/openai_00864_echo_66.wav,fake,1,openai,6.02,24000,1,120480,9b59b3256e9679fc...
openai_00865_echo_67.wav,fake/openai_00865_echo_67.wav,fake,1,openai,6.0,24000,1,120000,6b4b29a3abd8cc7e...
openai_00866_echo_68.wav,fake/openai_00866_echo_68.wav,fake,1,openai,5.66,24000,1,113280,915b6097c5759925...
openai_00867_echo_69.wav,fake/openai_00867_echo_69.wav,fake,1,openai,5.83,24000,1,116640,3873aa00133b84ef...
openai_00868_echo_7.wav,fake/openai_00868_echo_7.wav,fake,1,openai,4.97,24000,1,99360,135e4e9e5c064d09...
openai_00869_echo_70.wav,fake/openai_00869_echo_70.wav,fake,1,openai,6.19,24000,1,123840,de36afc369ce8218...
openai_00870_echo_71.wav,fake/openai_00870_echo_71.wav,fake,1,openai,5.52,24000,1,110400,6c8a158eead9a150...
openai_00871_echo_72.wav,fake/openai_00871_echo_72.wav,fake,1,openai,5.54,24000,1,110880,965233ef38bf0a7f...
openai_00872_echo_73.wav,fake/openai_00872_echo_73.wav,fake,1,openai,5.52,24000,1,110400,29171517fb888b22...
openai_00873_echo_74.wav,fake/openai_00873_echo_74.wav,fake,1,openai,5.83,24000,1,116640,2273689ada01acbb...
openai_00874_echo_75.wav,fake/openai_00874_echo_75.wav,fake,1,openai,6.17,24000,1,123360,bee98021f20cbe16...
openai_00875_echo_76.wav,fake/openai_00875_echo_76.wav,fake,1,openai,5.98,24000,1,119520,6bb4ff4720f48351...
openai_00876_echo_77.wav,fake/openai_00876_echo_77.wav,fake,1,openai,5.62,24000,1,112320,771be7d5ea0e1ebf...
openai_00877_echo_78.wav,fake/openai_00877_echo_78.wav,fake,1,openai,5.3,24000,1,106080,21290c36a5cb4239...
openai_00878_echo_79.wav,fake/openai_00878_echo_79.wav,fake,1,openai,5.66,24000,1,113280,4397625c08904e25...
openai_00879_echo_8.wav,fake/openai_00879_echo_8.wav,fake,1,openai,5.81,24000,1,116160,401c58e06c7637e7...
openai_00880_echo_80.wav,fake/openai_00880_echo_80.wav,fake,1,openai,6.14,24000,1,122880,42d9dccd6cc6e617...
openai_00881_echo_81.wav,fake/openai_00881_echo_81.wav,fake,1,openai,5.5,24000,1,109920,c4a5c6f09299e563...
openai_00882_echo_82.wav,fake/openai_00882_echo_82.wav,fake,1,openai,5.57,24000,1,111360,38b27ddbfa013b4c...
openai_00883_echo_83.wav,fake/openai_00883_echo_83.wav,fake,1,openai,5.59,24000,1,111840,4851b88530c50d19...
openai_00884_echo_84.wav,fake/openai_00884_echo_84.wav,fake,1,openai,5.62,24000,1,112320,244ef71d1d2ed052...
openai_00885_echo_85.wav,fake/openai_00885_echo_85.wav,fake,1,openai,6.55,24000,1,131040,628710eb550c3bb4...
openai_00886_echo_86.wav,fake/openai_00886_echo_86.wav,fake,1,openai,6.62,24000,1,132480,6c607a839bc0dd4f...
openai_00887_echo_87.wav,fake/openai_00887_echo_87.wav,fake,1,openai,6.41,24000,1,128160,a9bd71f3f690921b...
openai_00888_echo_88.wav,fake/openai_00888_echo_88.wav,fake,1,openai,6.89,24000,1,137760,4555d9f0a8ece13d...
openai_00889_echo_89.wav,fake/openai_00889_echo_89.wav,fake,1,openai,5.88,24000,1,117600,ff185e21358a0ad7...
openai_00890_echo_9.wav,fake/openai_00890_echo_9.wav,fake,1,openai,5.52,24000,1,110400,994933ece4a19b92...
openai_00891_echo_90.wav,fake/openai_00891_echo_90.wav,fake,1,openai,6.1,24000,1,121920,29c0d76c4b62414c...
openai_00892_echo_91.wav,fake/openai_00892_echo_91.wav,fake,1,openai,6.98,24000,1,139680,09584fbec5ade856...
openai_00893_echo_92.wav,fake/openai_00893_echo_92.wav,fake,1,openai,5.74,24000,1,114720,ba09add6f9c15e4b...
openai_00894_echo_93.wav,fake/openai_00894_echo_93.wav,fake,1,openai,5.83,24000,1,116640,0e3551c107d3a2c8...
openai_00895_echo_94.wav,fake/openai_00895_echo_94.wav,fake,1,openai,5.98,24000,1,119520,14d9845cc0449fb2...
openai_00896_echo_95.wav,fake/openai_00896_echo_95.wav,fake,1,openai,6.26,24000,1,125280,3f789731bdc9667d...
openai_00897_echo_96.wav,fake/openai_00897_echo_96.wav,fake,1,openai,6.07,24000,1,121440,38615571460e8000...
openai_00898_echo_97.wav,fake/openai_00898_echo_97.wav,fake,1,openai,5.78,24000,1,115680,1df3aa42da5907a9...
openai_00899_echo_98.wav,fake/openai_00899_echo_98.wav,fake,1,openai,6.41,24000,1,128160,d90e97b89dab7e0f...
openai_00900_echo_99.wav,fake/openai_00900_echo_99.wav,fake,1,openai,6.91,24000,1,138240,ce8f0ecf48ff1451...
openai_00901_fable_0.wav,fake/openai_00901_fable_0.wav,fake,1,openai,3.67,24000,1,73440,906126970cbcca6d...
openai_00902_fable_1.wav,fake/openai_00902_fable_1.wav,fake,1,openai,3.17,24000,1,63360,08e16e79a9cc03c8...
openai_00903_fable_10.wav,fake/openai_00903_fable_10.wav,fake,1,openai,3.79,24000,1,75840,855f2a7cee5ea9d0...
openai_00904_fable_11.wav,fake/openai_00904_fable_11.wav,fake,1,openai,3.96,24000,1,79200,8b63ced62bc95210...
openai_00905_fable_12.wav,fake/openai_00905_fable_12.wav,fake,1,openai,3.84,24000,1,76800,17544bc0f27278dc...
openai_00906_fable_13.wav,fake/openai_00906_fable_13.wav,fake,1,openai,3.94,24000,1,78720,e105b456176ce429...
openai_00907_fable_14.wav,fake/openai_00907_fable_14.wav,fake,1,openai,3.82,24000,1,76320,ac1d61053ce60f2a...
openai_00908_fable_15.wav,fake/openai_00908_fable_15.wav,fake,1,openai,3.12,24000,1,62400,9a146057db720406...
openai_00909_fable_16.wav,fake/openai_00909_fable_16.wav,fake,1,openai,3.82,24000,1,76320,d2a60ed995ab7eab...
openai_00910_fable_17.wav,fake/openai_00910_fable_17.wav,fake,1,openai,3.58,24000,1,71520,f623560dd455b6b4...
openai_00911_fable_18.wav,fake/openai_00911_fable_18.wav,fake,1,openai,4.42,24000,1,88320,8c628e86068aaf2a...
openai_00912_fable_19.wav,fake/openai_00912_fable_19.wav,fake,1,openai,3.77,24000,1,75360,020717256b551c56...
openai_00913_fable_2.wav,fake/openai_00913_fable_2.wav,fake,1,openai,3.48,24000,1,69600,620fe32dabc9523b...
openai_00914_fable_20.wav,fake/openai_00914_fable_20.wav,fake,1,openai,4.06,24000,1,81120,fc216a8175777dc1...
openai_00915_fable_21.wav,fake/openai_00915_fable_21.wav,fake,1,openai,2.95,24000,1,59040,64cbdf905cc3e5c9...
openai_00916_fable_22.wav,fake/openai_00916_fable_22.wav,fake,1,openai,3.82,24000,1,76320,4e0bedebf79c8e8e...
openai_00917_fable_23.wav,fake/openai_00917_fable_23.wav,fake,1,openai,4.03,24000,1,80640,b1ba28f90299b082...
openai_00918_fable_24.wav,fake/openai_00918_fable_24.wav,fake,1,openai,3.7,24000,1,73920,d58e008719294f1c...
openai_00919_fable_25.wav,fake/openai_00919_fable_25.wav,fake,1,openai,4.22,24000,1,84480,54893462af2a9fff...
openai_00920_fable_26.wav,fake/openai_00920_fable_26.wav,fake,1,openai,3.84,24000,1,76800,afa2de7100adf190...
openai_00921_fable_27.wav,fake/openai_00921_fable_27.wav,fake,1,openai,4.46,24000,1,89280,b83dc5df3c958efa...
openai_00922_fable_28.wav,fake/openai_00922_fable_28.wav,fake,1,openai,4.18,24000,1,83520,b3dd6f522a25f382...
openai_00923_fable_29.wav,fake/openai_00923_fable_29.wav,fake,1,openai,3.72,24000,1,74400,d1935aaee3e08b1b...
openai_00924_fable_3.wav,fake/openai_00924_fable_3.wav,fake,1,openai,3.46,24000,1,69120,b6249d723e99a4b1...
openai_00925_fable_30.wav,fake/openai_00925_fable_30.wav,fake,1,openai,4.61,24000,1,92160,73c46c14db62fb56...
openai_00926_fable_31.wav,fake/openai_00926_fable_31.wav,fake,1,openai,3.91,24000,1,78240,f16bff2e781b3500...
openai_00927_fable_32.wav,fake/openai_00927_fable_32.wav,fake,1,openai,3.72,24000,1,74400,7a7962cd97f3f676...
openai_00928_fable_33.wav,fake/openai_00928_fable_33.wav,fake,1,openai,4.44,24000,1,88800,bdd79bdf37107809...
openai_00929_fable_34.wav,fake/openai_00929_fable_34.wav,fake,1,openai,5.11,24000,1,102240,369f46727572a8e2...
openai_00930_fable_35.wav,fake/openai_00930_fable_35.wav,fake,1,openai,4.01,24000,1,80160,41b00d105776495c...
openai_00931_fable_36.wav,fake/openai_00931_fable_36.wav,fake,1,openai,3.98,24000,1,79680,e63d859277a1281f...
openai_00932_fable_37.wav,fake/openai_00932_fable_37.wav,fake,1,openai,3.91,24000,1,78240,d75d2ef29fa474b9...
openai_00933_fable_38.wav,fake/openai_00933_fable_38.wav,fake,1,openai,3.98,24000,1,79680,bbadbcfb34cbd850...
openai_00934_fable_39.wav,fake/openai_00934_fable_39.wav,fake,1,openai,3.94,24000,1,78720,d8f44f1ee76df779...
openai_00935_fable_4.wav,fake/openai_00935_fable_4.wav,fake,1,openai,3.43,24000,1,68640,340b1ff210979fcd...
openai_00936_fable_40.wav,fake/openai_00936_fable_40.wav,fake,1,openai,4.49,24000,1,89760,6b14b3d17e0c531b...
openai_00937_fable_41.wav,fake/openai_00937_fable_41.wav,fake,1,openai,3.72,24000,1,74400,4b0824bcb9eea691...
openai_00938_fable_42.wav,fake/openai_00938_fable_42.wav,fake,1,openai,2.86,24000,1,57120,0d9762dd43331c7e...
openai_00939_fable_43.wav,fake/openai_00939_fable_43.wav,fake,1,openai,3.72,24000,1,74400,1f2151a911369d7f...
openai_00940_fable_44.wav,fake/openai_00940_fable_44.wav,fake,1,openai,3.98,24000,1,79680,7c066baba79aa82d...
openai_00941_fable_45.wav,fake/openai_00941_fable_45.wav,fake,1,openai,4.25,24000,1,84960,cb85ac64c834c230...
openai_00942_fable_46.wav,fake/openai_00942_fable_46.wav,fake,1,openai,3.84,24000,1,76800,bdd20e8ffedbe051...
openai_00943_fable_47.wav,fake/openai_00943_fable_47.wav,fake,1,openai,4.18,24000,1,83520,197a46bb179d234a...
openai_00944_fable_48.wav,fake/openai_00944_fable_48.wav,fake,1,openai,2.95,24000,1,59040,827b3696017f69af...
openai_00945_fable_49.wav,fake/openai_00945_fable_49.wav,fake,1,openai,3.65,24000,1,72960,b14282e72543691d...
openai_00946_fable_5.wav,fake/openai_00946_fable_5.wav,fake,1,openai,3.5,24000,1,70080,661770011492f0d7...
openai_00947_fable_50.wav,fake/openai_00947_fable_50.wav,fake,1,openai,4.03,24000,1,80640,dab018cf03f11906...
openai_00948_fable_51.wav,fake/openai_00948_fable_51.wav,fake,1,openai,3.7,24000,1,73920,de801b0e191fed63...
openai_00949_fable_52.wav,fake/openai_00949_fable_52.wav,fake,1,openai,4.03,24000,1,80640,825b0860ae6faee9...
openai_00950_fable_53.wav,fake/openai_00950_fable_53.wav,fake,1,openai,4.51,24000,1,90240,0372be8cdc9164ed...
openai_00951_fable_54.wav,fake/openai_00951_fable_54.wav,fake,1,openai,3.7,24000,1,73920,b81c22407dbe6a87...
openai_00952_fable_55.wav,fake/openai_00952_fable_55.wav,fake,1,openai,2.93,24000,1,58560,28edc902973ad4a5...
openai_00953_fable_56.wav,fake/openai_00953_fable_56.wav,fake,1,openai,4.49,24000,1,89760,9c00f22e47052bd9...
openai_00954_fable_57.wav,fake/openai_00954_fable_57.wav,fake,1,openai,2.69,24000,1,53760,15bd701e29881ac8...
openai_00955_fable_58.wav,fake/openai_00955_fable_58.wav,fake,1,openai,4.37,24000,1,87360,3ebb26f70eca48ff...
openai_00956_fable_59.wav,fake/openai_00956_fable_59.wav,fake,1,openai,2.9,24000,1,58080,5d83152599eb76aa...
openai_00957_fable_6.wav,fake/openai_00957_fable_6.wav,fake,1,openai,3.41,24000,1,68160,99435a91b114d5c2...
openai_00958_fable_60.wav,fake/openai_00958_fable_60.wav,fake,1,openai,2.86,24000,1,57120,586ec264be631903...
openai_00959_fable_61.wav,fake/openai_00959_fable_61.wav,fake,1,openai,4.94,24000,1,98880,1b965bda84db5b87...
openai_00960_fable_62.wav,fake/openai_00960_fable_62.wav,fake,1,openai,3.58,24000,1,71520,c948e47befbf3be1...
openai_00961_fable_63.wav,fake/openai_00961_fable_63.wav,fake,1,openai,3.72,24000,1,74400,b53770945be54bf9...
openai_00962_fable_64.wav,fake/openai_00962_fable_64.wav,fake,1,openai,3.53,24000,1,70560,dd87c138c54036ee...
openai_00963_fable_65.wav,fake/openai_00963_fable_65.wav,fake,1,openai,4.34,24000,1,86880,b80b355388954c19...
openai_00964_fable_66.wav,fake/openai_00964_fable_66.wav,fake,1,openai,3.38,24000,1,67680,40dab5672b0e27ba...
openai_00965_fable_67.wav,fake/openai_00965_fable_67.wav,fake,1,openai,3.53,24000,1,70560,927243e58bc15084...
openai_00966_fable_68.wav,fake/openai_00966_fable_68.wav,fake,1,openai,4.01,24000,1,80160,4e1c9d6886c7aae4...
openai_00967_fable_69.wav,fake/openai_00967_fable_69.wav,fake,1,openai,4.46,24000,1,89280,8d4ff83a95f5cc74...
openai_00968_fable_7.wav,fake/openai_00968_fable_7.wav,fake,1,openai,3.84,24000,1,76800,e3a67c46c68fba1a...
openai_00969_fable_70.wav,fake/openai_00969_fable_70.wav,fake,1,openai,3.5,24000,1,70080,8be09b39edb5773f...
openai_00970_fable_71.wav,fake/openai_00970_fable_71.wav,fake,1,openai,3.84,24000,1,76800,7946eff7294a743a...
openai_00971_fable_72.wav,fake/openai_00971_fable_72.wav,fake,1,openai,3.36,24000,1,67200,bfb418f43282e557...
openai_00972_fable_73.wav,fake/openai_00972_fable_73.wav,fake,1,openai,3.67,24000,1,73440,380fb81a40327ee6...
openai_00973_fable_74.wav,fake/openai_00973_fable_74.wav,fake,1,openai,4.66,24000,1,93120,08c76e47b9bacf31...
openai_00974_fable_75.wav,fake/openai_00974_fable_75.wav,fake,1,openai,4.63,24000,1,92640,6181a1f8e8f49104...
openai_00975_fable_76.wav,fake/openai_00975_fable_76.wav,fake,1,openai,3.29,24000,1,65760,4f8efcfd6695fead...
openai_00976_fable_77.wav,fake/openai_00976_fable_77.wav,fake,1,openai,3.0,24000,1,60000,ee6027ffeed5b82c...
openai_00977_fable_78.wav,fake/openai_00977_fable_78.wav,fake,1,openai,3.34,24000,1,66720,cb9085b857742572...
openai_00978_fable_79.wav,fake/openai_00978_fable_79.wav,fake,1,openai,3.6,24000,1,72000,2fe7001a1210a457...
openai_00979_fable_8.wav,fake/openai_00979_fable_8.wav,fake,1,openai,3.43,24000,1,68640,1e7a35f0c0b4e863...
openai_00980_fable_80.wav,fake/openai_00980_fable_80.wav,fake,1,openai,3.53,24000,1,70560,3e130dc15873eba5...
openai_00981_fable_81.wav,fake/openai_00981_fable_81.wav,fake,1,openai,3.43,24000,1,68640,a43b1ecdac5b47d9...
openai_00982_fable_82.wav,fake/openai_00982_fable_82.wav,fake,1,openai,3.6,24000,1,72000,89166e54144c46a8...
openai_00983_fable_83.wav,fake/openai_00983_fable_83.wav,fake,1,openai,4.08,24000,1,81600,618a5304644be4c9...
openai_00984_fable_84.wav,fake/openai_00984_fable_84.wav,fake,1,openai,3.7,24000,1,73920,9eed213eba5fc71d...
openai_00985_fable_85.wav,fake/openai_00985_fable_85.wav,fake,1,openai,3.38,24000,1,67680,526a221b29c6cd62...
openai_00986_fable_86.wav,fake/openai_00986_fable_86.wav,fake,1,openai,3.94,24000,1,78720,62cd54eebb36b1e9...
openai_00987_fable_87.wav,fake/openai_00987_fable_87.wav,fake,1,openai,3.46,24000,1,69120,fc27ed70019fad5b...
openai_00988_fable_88.wav,fake/openai_00988_fable_88.wav,fake,1,openai,3.55,24000,1,71040,2ae60f46fb662959...
openai_00989_fable_89.wav,fake/openai_00989_fable_89.wav,fake,1,openai,4.22,24000,1,84480,149279ce52462b8a...
openai_00990_fable_9.wav,fake/openai_00990_fable_9.wav,fake,1,openai,3.29,24000,1,65760,cac049cb07be013f...
openai_00991_fable_90.wav,fake/openai_00991_fable_90.wav,fake,1,openai,3.43,24000,1,68640,a814423c5c8e941d...
openai_00992_fable_91.wav,fake/openai_00992_fable_91.wav,fake,1,openai,3.58,24000,1,71520,14cf6063c0c21276...
openai_00993_fable_92.wav,fake/openai_00993_fable_92.wav,fake,1,openai,3.38,24000,1,67680,33573c235516cc79...
openai_00994_fable_93.wav,fake/openai_00994_fable_93.wav,fake,1,openai,4.06,24000,1,81120,28f0bc566ac7a56c...
openai_00995_fable_94.wav,fake/openai_00995_fable_94.wav,fake,1,openai,3.05,24000,1,60960,3b9ffd3abda9a6e2...
openai_00996_fable_95.wav,fake/openai_00996_fable_95.wav,fake,1,openai,6.29,24000,1,125760,ab7008a9538e50b3...
openai_00997_fable_96.wav,fake/openai_00997_fable_96.wav,fake,1,openai,7.27,24000,1,145440,304a3c8c912cb8f2...
openai_00998_fable_97.wav,fake/openai_00998_fable_97.wav,fake,1,openai,6.29,24000,1,125760,563d58148b7ab77a...
openai_00999_fable_98.wav,fake/openai_00999_fable_98.wav,fake,1,openai,6.38,24000,1,127680,6353119e0b77c643...
openai_01000_fable_99.wav,fake/openai_01000_fable_99.wav,fake,1,openai,7.1,24000,1,142080,77ea8eaec3eaaf45...
openai_01001_nova_0.wav,fake/openai_01001_nova_0.wav,fake,1,openai,3.77,24000,1,75360,c1ec4c3811353cd9...
openai_01002_nova_1.wav,fake/openai_01002_nova_1.wav,fake,1,openai,3.5,24000,1,70080,84ccb601b9b1665e...
openai_01003_nova_10.wav,fake/openai_01003_nova_10.wav,fake,1,openai,3.74,24000,1,74880,f2a17267fd966fcc...
openai_01004_nova_11.wav,fake/openai_01004_nova_11.wav,fake,1,openai,3.0,24000,1,60000,063b2c1729f2b05f...
openai_01005_nova_12.wav,fake/openai_01005_nova_12.wav,fake,1,openai,2.59,24000,1,51840,c672151cecac50b5...
openai_01006_nova_13.wav,fake/openai_01006_nova_13.wav,fake,1,openai,3.29,24000,1,65760,6b1883a697bf2853...
openai_01007_nova_14.wav,fake/openai_01007_nova_14.wav,fake,1,openai,2.83,24000,1,56640,510a8b418497988e...
openai_01008_nova_15.wav,fake/openai_01008_nova_15.wav,fake,1,openai,3.14,24000,1,62880,a7f12633c388c5b5...
openai_01009_nova_16.wav,fake/openai_01009_nova_16.wav,fake,1,openai,2.86,24000,1,57120,9ff9fad896e6117c...
openai_01010_nova_17.wav,fake/openai_01010_nova_17.wav,fake,1,openai,2.86,24000,1,57120,86329f773143d4a4...
openai_01011_nova_18.wav,fake/openai_01011_nova_18.wav,fake,1,openai,3.72,24000,1,74400,37e5e28012ffa8d8...
openai_01012_nova_19.wav,fake/openai_01012_nova_19.wav,fake,1,openai,2.81,24000,1,56160,81d4ae28dce2702e...
openai_01013_nova_2.wav,fake/openai_01013_nova_2.wav,fake,1,openai,3.89,24000,1,77760,72d2be2d4f68d8f4...
openai_01014_nova_20.wav,fake/openai_01014_nova_20.wav,fake,1,openai,3.05,24000,1,60960,7924189fbb1e00c3...
openai_01015_nova_21.wav,fake/openai_01015_nova_21.wav,fake,1,openai,3.82,24000,1,76320,2ca5c09c522f77d3...
openai_01016_nova_22.wav,fake/openai_01016_nova_22.wav,fake,1,openai,3.17,24000,1,63360,c770ee1c374a808f...
openai_01017_nova_23.wav,fake/openai_01017_nova_23.wav,fake,1,openai,3.38,24000,1,67680,e843ba6958cb8cdc...
openai_01018_nova_24.wav,fake/openai_01018_nova_24.wav,fake,1,openai,2.95,24000,1,59040,701c95c4a1d5ad09...
openai_01019_nova_25.wav,fake/openai_01019_nova_25.wav,fake,1,openai,3.43,24000,1,68640,d13262e519eb960a...
openai_01020_nova_26.wav,fake/openai_01020_nova_26.wav,fake,1,openai,3.38,24000,1,67680,ffc71ba61d2775d0...
openai_01021_nova_27.wav,fake/openai_01021_nova_27.wav,fake,1,openai,3.1,24000,1,61920,0b84c753dd724a48...
openai_01022_nova_28.wav,fake/openai_01022_nova_28.wav,fake,1,openai,3.58,24000,1,71520,b7f05d3f9c3960f4...
openai_01023_nova_29.wav,fake/openai_01023_nova_29.wav,fake,1,openai,3.62,24000,1,72480,0cffd54eae11c821...
openai_01024_nova_3.wav,fake/openai_01024_nova_3.wav,fake,1,openai,3.58,24000,1,71520,fabcd86953c00183...
openai_01025_nova_30.wav,fake/openai_01025_nova_30.wav,fake,1,openai,3.55,24000,1,71040,c6cb54b1cc6103b9...
openai_01026_nova_31.wav,fake/openai_01026_nova_31.wav,fake,1,openai,3.05,24000,1,60960,e2ed0cb1ec618475...
openai_01027_nova_32.wav,fake/openai_01027_nova_32.wav,fake,1,openai,3.82,24000,1,76320,2ec69f7d3e547086...
openai_01028_nova_33.wav,fake/openai_01028_nova_33.wav,fake,1,openai,3.17,24000,1,63360,dc08b3c6dc7d88be...
openai_01029_nova_34.wav,fake/openai_01029_nova_34.wav,fake,1,openai,3.86,24000,1,77280,371d0153daaba4c1...
openai_01030_nova_35.wav,fake/openai_01030_nova_35.wav,fake,1,openai,2.95,24000,1,59040,25bcf6cc6e633ddd...
openai_01031_nova_36.wav,fake/openai_01031_nova_36.wav,fake,1,openai,3.53,24000,1,70560,ee52cf9f70805977...
openai_01032_nova_37.wav,fake/openai_01032_nova_37.wav,fake,1,openai,2.98,24000,1,59520,7705dbb19162f2d0...
openai_01033_nova_38.wav,fake/openai_01033_nova_38.wav,fake,1,openai,3.19,24000,1,63840,cd37234c0cd0ad4a...
openai_01034_nova_39.wav,fake/openai_01034_nova_39.wav,fake,1,openai,3.46,24000,1,69120,36e2df7c222b8c9c...
openai_01035_nova_4.wav,fake/openai_01035_nova_4.wav,fake,1,openai,3.77,24000,1,75360,3ac7a8be79231d77...
openai_01036_nova_40.wav,fake/openai_01036_nova_40.wav,fake,1,openai,3.22,24000,1,64320,f35dce63a50bf76d...
openai_01037_nova_41.wav,fake/openai_01037_nova_41.wav,fake,1,openai,3.26,24000,1,65280,8fd9ef757de95de9...
openai_01038_nova_42.wav,fake/openai_01038_nova_42.wav,fake,1,openai,3.12,24000,1,62400,3e695f9f5bb2275f...
openai_01039_nova_43.wav,fake/openai_01039_nova_43.wav,fake,1,openai,3.34,24000,1,66720,3f588b11d658df6f...
openai_01040_nova_44.wav,fake/openai_01040_nova_44.wav,fake,1,openai,2.95,24000,1,59040,5f6fb6a451d09d61...
openai_01041_nova_45.wav,fake/openai_01041_nova_45.wav,fake,1,openai,3.26,24000,1,65280,463e72945e860de2...
openai_01042_nova_46.wav,fake/openai_01042_nova_46.wav,fake,1,openai,3.41,24000,1,68160,7875edd501c24c1f...
openai_01043_nova_47.wav,fake/openai_01043_nova_47.wav,fake,1,openai,3.38,24000,1,67680,849db12a68daa0fc...
openai_01044_nova_48.wav,fake/openai_01044_nova_48.wav,fake,1,openai,3.48,24000,1,69600,974712e976855bbc...
openai_01045_nova_49.wav,fake/openai_01045_nova_49.wav,fake,1,openai,3.41,24000,1,68160,4a3c2ad32bc1c737...
openai_01046_nova_5.wav,fake/openai_01046_nova_5.wav,fake,1,openai,2.93,24000,1,58560,653d22cdcf8bed88...
openai_01047_nova_50.wav,fake/openai_01047_nova_50.wav,fake,1,openai,2.9,24000,1,58080,c931583eb0b624cb...
openai_01048_nova_51.wav,fake/openai_01048_nova_51.wav,fake,1,openai,3.62,24000,1,72480,9ad77be6c1240133...
openai_01049_nova_52.wav,fake/openai_01049_nova_52.wav,fake,1,openai,3.6,24000,1,72000,8103036d88542810...
openai_01050_nova_53.wav,fake/openai_01050_nova_53.wav,fake,1,openai,3.24,24000,1,64800,d9f1fa2246350c5b...
openai_01051_nova_54.wav,fake/openai_01051_nova_54.wav,fake,1,openai,3.43,24000,1,68640,557d2e1b71dade4a...
openai_01052_nova_55.wav,fake/openai_01052_nova_55.wav,fake,1,openai,3.38,24000,1,67680,27ed34b67aadd992...
openai_01053_nova_56.wav,fake/openai_01053_nova_56.wav,fake,1,openai,3.02,24000,1,60480,93a192fa14cc7071...
openai_01054_nova_57.wav,fake/openai_01054_nova_57.wav,fake,1,openai,3.74,24000,1,74880,8c319b538f20d470...
openai_01055_nova_58.wav,fake/openai_01055_nova_58.wav,fake,1,openai,2.9,24000,1,58080,397d623769b159fb...
openai_01056_nova_59.wav,fake/openai_01056_nova_59.wav,fake,1,openai,2.62,24000,1,52320,899a364c7367cfac...
openai_01057_nova_6.wav,fake/openai_01057_nova_6.wav,fake,1,openai,2.59,24000,1,51840,5e259dbcaf143e9c...
openai_01058_nova_60.wav,fake/openai_01058_nova_60.wav,fake,1,openai,3.62,24000,1,72480,d90f9180d8f284c2...
openai_01059_nova_61.wav,fake/openai_01059_nova_61.wav,fake,1,openai,3.0,24000,1,60000,07dd465e5f2ee99f...
openai_01060_nova_62.wav,fake/openai_01060_nova_62.wav,fake,1,openai,2.71,24000,1,54240,062b1a4a22d3956f...
openai_01061_nova_63.wav,fake/openai_01061_nova_63.wav,fake,1,openai,3.98,24000,1,79680,7f2a709e3ab8d7da...
openai_01062_nova_64.wav,fake/openai_01062_nova_64.wav,fake,1,openai,3.38,24000,1,67680,5d83bcf2b66a015a...
openai_01063_nova_65.wav,fake/openai_01063_nova_65.wav,fake,1,openai,4.13,24000,1,82560,7b478c02dac3331d...
openai_01064_nova_66.wav,fake/openai_01064_nova_66.wav,fake,1,openai,4.27,24000,1,85440,9e25c5383df74544...
openai_01065_nova_67.wav,fake/openai_01065_nova_67.wav,fake,1,openai,3.17,24000,1,63360,37cdb7c0d08a3ef1...
openai_01066_nova_68.wav,fake/openai_01066_nova_68.wav,fake,1,openai,3.29,24000,1,65760,2605e6f1330c0df0...
openai_01067_nova_69.wav,fake/openai_01067_nova_69.wav,fake,1,openai,3.19,24000,1,63840,033d7b581464e8f5...
openai_01068_nova_7.wav,fake/openai_01068_nova_7.wav,fake,1,openai,2.59,24000,1,51840,c7ea1f6a34eeaf00...
openai_01069_nova_70.wav,fake/openai_01069_nova_70.wav,fake,1,openai,3.65,24000,1,72960,9a143515a62e796b...
openai_01070_nova_71.wav,fake/openai_01070_nova_71.wav,fake,1,openai,3.7,24000,1,73920,b62a5cc05d0166d7...
openai_01071_nova_72.wav,fake/openai_01071_nova_72.wav,fake,1,openai,3.12,24000,1,62400,42b527e0e2beaa46...
openai_01072_nova_73.wav,fake/openai_01072_nova_73.wav,fake,1,openai,2.64,24000,1,52800,d7c521f4f1ed04ef...
openai_01073_nova_74.wav,fake/openai_01073_nova_74.wav,fake,1,openai,2.81,24000,1,56160,e6b13e197e7a37c7...
openai_01074_nova_75.wav,fake/openai_01074_nova_75.wav,fake,1,openai,3.74,24000,1,74880,d5fea0046d819151...
openai_01075_nova_76.wav,fake/openai_01075_nova_76.wav,fake,1,openai,3.41,24000,1,68160,67e694cdfdefc025...
openai_01076_nova_77.wav,fake/openai_01076_nova_77.wav,fake,1,openai,3.65,24000,1,72960,83507db253229d1c...
openai_01077_nova_78.wav,fake/openai_01077_nova_78.wav,fake,1,openai,3.65,24000,1,72960,de12abbf25063bc1...
openai_01078_nova_79.wav,fake/openai_01078_nova_79.wav,fake,1,openai,3.5,24000,1,70080,7f04c9b0049717b9...
openai_01079_nova_8.wav,fake/openai_01079_nova_8.wav,fake,1,openai,2.93,24000,1,58560,8b15ee078071c540...
openai_01080_nova_80.wav,fake/openai_01080_nova_80.wav,fake,1,openai,4.22,24000,1,84480,350fd796782d2439...
openai_01081_nova_81.wav,fake/openai_01081_nova_81.wav,fake,1,openai,3.55,24000,1,71040,b4915ecde44db0e6...
openai_01082_nova_82.wav,fake/openai_01082_nova_82.wav,fake,1,openai,2.86,24000,1,57120,2c9ee74aca624243...
openai_01083_nova_83.wav,fake/openai_01083_nova_83.wav,fake,1,openai,3.58,24000,1,71520,d08a01f6c8117c00...
openai_01084_nova_84.wav,fake/openai_01084_nova_84.wav,fake,1,openai,2.93,24000,1,58560,2ddfb00456eb7113...
openai_01085_nova_85.wav,fake/openai_01085_nova_85.wav,fake,1,openai,3.26,24000,1,65280,d912c6e774148861...
openai_01086_nova_86.wav,fake/openai_01086_nova_86.wav,fake,1,openai,3.72,24000,1,74400,8922721b0576713d...
openai_01087_nova_87.wav,fake/openai_01087_nova_87.wav,fake,1,openai,2.93,24000,1,58560,4b6934ecc0f3da5a...
openai_01088_nova_88.wav,fake/openai_01088_nova_88.wav,fake,1,openai,3.79,24000,1,75840,111030e9f34cf200...
openai_01089_nova_89.wav,fake/openai_01089_nova_89.wav,fake,1,openai,3.36,24000,1,67200,65cda52ecb649110...
openai_01090_nova_9.wav,fake/openai_01090_nova_9.wav,fake,1,openai,3.22,24000,1,64320,2b9afc017f7330f5...
openai_01091_nova_90.wav,fake/openai_01091_nova_90.wav,fake,1,openai,3.31,24000,1,66240,f5375af87af6689a...
openai_01092_nova_91.wav,fake/openai_01092_nova_91.wav,fake,1,openai,3.65,24000,1,72960,5b42ebcc33bf7c45...
openai_01093_nova_92.wav,fake/openai_01093_nova_92.wav,fake,1,openai,4.15,24000,1,83040,90d80d709f111ce8...
openai_01094_nova_93.wav,fake/openai_01094_nova_93.wav,fake,1,openai,5.81,24000,1,116160,047af8f28035e891...
openai_01095_nova_94.wav,fake/openai_01095_nova_94.wav,fake,1,openai,6.38,24000,1,127680,0f1b9e7c6220d3a2...
openai_01096_nova_95.wav,fake/openai_01096_nova_95.wav,fake,1,openai,5.78,24000,1,115680,c4ed26ca4a124ab9...
openai_01097_nova_96.wav,fake/openai_01097_nova_96.wav,fake,1,openai,5.33,24000,1,106560,f9da594059ddaa6d...
openai_01098_nova_97.wav,fake/openai_01098_nova_97.wav,fake,1,openai,5.86,24000,1,117120,a0bf4a1ca881c5dd...
openai_01099_nova_98.wav,fake/openai_01099_nova_98.wav,fake,1,openai,5.16,24000,1,103200,a785197f13fe0661...
openai_01100_nova_99.wav,fake/openai_01100_nova_99.wav,fake,1,openai,6.31,24000,1,126240,b92267b03fa420fa...
openai_01101_onyx_0.wav,fake/openai_01101_onyx_0.wav,fake,1,openai,3.79,24000,1,75840,823b327436eb61bb...
openai_01102_onyx_1.wav,fake/openai_01102_onyx_1.wav,fake,1,openai,4.32,24000,1,86400,4defc8bcde974b89...
openai_01103_onyx_10.wav,fake/openai_01103_onyx_10.wav,fake,1,openai,4.25,24000,1,84960,ed2e40107e37ea79...
openai_01104_onyx_11.wav,fake/openai_01104_onyx_11.wav,fake,1,openai,3.43,24000,1,68640,4d9cd7fd21750c19...
openai_01105_onyx_12.wav,fake/openai_01105_onyx_12.wav,fake,1,openai,3.79,24000,1,75840,e50daaf4d59d8f53...
openai_01106_onyx_13.wav,fake/openai_01106_onyx_13.wav,fake,1,openai,4.18,24000,1,83520,39a743e2eb878db8...
openai_01107_onyx_14.wav,fake/openai_01107_onyx_14.wav,fake,1,openai,3.91,24000,1,78240,192739f468a153fe...
openai_01108_onyx_15.wav,fake/openai_01108_onyx_15.wav,fake,1,openai,3.55,24000,1,71040,993083c57cd029e9...
openai_01109_onyx_16.wav,fake/openai_01109_onyx_16.wav,fake,1,openai,3.98,24000,1,79680,8d7a2fa21762f047...
openai_01110_onyx_17.wav,fake/openai_01110_onyx_17.wav,fake,1,openai,3.98,24000,1,79680,709bf60816ee398c...
openai_01111_onyx_18.wav,fake/openai_01111_onyx_18.wav,fake,1,openai,3.41,24000,1,68160,21769d8dc9ac82e0...
openai_01112_onyx_19.wav,fake/openai_01112_onyx_19.wav,fake,1,openai,3.82,24000,1,76320,a52a490687a7bdae...
openai_01113_onyx_2.wav,fake/openai_01113_onyx_2.wav,fake,1,openai,3.89,24000,1,77760,c0c3e02125c8c1b9...
openai_01114_onyx_20.wav,fake/openai_01114_onyx_20.wav,fake,1,openai,3.82,24000,1,76320,9f99b96743d72586...
openai_01115_onyx_21.wav,fake/openai_01115_onyx_21.wav,fake,1,openai,4.32,24000,1,86400,0263f0ce71aee6b0...
openai_01116_onyx_22.wav,fake/openai_01116_onyx_22.wav,fake,1,openai,3.82,24000,1,76320,57c8bf4553524964...
openai_01117_onyx_23.wav,fake/openai_01117_onyx_23.wav,fake,1,openai,4.03,24000,1,80640,3bf6e981a4fa4b46...
openai_01118_onyx_24.wav,fake/openai_01118_onyx_24.wav,fake,1,openai,3.43,24000,1,68640,19f0e67dd232a6a9...
openai_01119_onyx_25.wav,fake/openai_01119_onyx_25.wav,fake,1,openai,4.32,24000,1,86400,50163660e4177646...
openai_01120_onyx_26.wav,fake/openai_01120_onyx_26.wav,fake,1,openai,3.46,24000,1,69120,a269e6e4e3219903...
openai_01121_onyx_27.wav,fake/openai_01121_onyx_27.wav,fake,1,openai,3.24,24000,1,64800,e0a384f227d02b52...
openai_01122_onyx_28.wav,fake/openai_01122_onyx_28.wav,fake,1,openai,3.22,24000,1,64320,f325c43d63cc4e93...
openai_01123_onyx_29.wav,fake/openai_01123_onyx_29.wav,fake,1,openai,3.0,24000,1,60000,a67c21b089e96a30...
openai_01124_onyx_3.wav,fake/openai_01124_onyx_3.wav,fake,1,openai,4.01,24000,1,80160,ce91004e274a0dad...
openai_01125_onyx_30.wav,fake/openai_01125_onyx_30.wav,fake,1,openai,3.26,24000,1,65280,077ba56ea5200c41...
openai_01126_onyx_31.wav,fake/openai_01126_onyx_31.wav,fake,1,openai,3.82,24000,1,76320,8ac40f7458bccb9b...
openai_01127_onyx_32.wav,fake/openai_01127_onyx_32.wav,fake,1,openai,3.72,24000,1,74400,5efbeb6f675f2c98...
openai_01128_onyx_33.wav,fake/openai_01128_onyx_33.wav,fake,1,openai,3.12,24000,1,62400,9779dfed76694810...
openai_01129_onyx_34.wav,fake/openai_01129_onyx_34.wav,fake,1,openai,3.86,24000,1,77280,c2df4a258edb0d64...
openai_01130_onyx_35.wav,fake/openai_01130_onyx_35.wav,fake,1,openai,3.29,24000,1,65760,d96d18d1fe902625...
openai_01131_onyx_36.wav,fake/openai_01131_onyx_36.wav,fake,1,openai,3.55,24000,1,71040,c47bc2f1f45aacc1...
openai_01132_onyx_37.wav,fake/openai_01132_onyx_37.wav,fake,1,openai,3.62,24000,1,72480,f9b23fbcd9627faf...
openai_01133_onyx_38.wav,fake/openai_01133_onyx_38.wav,fake,1,openai,2.98,24000,1,59520,d3f3a48ab90932dc...
openai_01134_onyx_39.wav,fake/openai_01134_onyx_39.wav,fake,1,openai,3.43,24000,1,68640,499340cc1adf4552...
openai_01135_onyx_4.wav,fake/openai_01135_onyx_4.wav,fake,1,openai,3.74,24000,1,74880,621b76e8ddb0cdde...
openai_01136_onyx_40.wav,fake/openai_01136_onyx_40.wav,fake,1,openai,4.1,24000,1,82080,d27a3f3b4e300107...
openai_01137_onyx_41.wav,fake/openai_01137_onyx_41.wav,fake,1,openai,3.12,24000,1,62400,56296e35aa43d888...
openai_01138_onyx_42.wav,fake/openai_01138_onyx_42.wav,fake,1,openai,3.24,24000,1,64800,bda171aaa59286cf...
openai_01139_onyx_43.wav,fake/openai_01139_onyx_43.wav,fake,1,openai,2.81,24000,1,56160,aecf0cdc80c314b5...
openai_01140_onyx_44.wav,fake/openai_01140_onyx_44.wav,fake,1,openai,3.46,24000,1,69120,204df2da094ea138...
openai_01141_onyx_45.wav,fake/openai_01141_onyx_45.wav,fake,1,openai,3.58,24000,1,71520,d96bc26435e76b35...
openai_01142_onyx_46.wav,fake/openai_01142_onyx_46.wav,fake,1,openai,3.19,24000,1,63840,34925e79bb832a22...
openai_01143_onyx_47.wav,fake/openai_01143_onyx_47.wav,fake,1,openai,4.01,24000,1,80160,665309e5a0a86dff...
openai_01144_onyx_48.wav,fake/openai_01144_onyx_48.wav,fake,1,openai,2.95,24000,1,59040,19e3b6a0ed72f7c0...
openai_01145_onyx_49.wav,fake/openai_01145_onyx_49.wav,fake,1,openai,3.19,24000,1,63840,70c51ddaebac7ad2...
openai_01146_onyx_5.wav,fake/openai_01146_onyx_5.wav,fake,1,openai,3.65,24000,1,72960,eda78282ef8560b1...
openai_01147_onyx_50.wav,fake/openai_01147_onyx_50.wav,fake,1,openai,2.9,24000,1,58080,f86adc3eb879ba06...
openai_01148_onyx_51.wav,fake/openai_01148_onyx_51.wav,fake,1,openai,2.69,24000,1,53760,8c46c5c4d4c249ba...
openai_01149_onyx_52.wav,fake/openai_01149_onyx_52.wav,fake,1,openai,3.1,24000,1,61920,da9062a73b578752...
openai_01150_onyx_53.wav,fake/openai_01150_onyx_53.wav,fake,1,openai,3.26,24000,1,65280,d82e6755968bc651...
openai_01151_onyx_54.wav,fake/openai_01151_onyx_54.wav,fake,1,openai,3.74,24000,1,74880,9c440a6c85f2924f...
openai_01152_onyx_55.wav,fake/openai_01152_onyx_55.wav,fake,1,openai,3.02,24000,1,60480,9617823e2a55d6dc...
openai_01153_onyx_56.wav,fake/openai_01153_onyx_56.wav,fake,1,openai,3.5,24000,1,70080,9ad6eddda9e1b680...
openai_01154_onyx_57.wav,fake/openai_01154_onyx_57.wav,fake,1,openai,2.81,24000,1,56160,676f51ae919991dc...
openai_01155_onyx_58.wav,fake/openai_01155_onyx_58.wav,fake,1,openai,3.84,24000,1,76800,f37ed90ff3b8bbe0...
openai_01156_onyx_59.wav,fake/openai_01156_onyx_59.wav,fake,1,openai,2.88,24000,1,57600,604b1e3db539d681...
openai_01157_onyx_6.wav,fake/openai_01157_onyx_6.wav,fake,1,openai,3.84,24000,1,76800,18f844bfa3c5545b...
openai_01158_onyx_60.wav,fake/openai_01158_onyx_60.wav,fake,1,openai,3.74,24000,1,74880,c1ab13003aa93b47...
openai_01159_onyx_61.wav,fake/openai_01159_onyx_61.wav,fake,1,openai,4.42,24000,1,88320,acd6d872d5046e76...
openai_01160_onyx_62.wav,fake/openai_01160_onyx_62.wav,fake,1,openai,2.64,24000,1,52800,c0f5da9a8af04726...
openai_01161_onyx_63.wav,fake/openai_01161_onyx_63.wav,fake,1,openai,3.65,24000,1,72960,481f540f75ec99d8...
openai_01162_onyx_64.wav,fake/openai_01162_onyx_64.wav,fake,1,openai,2.78,24000,1,55680,4bce2041468f1da8...
openai_01163_onyx_65.wav,fake/openai_01163_onyx_65.wav,fake,1,openai,3.19,24000,1,63840,3c3188427e3c9065...
openai_01164_onyx_66.wav,fake/openai_01164_onyx_66.wav,fake,1,openai,2.28,24000,1,45600,89c613d5dab315d7...
openai_01165_onyx_67.wav,fake/openai_01165_onyx_67.wav,fake,1,openai,2.76,24000,1,55200,db80962200aeef9d...
openai_01166_onyx_68.wav,fake/openai_01166_onyx_68.wav,fake,1,openai,3.67,24000,1,73440,2ffea507be195ce2...
openai_01167_onyx_69.wav,fake/openai_01167_onyx_69.wav,fake,1,openai,3.43,24000,1,68640,7b560f030aeac09c...
openai_01168_onyx_7.wav,fake/openai_01168_onyx_7.wav,fake,1,openai,4.18,24000,1,83520,767a80bce70e7d70...
openai_01169_onyx_70.wav,fake/openai_01169_onyx_70.wav,fake,1,openai,3.5,24000,1,70080,c226ef31d07ed9d6...
openai_01170_onyx_71.wav,fake/openai_01170_onyx_71.wav,fake,1,openai,3.55,24000,1,71040,5339091f19411f4c...
openai_01171_onyx_72.wav,fake/openai_01171_onyx_72.wav,fake,1,openai,3.84,24000,1,76800,7628909544f40c3f...
openai_01172_onyx_73.wav,fake/openai_01172_onyx_73.wav,fake,1,openai,3.12,24000,1,62400,1cf0ef3f002c8fbc...
openai_01173_onyx_74.wav,fake/openai_01173_onyx_74.wav,fake,1,openai,3.65,24000,1,72960,96f386f0f2730449...
openai_01174_onyx_75.wav,fake/openai_01174_onyx_75.wav,fake,1,openai,3.02,24000,1,60480,69608b3e4320a942...
openai_01175_onyx_76.wav,fake/openai_01175_onyx_76.wav,fake,1,openai,3.43,24000,1,68640,73a75c4cb26dfa9a...
openai_01176_onyx_77.wav,fake/openai_01176_onyx_77.wav,fake,1,openai,3.14,24000,1,62880,c53fb8dcf56d8fe1...
openai_01177_onyx_78.wav,fake/openai_01177_onyx_78.wav,fake,1,openai,2.95,24000,1,59040,7bf821dac924b505...
openai_01178_onyx_79.wav,fake/openai_01178_onyx_79.wav,fake,1,openai,3.62,24000,1,72480,532c732548602892...
openai_01179_onyx_8.wav,fake/openai_01179_onyx_8.wav,fake,1,openai,3.6,24000,1,72000,b3e596c3384eb355...
openai_01180_onyx_80.wav,fake/openai_01180_onyx_80.wav,fake,1,openai,4.32,24000,1,86400,b9c7605d840233c6...
openai_01181_onyx_81.wav,fake/openai_01181_onyx_81.wav,fake,1,openai,4.18,24000,1,83520,5d8099d65499731d...
openai_01182_onyx_82.wav,fake/openai_01182_onyx_82.wav,fake,1,openai,3.55,24000,1,71040,84fea6ecb400c1a8...
openai_01183_onyx_83.wav,fake/openai_01183_onyx_83.wav,fake,1,openai,3.82,24000,1,76320,52d3649d9f851d08...
openai_01184_onyx_84.wav,fake/openai_01184_onyx_84.wav,fake,1,openai,3.91,24000,1,78240,c69e691b3527a8cf...
openai_01185_onyx_85.wav,fake/openai_01185_onyx_85.wav,fake,1,openai,3.82,24000,1,76320,1450dae0decfe236...
openai_01186_onyx_86.wav,fake/openai_01186_onyx_86.wav,fake,1,openai,4.03,24000,1,80640,ffefbd9204fd7808...
openai_01187_onyx_87.wav,fake/openai_01187_onyx_87.wav,fake,1,openai,3.98,24000,1,79680,a9f02f041a0a0310...
openai_01188_onyx_88.wav,fake/openai_01188_onyx_88.wav,fake,1,openai,2.78,24000,1,55680,06849a1bee06536b...
openai_01189_onyx_89.wav,fake/openai_01189_onyx_89.wav,fake,1,openai,3.48,24000,1,69600,aa3993a11c50214d...
openai_01190_onyx_9.wav,fake/openai_01190_onyx_9.wav,fake,1,openai,3.26,24000,1,65280,85d366330ca33ebf...
openai_01191_onyx_90.wav,fake/openai_01191_onyx_90.wav,fake,1,openai,2.59,24000,1,51840,02902c714c731e2c...
openai_01192_onyx_91.wav,fake/openai_01192_onyx_91.wav,fake,1,openai,3.29,24000,1,65760,39aae69a23c7edd7...
openai_01193_onyx_92.wav,fake/openai_01193_onyx_92.wav,fake,1,openai,2.95,24000,1,59040,2204b0edd1e2c2da...
openai_01194_onyx_93.wav,fake/openai_01194_onyx_93.wav,fake,1,openai,2.52,24000,1,50400,41054ae04706a6e6...
openai_01195_onyx_94.wav,fake/openai_01195_onyx_94.wav,fake,1,openai,4.06,24000,1,81120,7fb58483ab157013...
openai_01196_onyx_95.wav,fake/openai_01196_onyx_95.wav,fake,1,openai,3.0,24000,1,60000,c912c30a2e4e2098...
openai_01197_onyx_96.wav,fake/openai_01197_onyx_96.wav,fake,1,openai,5.95,24000,1,119040,f31f31885a33e098...
openai_01198_onyx_97.wav,fake/openai_01198_onyx_97.wav,fake,1,openai,6.74,24000,1,134880,839ddc30ecdc4420...
openai_01199_onyx_98.wav,fake/openai_01199_onyx_98.wav,fake,1,openai,7.03,24000,1,140640,8ea149a69731b035...
openai_01200_onyx_99.wav,fake/openai_01200_onyx_99.wav,fake,1,openai,5.98,24000,1,119520,04b8d8ab1521cd5b...
openai_01201_shimmer_0.wav,fake/openai_01201_shimmer_0.wav,fake,1,openai,2.42,24000,1,48480,95e1d0fb40852b65...
openai_01202_shimmer_1.wav,fake/openai_01202_shimmer_1.wav,fake,1,openai,3.17,24000,1,63360,9eea41405dc08108...
openai_01203_shimmer_10.wav,fake/openai_01203_shimmer_10.wav,fake,1,openai,3.19,24000,1,63840,61ae3ec754c39045...
openai_01204_shimmer_11.wav,fake/openai_01204_shimmer_11.wav,fake,1,openai,3.24,24000,1,64800,aeea8e12bad096de...
openai_01205_shimmer_12.wav,fake/openai_01205_shimmer_12.wav,fake,1,openai,3.1,24000,1,61920,ff5294d2aabff682...
openai_01206_shimmer_13.wav,fake/openai_01206_shimmer_13.wav,fake,1,openai,3.43,24000,1,68640,6619d3556640893f...
openai_01207_shimmer_14.wav,fake/openai_01207_shimmer_14.wav,fake,1,openai,3.62,24000,1,72480,f70a3928f79c193d...
openai_01208_shimmer_15.wav,fake/openai_01208_shimmer_15.wav,fake,1,openai,3.77,24000,1,75360,84edfc57bf324945...
openai_01209_shimmer_16.wav,fake/openai_01209_shimmer_16.wav,fake,1,openai,3.72,24000,1,74400,02a207df477f65a8...
openai_01210_shimmer_17.wav,fake/openai_01210_shimmer_17.wav,fake,1,openai,3.38,24000,1,67680,5e82a07c30cbe2d9...
openai_01211_shimmer_18.wav,fake/openai_01211_shimmer_18.wav,fake,1,openai,3.65,24000,1,72960,ffe770bf4afacd01...
openai_01212_shimmer_19.wav,fake/openai_01212_shimmer_19.wav,fake,1,openai,2.78,24000,1,55680,b2c630ea88ca38f9...
openai_01213_shimmer_2.wav,fake/openai_01213_shimmer_2.wav,fake,1,openai,3.38,24000,1,67680,3c955cf80f416482...
openai_01214_shimmer_20.wav,fake/openai_01214_shimmer_20.wav,fake,1,openai,2.98,24000,1,59520,677391a3362669f1...
openai_01215_shimmer_21.wav,fake/openai_01215_shimmer_21.wav,fake,1,openai,3.62,24000,1,72480,b79e9f253a3e5392...
openai_01216_shimmer_22.wav,fake/openai_01216_shimmer_22.wav,fake,1,openai,2.98,24000,1,59520,140e14368c36a2eb...
openai_01217_shimmer_23.wav,fake/openai_01217_shimmer_23.wav,fake,1,openai,3.0,24000,1,60000,6d2df9639f86955a...
openai_01218_shimmer_24.wav,fake/openai_01218_shimmer_24.wav,fake,1,openai,3.82,24000,1,76320,7d450ebf01574a15...
openai_01219_shimmer_25.wav,fake/openai_01219_shimmer_25.wav,fake,1,openai,2.59,24000,1,51840,6d9d833c901a344c...
openai_01220_shimmer_26.wav,fake/openai_01220_shimmer_26.wav,fake,1,openai,3.14,24000,1,62880,e188f14357f28550...
openai_01221_shimmer_27.wav,fake/openai_01221_shimmer_27.wav,fake,1,openai,3.41,24000,1,68160,ad768abfe0dac01c...
openai_01222_shimmer_28.wav,fake/openai_01222_shimmer_28.wav,fake,1,openai,2.76,24000,1,55200,f3f53e911f7494a7...
openai_01223_shimmer_29.wav,fake/openai_01223_shimmer_29.wav,fake,1,openai,3.46,24000,1,69120,4c26c21e5954aa20...
openai_01224_shimmer_3.wav,fake/openai_01224_shimmer_3.wav,fake,1,openai,2.78,24000,1,55680,824d1f986b3a1fa6...
openai_01225_shimmer_30.wav,fake/openai_01225_shimmer_30.wav,fake,1,openai,3.98,24000,1,79680,ae5743d29e86112c...
openai_01226_shimmer_31.wav,fake/openai_01226_shimmer_31.wav,fake,1,openai,3.46,24000,1,69120,4fa9947e0cac9abe...
openai_01227_shimmer_32.wav,fake/openai_01227_shimmer_32.wav,fake,1,openai,3.89,24000,1,77760,0db9ab3cc11e1f8a...
openai_01228_shimmer_33.wav,fake/openai_01228_shimmer_33.wav,fake,1,openai,3.48,24000,1,69600,08b405f6d8232575...
openai_01229_shimmer_34.wav,fake/openai_01229_shimmer_34.wav,fake,1,openai,3.65,24000,1,72960,d9cd85cd93b484b2...
openai_01230_shimmer_35.wav,fake/openai_01230_shimmer_35.wav,fake,1,openai,3.65,24000,1,72960,50a78d25c1e07f35...
openai_01231_shimmer_36.wav,fake/openai_01231_shimmer_36.wav,fake,1,openai,3.17,24000,1,63360,ccfee99eff6ae187...
openai_01232_shimmer_37.wav,fake/openai_01232_shimmer_37.wav,fake,1,openai,3.53,24000,1,70560,169c497335879627...
openai_01233_shimmer_38.wav,fake/openai_01233_shimmer_38.wav,fake,1,openai,3.12,24000,1,62400,95ac7fae6fbc5ae0...
openai_01234_shimmer_39.wav,fake/openai_01234_shimmer_39.wav,fake,1,openai,3.67,24000,1,73440,84fcc108342f370c...
openai_01235_shimmer_4.wav,fake/openai_01235_shimmer_4.wav,fake,1,openai,3.84,24000,1,76800,0e2b284413c73224...
openai_01236_shimmer_40.wav,fake/openai_01236_shimmer_40.wav,fake,1,openai,2.9,24000,1,58080,29170ffd173ea136...
openai_01237_shimmer_41.wav,fake/openai_01237_shimmer_41.wav,fake,1,openai,2.81,24000,1,56160,8fe8925d8e22cc06...
openai_01238_shimmer_42.wav,fake/openai_01238_shimmer_42.wav,fake,1,openai,3.98,24000,1,79680,345bd002fd4cf6a6...
openai_01239_shimmer_43.wav,fake/openai_01239_shimmer_43.wav,fake,1,openai,3.98,24000,1,79680,ee3d9c55f58048f5...
openai_01240_shimmer_44.wav,fake/openai_01240_shimmer_44.wav,fake,1,openai,3.19,24000,1,63840,62fdad9299bbfc22...
openai_01241_shimmer_45.wav,fake/openai_01241_shimmer_45.wav,fake,1,openai,3.94,24000,1,78720,951824fde3b1ad50...
openai_01242_shimmer_46.wav,fake/openai_01242_shimmer_46.wav,fake,1,openai,3.86,24000,1,77280,36cc6bcbcae312ad...
openai_01243_shimmer_47.wav,fake/openai_01243_shimmer_47.wav,fake,1,openai,3.26,24000,1,65280,adbfe7af7019011f...
openai_01244_shimmer_48.wav,fake/openai_01244_shimmer_48.wav,fake,1,openai,3.0,24000,1,60000,031d55946f87149c...
openai_01245_shimmer_49.wav,fake/openai_01245_shimmer_49.wav,fake,1,openai,3.17,24000,1,63360,6b34daa7a7579d8f...
openai_01246_shimmer_5.wav,fake/openai_01246_shimmer_5.wav,fake,1,openai,3.19,24000,1,63840,14a8a057dbf4adc3...
openai_01247_shimmer_50.wav,fake/openai_01247_shimmer_50.wav,fake,1,openai,3.22,24000,1,64320,cce3a4faa6f8e1c1...
openai_01248_shimmer_51.wav,fake/openai_01248_shimmer_51.wav,fake,1,openai,3.46,24000,1,69120,06693a9e66f38657...
openai_01249_shimmer_52.wav,fake/openai_01249_shimmer_52.wav,fake,1,openai,3.5,24000,1,70080,fbb89e54294d052c...
openai_01250_shimmer_53.wav,fake/openai_01250_shimmer_53.wav,fake,1,openai,2.71,24000,1,54240,dd8664788eafeed4...
openai_01251_shimmer_54.wav,fake/openai_01251_shimmer_54.wav,fake,1,openai,3.7,24000,1,73920,657ed6cba7e74f1c...
openai_01252_shimmer_55.wav,fake/openai_01252_shimmer_55.wav,fake,1,openai,3.82,24000,1,76320,4c917dc7339f1ae7...
openai_01253_shimmer_56.wav,fake/openai_01253_shimmer_56.wav,fake,1,openai,3.79,24000,1,75840,65e6a60441612797...
openai_01254_shimmer_57.wav,fake/openai_01254_shimmer_57.wav,fake,1,openai,3.72,24000,1,74400,7c96e7dc12cfa31c...
openai_01255_shimmer_58.wav,fake/openai_01255_shimmer_58.wav,fake,1,openai,3.17,24000,1,63360,0824cd2aeb0f405e...
openai_01256_shimmer_59.wav,fake/openai_01256_shimmer_59.wav,fake,1,openai,3.84,24000,1,76800,5fbc14adb894dd59...
openai_01257_shimmer_6.wav,fake/openai_01257_shimmer_6.wav,fake,1,openai,3.05,24000,1,60960,5efa04ce11e33e9e...
openai_01258_shimmer_60.wav,fake/openai_01258_shimmer_60.wav,fake,1,openai,3.19,24000,1,63840,bb1b4f4a55ec91d2...
openai_01259_shimmer_61.wav,fake/openai_01259_shimmer_61.wav,fake,1,openai,3.36,24000,1,67200,1bc083a1a59b5cac...
openai_01260_shimmer_62.wav,fake/openai_01260_shimmer_62.wav,fake,1,openai,4.32,24000,1,86400,7a9d6b827acdab58...
openai_01261_shimmer_63.wav,fake/openai_01261_shimmer_63.wav,fake,1,openai,2.86,24000,1,57120,31c873bdc3e7a9b3...
openai_01262_shimmer_64.wav,fake/openai_01262_shimmer_64.wav,fake,1,openai,4.37,24000,1,87360,86422cb29d23f439...
openai_01263_shimmer_65.wav,fake/openai_01263_shimmer_65.wav,fake,1,openai,3.86,24000,1,77280,ac5667a8b79de604...
openai_01264_shimmer_66.wav,fake/openai_01264_shimmer_66.wav,fake,1,openai,3.0,24000,1,60000,f9e91e74ddf7077e...
openai_01265_shimmer_67.wav,fake/openai_01265_shimmer_67.wav,fake,1,openai,2.81,24000,1,56160,9ad1fb8cd3282a50...
openai_01266_shimmer_68.wav,fake/openai_01266_shimmer_68.wav,fake,1,openai,4.78,24000,1,95520,41d974c12ba7b1fb...
openai_01267_shimmer_69.wav,fake/openai_01267_shimmer_69.wav,fake,1,openai,3.24,24000,1,64800,142ff569eadf8749...
openai_01268_shimmer_7.wav,fake/openai_01268_shimmer_7.wav,fake,1,openai,2.5,24000,1,49920,042528a2fd7c897d...
openai_01269_shimmer_70.wav,fake/openai_01269_shimmer_70.wav,fake,1,openai,2.98,24000,1,59520,3876a124e18918a3...
openai_01270_shimmer_71.wav,fake/openai_01270_shimmer_71.wav,fake,1,openai,3.58,24000,1,71520,46f7e7b5bf22d82b...
openai_01271_shimmer_72.wav,fake/openai_01271_shimmer_72.wav,fake,1,openai,3.98,24000,1,79680,43145e2975f55be0...
openai_01272_shimmer_73.wav,fake/openai_01272_shimmer_73.wav,fake,1,openai,4.61,24000,1,92160,7a9c61971aa1d598...
openai_01273_shimmer_74.wav,fake/openai_01273_shimmer_74.wav,fake,1,openai,3.74,24000,1,74880,7b5a98663581b538...
openai_01274_shimmer_75.wav,fake/openai_01274_shimmer_75.wav,fake,1,openai,3.36,24000,1,67200,85c889cbc00a3ed1...
openai_01275_shimmer_76.wav,fake/openai_01275_shimmer_76.wav,fake,1,openai,3.62,24000,1,72480,bc5ebf198f8d324c...
openai_01276_shimmer_77.wav,fake/openai_01276_shimmer_77.wav,fake,1,openai,3.07,24000,1,61440,cff556508f9e00fe...
openai_01277_shimmer_78.wav,fake/openai_01277_shimmer_78.wav,fake,1,openai,3.72,24000,1,74400,7de3392d7e924830...
openai_01278_shimmer_79.wav,fake/openai_01278_shimmer_79.wav,fake,1,openai,3.34,24000,1,66720,94acdfa0a803bb2a...
openai_01279_shimmer_8.wav,fake/openai_01279_shimmer_8.wav,fake,1,openai,3.29,24000,1,65760,64b657a390d467bf...
openai_01280_shimmer_80.wav,fake/openai_01280_shimmer_80.wav,fake,1,openai,3.89,24000,1,77760,a6bb57bf877653d2...
openai_01281_shimmer_81.wav,fake/openai_01281_shimmer_81.wav,fake,1,openai,3.05,24000,1,60960,89f16a6b141ed4bd...
openai_01282_shimmer_82.wav,fake/openai_01282_shimmer_82.wav,fake,1,openai,4.87,24000,1,97440,73c2ca5d3979221a...
openai_01283_shimmer_83.wav,fake/openai_01283_shimmer_83.wav,fake,1,openai,3.86,24000,1,77280,a43b8724774793f2...
openai_01284_shimmer_84.wav,fake/openai_01284_shimmer_84.wav,fake,1,openai,3.19,24000,1,63840,16242df17bd2fd0d...
openai_01285_shimmer_85.wav,fake/openai_01285_shimmer_85.wav,fake,1,openai,3.58,24000,1,71520,1286e93599651b22...
openai_01286_shimmer_86.wav,fake/openai_01286_shimmer_86.wav,fake,1,openai,3.02,24000,1,60480,f588de195cac23bf...
openai_01287_shimmer_87.wav,fake/openai_01287_shimmer_87.wav,fake,1,openai,3.89,24000,1,77760,1408aa26ee3a326c...
openai_01288_shimmer_88.wav,fake/openai_01288_shimmer_88.wav,fake,1,openai,4.03,24000,1,80640,bab7c8f65358f82f...
openai_01289_shimmer_89.wav,fake/openai_01289_shimmer_89.wav,fake,1,openai,3.82,24000,1,76320,3f7b478b41de9852...
openai_01290_shimmer_9.wav,fake/openai_01290_shimmer_9.wav,fake,1,openai,3.12,24000,1,62400,344aad30a18a87a1...
openai_01291_shimmer_90.wav,fake/openai_01291_shimmer_90.wav,fake,1,openai,2.78,24000,1,55680,0d04813f5cf21f50...
openai_01292_shimmer_91.wav,fake/openai_01292_shimmer_91.wav,fake,1,openai,3.7,24000,1,73920,4139dde617758de5...
openai_01293_shimmer_92.wav,fake/openai_01293_shimmer_92.wav,fake,1,openai,3.58,24000,1,71520,2e4dd0b66d5a0bdd...
openai_01294_shimmer_93.wav,fake/openai_01294_shimmer_93.wav,fake,1,openai,5.9,24000,1,118080,ed4736ed1d9bba06...
openai_01295_shimmer_94.wav,fake/openai_01295_shimmer_94.wav,fake,1,openai,5.3,24000,1,106080,f42a221b623d0ba6...
openai_01296_shimmer_95.wav,fake/openai_01296_shimmer_95.wav,fake,1,openai,5.78,24000,1,115680,4de8027c4b453800...
openai_01297_shimmer_96.wav,fake/openai_01297_shimmer_96.wav,fake,1,openai,7.13,24000,1,142560,0a35499949e23e6d...
openai_01298_shimmer_97.wav,fake/openai_01298_shimmer_97.wav,fake,1,openai,3.58,24000,1,71520,915ee78dedbeb433...
openai_01299_shimmer_98.wav,fake/openai_01299_shimmer_98.wav,fake,1,openai,3.46,24000,1,69120,89f582f13c393cfb...
openai_01300_shimmer_99.wav,fake/openai_01300_shimmer_99.wav,fake,1,openai,4.13,24000,1,82560,6be930ed01b70dd2...
prompttts2_01301_audio1.wav,fake/prompttts2_01301_audio1.wav,fake,1,prompttts2,3.25,16000,1,156044,5ad36af1d6f0a030...
prompttts2_01302_audio16.wav,fake/prompttts2_01302_audio16.wav,fake,1,prompttts2,6.94,16000,1,333044,d7c47a147bddbacb...
prompttts2_01303_audio17.wav,fake/prompttts2_01303_audio17.wav,fake,1,prompttts2,6.91,16000,1,331844,de35819695da9623...
prompttts2_01304_audio18.wav,fake/prompttts2_01304_audio18.wav,fake,1,prompttts2,6.91,16000,1,331844,6c921c7383df0b5f...
prompttts2_01305_audio2.wav,fake/prompttts2_01305_audio2.wav,fake,1,prompttts2,3.09,16000,1,148244,c3f281ab539f8436...
prompttts2_01306_audio27.wav,fake/prompttts2_01306_audio27.wav,fake,1,prompttts2,5.41,16000,1,259844,6c8e62c39057a803...
prompttts2_01307_audio28.wav,fake/prompttts2_01307_audio28.wav,fake,1,prompttts2,5.3,16000,1,254444,84e19508ec58b3ff...
prompttts2_01308_audio29.wav,fake/prompttts2_01308_audio29.wav,fake,1,prompttts2,5.85,16000,1,280844,d840430b719bc2a5...
prompttts2_01309_audio35.wav,fake/prompttts2_01309_audio35.wav,fake,1,prompttts2,10.38,16000,1,498044,719749b067cd0d07...
prompttts2_01310_audio36.wav,fake/prompttts2_01310_audio36.wav,fake,1,prompttts2,11.66,16000,1,559844,1eb094d0f6f96c81...
prompttts2_01311_audio38.wav,fake/prompttts2_01311_audio38.wav,fake,1,prompttts2,12.85,16000,1,616844,3249d404a05dba89...
prompttts2_01312_audio40.wav,fake/prompttts2_01312_audio40.wav,fake,1,prompttts2,14.24,16000,1,683444,5ab715c36e651198...
prompttts2_01313_audio41.wav,fake/prompttts2_01313_audio41.wav,fake,1,prompttts2,14.28,16000,1,685244,84a55a4d9392e10d...
prompttts2_01314_audio42.wav,fake/prompttts2_01314_audio42.wav,fake,1,prompttts2,14.28,16000,1,685244,06bbc72eefc77e79...
prompttts2_01315_audio44.wav,fake/prompttts2_01315_audio44.wav,fake,1,prompttts2,14.28,16000,1,685244,9d7e2d08daa7b629...
prompttts2_01316_audio45.wav,fake/prompttts2_01316_audio45.wav,fake,1,prompttts2,14.28,16000,1,685244,1f733b08f567d463...
prompttts2_01317_audio49.wav,fake/prompttts2_01317_audio49.wav,fake,1,prompttts2,14.6,16000,1,700844,366458756e3cf649...
prompttts2_01318_audio50.wav,fake/prompttts2_01318_audio50.wav,fake,1,prompttts2,15.32,16000,1,735644,81ebc76977181fc7...
prompttts2_01319_audio64.wav,fake/prompttts2_01319_audio64.wav,fake,1,prompttts2,7.84,16000,1,376244,725a9b3c1e2818f5...
prompttts2_01320_audio66.wav,fake/prompttts2_01320_audio66.wav,fake,1,prompttts2,7.36,16000,1,353444,0a640fd52140f2b3...
prompttts2_01321_audio67.wav,fake/prompttts2_01321_audio67.wav,fake,1,prompttts2,7.96,16000,1,382244,220ded385d3d6fd8...
prompttts2_01322_audio7.wav,fake/prompttts2_01322_audio7.wav,fake,1,prompttts2,17.06,16000,1,546044,e745dc9265b9d0c0...
prompttts2_01323_audio70.wav,fake/prompttts2_01323_audio70.wav,fake,1,prompttts2,6.25,16000,1,300044,26798e07ef8345b8...
prompttts2_01324_audio8.wav,fake/prompttts2_01324_audio8.wav,fake,1,prompttts2,15.32,16000,1,735644,944ff0b422fc5ecd...
prompttts2_01325_audio9.wav,fake/prompttts2_01325_audio9.wav,fake,1,prompttts2,12.69,16000,1,609044,be309c5837f23855...
seedtts_files_03600_00000309-00000009.wav,fake/seedtts_files_03600_00000309-00000009.wav,fake,1,seedtts,4.27,24000,1,205100,7acd037f34b50da9...
seedtts_files_03601_00000309-00000039.wav,fake/seedtts_files_03601_00000309-00000039.wav,fake,1,seedtts,4.69,24000,1,225324,58bd1cd2f2d81ad3...
seedtts_files_03602_00004501-00000029.wav,fake/seedtts_files_03602_00004501-00000029.wav,fake,1,seedtts,5.82,24000,1,279340,23ab78f2461ee358...
seedtts_files_03603_00004501-00000111.wav,fake/seedtts_files_03603_00004501-00000111.wav,fake,1,seedtts,6.18,24000,1,296492,ad958babcbc51bd3...
seedtts_files_03604_00004504-00000057.wav,fake/seedtts_files_03604_00004504-00000057.wav,fake,1,seedtts,7.58,24000,1,364076,5aa6fc14ddfbc83c...
seedtts_files_03605_00004504-00000108.wav,fake/seedtts_files_03605_00004504-00000108.wav,fake,1,seedtts,7.19,24000,1,345388,67fb6342def02544...
seedtts_files_03606_00004505-00000041.wav,fake/seedtts_files_03606_00004505-00000041.wav,fake,1,seedtts,4.51,24000,1,216620,dec58425739adc47...
seedtts_files_03607_00004505-00000075.wav,fake/seedtts_files_03607_00004505-00000075.wav,fake,1,seedtts,4.48,24000,1,215084,c1d04f10a64f0c52...
seedtts_files_03608_00004506-00000069.wav,fake/seedtts_files_03608_00004506-00000069.wav,fake,1,seedtts,5.82,24000,1,279596,b3b414d6507b3218...
seedtts_files_03609_00004506-00000103.wav,fake/seedtts_files_03609_00004506-00000103.wav,fake,1,seedtts,7.19,24000,1,345388,0d0322eddba09a2a...
seedtts_files_03610_00004507-00000024.wav,fake/seedtts_files_03610_00004507-00000024.wav,fake,1,seedtts,7.13,24000,1,342316,5c7d4e33f6428d87...
seedtts_files_03611_00004507-00000092.wav,fake/seedtts_files_03611_00004507-00000092.wav,fake,1,seedtts,8.82,24000,1,423468,d4d375a19971a3cc...
seedtts_files_03612_00004508-00000022.wav,fake/seedtts_files_03612_00004508-00000022.wav,fake,1,seedtts,4.86,24000,1,233516,b27eb3f2c1ade11b...
seedtts_files_03613_00004508-00000064.wav,fake/seedtts_files_03613_00004508-00000064.wav,fake,1,seedtts,4.15,24000,1,199468,eff1c094bd464b79...
seedtts_files_03614_00004509-00000047.wav,fake/seedtts_files_03614_00004509-00000047.wav,fake,1,seedtts,7.63,24000,1,366380,f205ce5c650def94...
seedtts_files_03615_00004509-00000090.wav,fake/seedtts_files_03615_00004509-00000090.wav,fake,1,seedtts,5.34,24000,1,256556,68e937624753401e...
seedtts_files_03616_00004510-00000018.wav,fake/seedtts_files_03616_00004510-00000018.wav,fake,1,seedtts,5.79,24000,1,277804,5ee5d6c774059c8d...
seedtts_files_03617_00004510-00000090.wav,fake/seedtts_files_03617_00004510-00000090.wav,fake,1,seedtts,8.79,24000,1,421932,efc61b75b6e21cbb...
seedtts_files_03618_00004511-00000014.wav,fake/seedtts_files_03618_00004511-00000014.wav,fake,1,seedtts,4.75,24000,1,227884,5b3b3749695aef46...
seedtts_files_03619_00004511-00000032.wav,fake/seedtts_files_03619_00004511-00000032.wav,fake,1,seedtts,5.64,24000,1,270892,276bde686b44c978...
seedtts_files_03620_00004512-00000028.wav,fake/seedtts_files_03620_00004512-00000028.wav,fake,1,seedtts,5.72,24000,1,274476,5bad5c41ee1f6e2d...
seedtts_files_03621_00004512-00000067.wav,fake/seedtts_files_03621_00004512-00000067.wav,fake,1,seedtts,5.52,24000,1,265004,0e7995aeb30c1d36...
seedtts_files_03622_00004513-00000001.wav,fake/seedtts_files_03622_00004513-00000001.wav,fake,1,seedtts,8.23,24000,1,395052,92248e9c4c12915f...
seedtts_files_03623_00004513-00000086.wav,fake/seedtts_files_03623_00004513-00000086.wav,fake,1,seedtts,4.84,24000,1,232236,7c5c3bdcb0138e50...
seedtts_files_03624_00004514-00000036.wav,fake/seedtts_files_03624_00004514-00000036.wav,fake,1,seedtts,5.58,24000,1,267820,483d8aa88367e4e3...
seedtts_files_03625_00004514-00000062.wav,fake/seedtts_files_03625_00004514-00000062.wav,fake,1,seedtts,5.34,24000,1,256556,3b6d5cf79c568954...
seedtts_files_03626_00004515-00000058.wav,fake/seedtts_files_03626_00004515-00000058.wav,fake,1,seedtts,7.07,24000,1,339500,e977614a612bf970...
seedtts_files_03627_00004515-00000071.wav,fake/seedtts_files_03627_00004515-00000071.wav,fake,1,seedtts,4.7,24000,1,225836,1d95ece864b0eb3b...
seedtts_files_03628_00004516-00000030.wav,fake/seedtts_files_03628_00004516-00000030.wav,fake,1,seedtts,8.35,24000,1,400940,e93c665bdcf21f65...
seedtts_files_03629_00004516-00000111.wav,fake/seedtts_files_03629_00004516-00000111.wav,fake,1,seedtts,4.71,24000,1,226092,b20fffde1b6289e7...
seedtts_files_03630_00004517-00000108.wav,fake/seedtts_files_03630_00004517-00000108.wav,fake,1,seedtts,4.9,24000,1,235420,8662628c1f3f3697...
seedtts_files_03631_00004517-00000116.wav,fake/seedtts_files_03631_00004517-00000116.wav,fake,1,seedtts,7.23,24000,1,347180,02eb3a5c83920351...
seedtts_files_03632_00004518-00000106.wav,fake/seedtts_files_03632_00004518-00000106.wav,fake,1,seedtts,5.76,24000,1,276524,98af477df3024bce...
seedtts_files_03633_00004518-00000112.wav,fake/seedtts_files_03633_00004518-00000112.wav,fake,1,seedtts,6.09,24000,1,292396,3928b010aec70eaa...
seedtts_files_03634_00004519-00000048.wav,fake/seedtts_files_03634_00004519-00000048.wav,fake,1,seedtts,6.17,24000,1,296044,ab1a01c63a03ea90...
seedtts_files_03635_00004519-00000102.wav,fake/seedtts_files_03635_00004519-00000102.wav,fake,1,seedtts,5.62,24000,1,269612,509f062ee2b14020...
seedtts_files_03636_00004520-00000019.wav,fake/seedtts_files_03636_00004520-00000019.wav,fake,1,seedtts,6.2,24000,1,297516,4614872c670d1a1e...
seedtts_files_03637_00004520-00000082.wav,fake/seedtts_files_03637_00004520-00000082.wav,fake,1,seedtts,4.51,24000,1,216364,9abe1827e133e803...
seedtts_files_03638_00004521-00000008.wav,fake/seedtts_files_03638_00004521-00000008.wav,fake,1,seedtts,5.67,24000,1,272428,ea96967df77e1147...
seedtts_files_03639_00004521-00000059.wav,fake/seedtts_files_03639_00004521-00000059.wav,fake,1,seedtts,4.6,24000,1,220716,9a920ef8ca8c186d...
seedtts_files_03640_00004522-00000073.wav,fake/seedtts_files_03640_00004522-00000073.wav,fake,1,seedtts,4.92,24000,1,236076,96f7840b5163c1c3...
seedtts_files_03641_00004522-00000097.wav,fake/seedtts_files_03641_00004522-00000097.wav,fake,1,seedtts,4.66,24000,1,223788,d63a0b1d29a9016b...
seedtts_files_03642_00004523-00000030.wav,fake/seedtts_files_03642_00004523-00000030.wav,fake,1,seedtts,5.08,24000,1,243756,be4165f6c79ca807...
seedtts_files_03643_00004523-00000067.wav,fake/seedtts_files_03643_00004523-00000067.wav,fake,1,seedtts,4.27,24000,1,204844,1a936cfcba59b880...
seedtts_files_03644_00004524-00000063.wav,fake/seedtts_files_03644_00004524-00000063.wav,fake,1,seedtts,5.85,24000,1,280876,bc769aafdfbc0a53...
seedtts_files_03645_00004524-00000118.wav,fake/seedtts_files_03645_00004524-00000118.wav,fake,1,seedtts,7.63,24000,1,366380,06b8836ff8ae99dc...
seedtts_files_03646_00004525-00000019.wav,fake/seedtts_files_03646_00004525-00000019.wav,fake,1,seedtts,5.18,24000,1,248620,9544a88b557a33cb...
seedtts_files_03647_00004525-00000055.wav,fake/seedtts_files_03647_00004525-00000055.wav,fake,1,seedtts,6.6,24000,1,316716,d23bf67de4ab440d...
seedtts_files_03648_00004526-00000038.wav,fake/seedtts_files_03648_00004526-00000038.wav,fake,1,seedtts,4.33,24000,1,207660,32bd9052e6da7d29...
seedtts_files_03649_00004526-00000053.wav,fake/seedtts_files_03649_00004526-00000053.wav,fake,1,seedtts,5.54,24000,1,265772,3e150f65252d8321...
seedtts_files_03650_00004527-00000005.wav,fake/seedtts_files_03650_00004527-00000005.wav,fake,1,seedtts,5.33,24000,1,256044,8c21abcf625bc8a0...
seedtts_files_03651_00004527-00000109.wav,fake/seedtts_files_03651_00004527-00000109.wav,fake,1,seedtts,7.62,24000,1,365612,f876d98ab2a9ca80...
seedtts_files_03652_00004528-00000002.wav,fake/seedtts_files_03652_00004528-00000002.wav,fake,1,seedtts,6.11,24000,1,293420,b04ee0f4eb4968f2...
seedtts_files_03653_00004528-00000104.wav,fake/seedtts_files_03653_00004528-00000104.wav,fake,1,seedtts,4.77,24000,1,229164,2965868f4041ff20...
seedtts_files_03654_00004529-00000035.wav,fake/seedtts_files_03654_00004529-00000035.wav,fake,1,seedtts,6.74,24000,1,323372,60bfcbd88d1ca85f...
seedtts_files_03655_00004529-00000079.wav,fake/seedtts_files_03655_00004529-00000079.wav,fake,1,seedtts,5.4,24000,1,259372,a1b13499e564ef1d...
seedtts_files_03656_00004530-00000094.wav,fake/seedtts_files_03656_00004530-00000094.wav,fake,1,seedtts,5.36,24000,1,257324,4e113bec71fd6c82...
seedtts_files_03657_00004530-00000117.wav,fake/seedtts_files_03657_00004530-00000117.wav,fake,1,seedtts,6.73,24000,1,323116,bfb02d7fcc27f19d...
seedtts_files_03658_00004531-00000037.wav,fake/seedtts_files_03658_00004531-00000037.wav,fake,1,seedtts,4.99,24000,1,239404,3e9d8aff44264ec8...
seedtts_files_03659_00004531-00000100.wav,fake/seedtts_files_03659_00004531-00000100.wav,fake,1,seedtts,4.92,24000,1,236076,a2dc25928c6ee644...
seedtts_files_03660_00004532-00000036.wav,fake/seedtts_files_03660_00004532-00000036.wav,fake,1,seedtts,6.55,24000,1,314412,03a0d057c9b92b53...
seedtts_files_03661_00004532-00000040.wav,fake/seedtts_files_03661_00004532-00000040.wav,fake,1,seedtts,7.65,24000,1,367148,e613e3de489254b7...
seedtts_files_03662_00004533-00000083.wav,fake/seedtts_files_03662_00004533-00000083.wav,fake,1,seedtts,6.5,24000,1,312108,71884a8a3ef40ddc...
seedtts_files_03663_00004533-00000112.wav,fake/seedtts_files_03663_00004533-00000112.wav,fake,1,seedtts,5.79,24000,1,278060,9d2d433ff8a74cd3...
seedtts_files_03664_00004534-00000022.wav,fake/seedtts_files_03664_00004534-00000022.wav,fake,1,seedtts,6.92,24000,1,332332,416f2ab5a8185ab0...
seedtts_files_03665_00004534-00000056.wav,fake/seedtts_files_03665_00004534-00000056.wav,fake,1,seedtts,5.77,24000,1,277036,6df03a4528fbeba2...
seedtts_files_03666_00004535-00000010.wav,fake/seedtts_files_03666_00004535-00000010.wav,fake,1,seedtts,5.1,24000,1,245036,281955ab62284c65...
seedtts_files_03667_00004535-00000085.wav,fake/seedtts_files_03667_00004535-00000085.wav,fake,1,seedtts,5.62,24000,1,269612,de597f1fd2e5e80a...
seedtts_files_03668_00004536-00000020.wav,fake/seedtts_files_03668_00004536-00000020.wav,fake,1,seedtts,6.85,24000,1,329004,3a92859fe2209066...
seedtts_files_03669_00004536-00000036.wav,fake/seedtts_files_03669_00004536-00000036.wav,fake,1,seedtts,5.91,24000,1,283692,a5006d74490b9d1a...
seedtts_files_03670_00004537-00000030.wav,fake/seedtts_files_03670_00004537-00000030.wav,fake,1,seedtts,5.11,24000,1,245292,99596f4ef008a48b...
seedtts_files_03671_00004537-00000066.wav,fake/seedtts_files_03671_00004537-00000066.wav,fake,1,seedtts,6.27,24000,1,300844,ac96500cf3f60976...
seedtts_files_03672_00004538-00000008.wav,fake/seedtts_files_03672_00004538-00000008.wav,fake,1,seedtts,6.67,24000,1,320044,addc1032c9a312f3...
seedtts_files_03673_00004538-00000075.wav,fake/seedtts_files_03673_00004538-00000075.wav,fake,1,seedtts,4.37,24000,1,209964,40054324a435efb7...
seedtts_files_03674_00004539-00000054.wav,fake/seedtts_files_03674_00004539-00000054.wav,fake,1,seedtts,6.43,24000,1,308524,df849ed566d003e5...
seedtts_files_03675_00004539-00000080.wav,fake/seedtts_files_03675_00004539-00000080.wav,fake,1,seedtts,5.67,24000,1,272172,fdbdc747a59b5875...
seedtts_files_03676_00004540-00000030.wav,fake/seedtts_files_03676_00004540-00000030.wav,fake,1,seedtts,4.7,24000,1,225836,4011c513be4f0863...
seedtts_files_03677_00004540-00000032.wav,fake/seedtts_files_03677_00004540-00000032.wav,fake,1,seedtts,4.02,24000,1,193068,d91469cfd3bee6d5...
seedtts_files_03678_00004541-00000040.wav,fake/seedtts_files_03678_00004541-00000040.wav,fake,1,seedtts,5.77,24000,1,277036,0b7bbe5736a5dee7...
seedtts_files_03679_00004541-00000075.wav,fake/seedtts_files_03679_00004541-00000075.wav,fake,1,seedtts,6.72,24000,1,322604,93159431fc7f188e...
seedtts_files_03680_00004542-00000013.wav,fake/seedtts_files_03680_00004542-00000013.wav,fake,1,seedtts,6.29,24000,1,302124,8fd0937dbbedd5ad...
seedtts_files_03681_00004542-00000047.wav,fake/seedtts_files_03681_00004542-00000047.wav,fake,1,seedtts,6.54,24000,1,313900,60e3b9b158dcead6...
seedtts_files_03682_00004543-00000001.wav,fake/seedtts_files_03682_00004543-00000001.wav,fake,1,seedtts,5.44,24000,1,261164,da339469f4232c77...
seedtts_files_03683_00004543-00000111.wav,fake/seedtts_files_03683_00004543-00000111.wav,fake,1,seedtts,5.79,24000,1,278060,b240aae9b054329d...
seedtts_files_03684_00004544-00000082.wav,fake/seedtts_files_03684_00004544-00000082.wav,fake,1,seedtts,4.45,24000,1,213548,07967a506d5e3e37...
seedtts_files_03685_00004544-00000097.wav,fake/seedtts_files_03685_00004544-00000097.wav,fake,1,seedtts,5.68,24000,1,272684,7c7e32b970a4a0e8...
seedtts_files_03686_00004545-00000041.wav,fake/seedtts_files_03686_00004545-00000041.wav,fake,1,seedtts,5.28,24000,1,253484,fa9cf0233b5d9390...
seedtts_files_03687_00004545-00000078.wav,fake/seedtts_files_03687_00004545-00000078.wav,fake,1,seedtts,5.54,24000,1,265772,824440ee8def1e8f...
seedtts_files_03688_00004546-00000009.wav,fake/seedtts_files_03688_00004546-00000009.wav,fake,1,seedtts,6.91,24000,1,331820,ccb02919b2238982...
seedtts_files_03689_00004546-00000013.wav,fake/seedtts_files_03689_00004546-00000013.wav,fake,1,seedtts,7.24,24000,1,347692,e71e43d83c2323d6...
seedtts_files_03690_00004547-00000041.wav,fake/seedtts_files_03690_00004547-00000041.wav,fake,1,seedtts,5.9,24000,1,283436,00a82762b78ce989...
seedtts_files_03691_00004547-00000106.wav,fake/seedtts_files_03691_00004547-00000106.wav,fake,1,seedtts,5.05,24000,1,242476,79bb3b4a54e24295...
seedtts_files_03692_00004548-00000002.wav,fake/seedtts_files_03692_00004548-00000002.wav,fake,1,seedtts,8.2,24000,1,393772,21e468510e07bdd8...
seedtts_files_03693_00004548-00000080.wav,fake/seedtts_files_03693_00004548-00000080.wav,fake,1,seedtts,7.33,24000,1,351788,0f3d12946ec956fc...
seedtts_files_03694_00004549-00000008.wav,fake/seedtts_files_03694_00004549-00000008.wav,fake,1,seedtts,4.87,24000,1,234028,d912ca9e7932c47c...
seedtts_files_03695_00004549-00000046.wav,fake/seedtts_files_03695_00004549-00000046.wav,fake,1,seedtts,5.93,24000,1,284460,3473838f67a342bd...
seedtts_files_03696_00004550-00000011.wav,fake/seedtts_files_03696_00004550-00000011.wav,fake,1,seedtts,7.05,24000,1,338220,8f86f45f066e1aec...
seedtts_files_03697_00004550-00000102.wav,fake/seedtts_files_03697_00004550-00000102.wav,fake,1,seedtts,6.75,24000,1,323884,4963f836f54f6324...
seedtts_files_03698_00004551-00000110.wav,fake/seedtts_files_03698_00004551-00000110.wav,fake,1,seedtts,4.82,24000,1,231212,00d7b9c5662eb902...
seedtts_files_03699_00004551-00000119.wav,fake/seedtts_files_03699_00004551-00000119.wav,fake,1,seedtts,7.56,24000,1,363052,abf49895c28c77d5...
seedtts_files_03700_00004552-00000044.wav,fake/seedtts_files_03700_00004552-00000044.wav,fake,1,seedtts,4.44,24000,1,213036,dcc6bcbd7bd9ad08...
seedtts_files_03701_00004552-00000055.wav,fake/seedtts_files_03701_00004552-00000055.wav,fake,1,seedtts,4.67,24000,1,224044,563a7ddc74831168...
seedtts_files_03702_00004553-00000017.wav,fake/seedtts_files_03702_00004553-00000017.wav,fake,1,seedtts,4.2,24000,1,201516,28ba20ec22423ba3...
seedtts_files_03703_00004553-00000041.wav,fake/seedtts_files_03703_00004553-00000041.wav,fake,1,seedtts,5.86,24000,1,281132,56e2f8ad4a1a330b...
seedtts_files_03704_00004554-00000023.wav,fake/seedtts_files_03704_00004554-00000023.wav,fake,1,seedtts,5.82,24000,1,279596,55e5cce73833790d...
seedtts_files_03705_00004554-00000082.wav,fake/seedtts_files_03705_00004554-00000082.wav,fake,1,seedtts,6.29,24000,1,302124,fe25fd30bfaaa1ad...
seedtts_files_03706_00004556-00000047.wav,fake/seedtts_files_03706_00004556-00000047.wav,fake,1,seedtts,6.86,24000,1,329260,ddea6bd8b3019e9d...
seedtts_files_03707_00004556-00000057.wav,fake/seedtts_files_03707_00004556-00000057.wav,fake,1,seedtts,5.15,24000,1,247340,c6f8304bddb2eb26...
seedtts_files_03708_00004557-00000081.wav,fake/seedtts_files_03708_00004557-00000081.wav,fake,1,seedtts,4.77,24000,1,229164,445026a96a576592...
seedtts_files_03709_00004557-00000094.wav,fake/seedtts_files_03709_00004557-00000094.wav,fake,1,seedtts,5.83,24000,1,280108,bf3eb4f95746afbb...
seedtts_files_03710_00004558-00000025.wav,fake/seedtts_files_03710_00004558-00000025.wav,fake,1,seedtts,4.48,24000,1,215084,5c76adfb7f68bb36...
seedtts_files_03711_00004558-00000044.wav,fake/seedtts_files_03711_00004558-00000044.wav,fake,1,seedtts,5.22,24000,1,250668,716458f66c74a7af...
seedtts_files_03712_00004559-00000089.wav,fake/seedtts_files_03712_00004559-00000089.wav,fake,1,seedtts,4.87,24000,1,233612,bd95a6431910773a...
seedtts_files_03713_00004559-00000119.wav,fake/seedtts_files_03713_00004559-00000119.wav,fake,1,seedtts,6.42,24000,1,308204,0fded3e9f5fbae5d...
seedtts_files_03714_00004560-00000011.wav,fake/seedtts_files_03714_00004560-00000011.wav,fake,1,seedtts,5.08,24000,1,244012,4a27771e0b82d6f5...
seedtts_files_03715_00004560-00000116.wav,fake/seedtts_files_03715_00004560-00000116.wav,fake,1,seedtts,10.52,24000,1,505228,98ca946fbdc94bf6...
seedtts_files_03716_00004561-00000031.wav,fake/seedtts_files_03716_00004561-00000031.wav,fake,1,seedtts,6.03,24000,1,289324,04a697cb06474c32...
seedtts_files_03717_00004561-00000049.wav,fake/seedtts_files_03717_00004561-00000049.wav,fake,1,seedtts,6.31,24000,1,302892,80df377ddedf006c...
seedtts_files_03718_00004562-00000017.wav,fake/seedtts_files_03718_00004562-00000017.wav,fake,1,seedtts,5.33,24000,1,255788,ed36aadab98999c2...
seedtts_files_03719_00004562-00000021.wav,fake/seedtts_files_03719_00004562-00000021.wav,fake,1,seedtts,5.15,24000,1,247340,34c9a9ec1ee987aa...
seedtts_files_03720_00004563-00000025.wav,fake/seedtts_files_03720_00004563-00000025.wav,fake,1,seedtts,4.18,24000,1,200748,e3b54deda7c4ef6b...
seedtts_files_03721_00004563-00000100.wav,fake/seedtts_files_03721_00004563-00000100.wav,fake,1,seedtts,9.43,24000,1,452652,45efc35541ed7c76...
seedtts_files_03722_00004565-00000062.wav,fake/seedtts_files_03722_00004565-00000062.wav,fake,1,seedtts,4.96,24000,1,238124,1c2b7bad7ad63b27...
seedtts_files_03723_00004565-00000090.wav,fake/seedtts_files_03723_00004565-00000090.wav,fake,1,seedtts,4.71,24000,1,226348,92cc9b27c897fc7d...
seedtts_files_03724_00004566-00000082.wav,fake/seedtts_files_03724_00004566-00000082.wav,fake,1,seedtts,6.45,24000,1,309548,f1733a3fe2b65b94...
seedtts_files_03725_00004566-00000109.wav,fake/seedtts_files_03725_00004566-00000109.wav,fake,1,seedtts,4.58,24000,1,219692,8566a84634c73cfc...
seedtts_files_03726_00004567-00000043.wav,fake/seedtts_files_03726_00004567-00000043.wav,fake,1,seedtts,6.23,24000,1,299308,fbdb34892f15cab5...
seedtts_files_03727_00004567-00000051.wav,fake/seedtts_files_03727_00004567-00000051.wav,fake,1,seedtts,5.87,24000,1,281644,67162bcb0c6f7fdb...
seedtts_files_03728_00004568-00000064.wav,fake/seedtts_files_03728_00004568-00000064.wav,fake,1,seedtts,5.37,24000,1,257836,1fe746a2df9564c4...
seedtts_files_03729_00004568-00000066.wav,fake/seedtts_files_03729_00004568-00000066.wav,fake,1,seedtts,6.03,24000,1,289580,3e0db49f6bb4b0d7...
seedtts_files_03730_00004569-00000009.wav,fake/seedtts_files_03730_00004569-00000009.wav,fake,1,seedtts,8.12,24000,1,389932,7f0a5ef360be7712...
seedtts_files_03731_00004569-00000018.wav,fake/seedtts_files_03731_00004569-00000018.wav,fake,1,seedtts,4.23,24000,1,203052,e27aeb2c73bed087...
seedtts_files_03732_00004570-00000006.wav,fake/seedtts_files_03732_00004570-00000006.wav,fake,1,seedtts,5.51,24000,1,264492,ead4aca9cb2a41bb...
seedtts_files_03733_00004570-00000072.wav,fake/seedtts_files_03733_00004570-00000072.wav,fake,1,seedtts,5.14,24000,1,246572,8615c504a62dde91...
seedtts_files_03734_00004571-00000005.wav,fake/seedtts_files_03734_00004571-00000005.wav,fake,1,seedtts,7.17,24000,1,344108,7ba9cd21b0b3318a...
seedtts_files_03735_00004571-00000110.wav,fake/seedtts_files_03735_00004571-00000110.wav,fake,1,seedtts,5.91,24000,1,283692,464a7bcc55da1ee6...
seedtts_files_03736_00004572-00000054.wav,fake/seedtts_files_03736_00004572-00000054.wav,fake,1,seedtts,6.14,24000,1,294956,a5f9593a778b2bb0...
seedtts_files_03737_00004572-00000079.wav,fake/seedtts_files_03737_00004572-00000079.wav,fake,1,seedtts,5.81,24000,1,278828,da93e6bfba80f27b...
seedtts_files_03738_00004573-00000006.wav,fake/seedtts_files_03738_00004573-00000006.wav,fake,1,seedtts,6.23,24000,1,299052,c62549be8ed5b191...
seedtts_files_03739_00004573-00000098.wav,fake/seedtts_files_03739_00004573-00000098.wav,fake,1,seedtts,4.88,24000,1,234284,452a3567b28dc9f5...
seedtts_files_03740_00004574-00000062.wav,fake/seedtts_files_03740_00004574-00000062.wav,fake,1,seedtts,4.53,24000,1,217388,4f971e6120d7d481...
seedtts_files_03741_00004574-00000113.wav,fake/seedtts_files_03741_00004574-00000113.wav,fake,1,seedtts,5.23,24000,1,251180,66ed4d0058698c72...
seedtts_files_03742_00004575-00000055.wav,fake/seedtts_files_03742_00004575-00000055.wav,fake,1,seedtts,6.41,24000,1,307500,12fd5206334cbd7a...
seedtts_files_03743_00004575-00000077.wav,fake/seedtts_files_03743_00004575-00000077.wav,fake,1,seedtts,5.69,24000,1,273196,b0a313c8f5f7389c...
seedtts_files_03744_00004576-00000058.wav,fake/seedtts_files_03744_00004576-00000058.wav,fake,1,seedtts,4.79,24000,1,230188,0702d91bd564477a...
seedtts_files_03745_00004576-00000076.wav,fake/seedtts_files_03745_00004576-00000076.wav,fake,1,seedtts,5.89,24000,1,282924,d96173a7118c75a0...
seedtts_files_03746_00004577-00000033.wav,fake/seedtts_files_03746_00004577-00000033.wav,fake,1,seedtts,4.23,24000,1,203052,7e1b84a86cd12f5b...
seedtts_files_03747_00004577-00000057.wav,fake/seedtts_files_03747_00004577-00000057.wav,fake,1,seedtts,5.1,24000,1,245036,1c4fabb31eb36194...
seedtts_files_03748_00004578-00000074.wav,fake/seedtts_files_03748_00004578-00000074.wav,fake,1,seedtts,4.91,24000,1,235820,7315194cc55b44be...
seedtts_files_03749_00004578-00000095.wav,fake/seedtts_files_03749_00004578-00000095.wav,fake,1,seedtts,5.69,24000,1,272940,dbf830a31e231e91...
seedtts_files_03750_00004579-00000017.wav,fake/seedtts_files_03750_00004579-00000017.wav,fake,1,seedtts,4.09,24000,1,196396,2b42b966f184a46a...
seedtts_files_03751_00004579-00000052.wav,fake/seedtts_files_03751_00004579-00000052.wav,fake,1,seedtts,4.85,24000,1,233004,07089fbb9efac9a4...
seedtts_files_03752_00004580-00000001.wav,fake/seedtts_files_03752_00004580-00000001.wav,fake,1,seedtts,5.98,24000,1,287020,1b40c8b19cd341d1...
seedtts_files_03753_00004580-00000036.wav,fake/seedtts_files_03753_00004580-00000036.wav,fake,1,seedtts,4.74,24000,1,227372,9c3f7141bf84eb5a...
seedtts_files_03754_00004581-00000020.wav,fake/seedtts_files_03754_00004581-00000020.wav,fake,1,seedtts,5.1,24000,1,244780,40f86c0854ac2ccf...
seedtts_files_03755_00004581-00000091.wav,fake/seedtts_files_03755_00004581-00000091.wav,fake,1,seedtts,6.09,24000,1,292140,e73b7f5078ccdfdb...
seedtts_files_03756_00004582-00000044.wav,fake/seedtts_files_03756_00004582-00000044.wav,fake,1,seedtts,4.26,24000,1,204332,3b28e5ed3de3aea6...
seedtts_files_03757_00004582-00000092.wav,fake/seedtts_files_03757_00004582-00000092.wav,fake,1,seedtts,4.23,24000,1,203308,f24fd52875369bc5...
seedtts_files_03758_00004583-00000001.wav,fake/seedtts_files_03758_00004583-00000001.wav,fake,1,seedtts,6.73,24000,1,323116,92081da252c52a26...
seedtts_files_03759_00004583-00000068.wav,fake/seedtts_files_03759_00004583-00000068.wav,fake,1,seedtts,5.1,24000,1,245036,4597e4c7cf579e37...
seedtts_files_03760_00004584-00000042.wav,fake/seedtts_files_03760_00004584-00000042.wav,fake,1,seedtts,7.57,24000,1,363308,100124d73047771c...
seedtts_files_03761_00004584-00000109.wav,fake/seedtts_files_03761_00004584-00000109.wav,fake,1,seedtts,5.26,24000,1,252716,463e5e883d75b62d...
seedtts_files_03762_00004585-00000062.wav,fake/seedtts_files_03762_00004585-00000062.wav,fake,1,seedtts,5.68,24000,1,272684,d64570c67f6d8be9...
seedtts_files_03763_00004585-00000114.wav,fake/seedtts_files_03763_00004585-00000114.wav,fake,1,seedtts,4.81,24000,1,230700,d4469177a11c2d42...
seedtts_files_03764_00004586-00000076.wav,fake/seedtts_files_03764_00004586-00000076.wav,fake,1,seedtts,7.35,24000,1,353068,318d41660e64abb3...
seedtts_files_03765_00004586-00000110.wav,fake/seedtts_files_03765_00004586-00000110.wav,fake,1,seedtts,5.15,24000,1,247084,0541949a2716767c...
seedtts_files_03766_00004587-00000077.wav,fake/seedtts_files_03766_00004587-00000077.wav,fake,1,seedtts,5.61,24000,1,269356,0c237ec1f533acc5...
seedtts_files_03767_00004587-00000116.wav,fake/seedtts_files_03767_00004587-00000116.wav,fake,1,seedtts,5.53,24000,1,265260,060d57ca7f0a0f10...
seedtts_files_03768_00004588-00000004.wav,fake/seedtts_files_03768_00004588-00000004.wav,fake,1,seedtts,7.58,24000,1,364076,5fe50572b5435529...
seedtts_files_03769_00004588-00000065.wav,fake/seedtts_files_03769_00004588-00000065.wav,fake,1,seedtts,6.65,24000,1,319020,2a69723e524eb3e4...
seedtts_files_03770_00004589-00000055.wav,fake/seedtts_files_03770_00004589-00000055.wav,fake,1,seedtts,7.62,24000,1,365868,0a4a2b9c44cf45ca...
seedtts_files_03771_00004589-00000106.wav,fake/seedtts_files_03771_00004589-00000106.wav,fake,1,seedtts,5.08,24000,1,244012,2ad0f4296a32e78d...
seedtts_files_03772_00004591-00000010.wav,fake/seedtts_files_03772_00004591-00000010.wav,fake,1,seedtts,4.58,24000,1,219692,47e9c27f4908ccdc...
seedtts_files_03773_00004591-00000083.wav,fake/seedtts_files_03773_00004591-00000083.wav,fake,1,seedtts,10.13,24000,1,486188,01c42d5b012252b9...
seedtts_files_03774_00004592-00000058.wav,fake/seedtts_files_03774_00004592-00000058.wav,fake,1,seedtts,4.05,24000,1,194348,24f8c2ca3f062a0d...
seedtts_files_03775_00004592-00000078.wav,fake/seedtts_files_03775_00004592-00000078.wav,fake,1,seedtts,5.53,24000,1,265260,85cf75b44f8ff954...
seedtts_files_03776_00004593-00000042.wav,fake/seedtts_files_03776_00004593-00000042.wav,fake,1,seedtts,6.21,24000,1,298028,e61a46c2e79adfdc...
seedtts_files_03777_00004593-00000046.wav,fake/seedtts_files_03777_00004593-00000046.wav,fake,1,seedtts,5.05,24000,1,242476,d85b0c8a205ea8bb...
seedtts_files_03778_00004594-00000005.wav,fake/seedtts_files_03778_00004594-00000005.wav,fake,1,seedtts,4.78,24000,1,229420,d34870afdc0e34e8...
seedtts_files_03779_00004594-00000095.wav,fake/seedtts_files_03779_00004594-00000095.wav,fake,1,seedtts,4.79,24000,1,229932,f87ecc69b8a51af4...
seedtts_files_03780_00004595-00000033.wav,fake/seedtts_files_03780_00004595-00000033.wav,fake,1,seedtts,6.05,24000,1,290348,78998c9aeac74cb7...
seedtts_files_03781_00004595-00000067.wav,fake/seedtts_files_03781_00004595-00000067.wav,fake,1,seedtts,5.99,24000,1,287532,0b13c7cc2eb080ce...
seedtts_files_03782_00004596-00000012.wav,fake/seedtts_files_03782_00004596-00000012.wav,fake,1,seedtts,6.67,24000,1,320044,af39772fbd7df8f3...
seedtts_files_03783_00004596-00000103.wav,fake/seedtts_files_03783_00004596-00000103.wav,fake,1,seedtts,4.81,24000,1,230700,ab7d3f83ea91bf37...
seedtts_files_03784_00004597-00000012.wav,fake/seedtts_files_03784_00004597-00000012.wav,fake,1,seedtts,4.97,24000,1,238380,f4c5731be75d50ad...
seedtts_files_03785_00004597-00000021.wav,fake/seedtts_files_03785_00004597-00000021.wav,fake,1,seedtts,4.83,24000,1,231980,e26d22ec8f7d4f3e...
seedtts_files_03786_00004598-00000043.wav,fake/seedtts_files_03786_00004598-00000043.wav,fake,1,seedtts,4.79,24000,1,230188,d4fddab62394433c...
seedtts_files_03787_00004598-00000080.wav,fake/seedtts_files_03787_00004598-00000080.wav,fake,1,seedtts,5.04,24000,1,241964,d7fc1d5aa28463c4...
seedtts_files_03788_00004599-00000050.wav,fake/seedtts_files_03788_00004599-00000050.wav,fake,1,seedtts,5.03,24000,1,241452,7d2f515a9a360961...
seedtts_files_03789_00004599-00000114.wav,fake/seedtts_files_03789_00004599-00000114.wav,fake,1,seedtts,4.64,24000,1,222764,ef75dde75fc9cfc4...
seedtts_files_03790_00004600-00000049.wav,fake/seedtts_files_03790_00004600-00000049.wav,fake,1,seedtts,6.11,24000,1,293164,64225ddb26667198...
seedtts_files_03791_00004600-00000061.wav,fake/seedtts_files_03791_00004600-00000061.wav,fake,1,seedtts,5.77,24000,1,277036,fa1e2cac5574d193...
seedtts_files_03792_00004601-00000038.wav,fake/seedtts_files_03792_00004601-00000038.wav,fake,1,seedtts,7.51,24000,1,360748,b0db14d93a54b58a...
seedtts_files_03793_00004601-00000090.wav,fake/seedtts_files_03793_00004601-00000090.wav,fake,1,seedtts,7.86,24000,1,377388,5b5fa4e4d3925ac9...
seedtts_files_03794_00004602-00000031.wav,fake/seedtts_files_03794_00004602-00000031.wav,fake,1,seedtts,5.35,24000,1,257068,9c46cb642f485fbe...
seedtts_files_03795_00004602-00000069.wav,fake/seedtts_files_03795_00004602-00000069.wav,fake,1,seedtts,4.7,24000,1,225836,743e878c7a7a6dfe...
seedtts_files_03796_00004603-00000035.wav,fake/seedtts_files_03796_00004603-00000035.wav,fake,1,seedtts,6.12,24000,1,293676,5d72c5f9f8a3389e...
seedtts_files_03797_00004603-00000105.wav,fake/seedtts_files_03797_00004603-00000105.wav,fake,1,seedtts,4.97,24000,1,238380,a50b4297a628607f...
seedtts_files_03798_00004604-00000054.wav,fake/seedtts_files_03798_00004604-00000054.wav,fake,1,seedtts,4.84,24000,1,232492,57383f299b2f443d...
seedtts_files_03799_00004604-00000075.wav,fake/seedtts_files_03799_00004604-00000075.wav,fake,1,seedtts,4.13,24000,1,198444,1b0735a1656b24a8...
seedtts_files_03800_00004606-00000021.wav,fake/seedtts_files_03800_00004606-00000021.wav,fake,1,seedtts,6.3,24000,1,302380,01e35095d5b34273...
seedtts_files_03801_00004606-00000111.wav,fake/seedtts_files_03801_00004606-00000111.wav,fake,1,seedtts,7.65,24000,1,367244,a6c8c23fa8accba7...
seedtts_files_03802_00004607-00000043.wav,fake/seedtts_files_03802_00004607-00000043.wav,fake,1,seedtts,4.84,24000,1,232604,df05b944b6af9a1e...
seedtts_files_03803_00004607-00000056.wav,fake/seedtts_files_03803_00004607-00000056.wav,fake,1,seedtts,7.14,24000,1,342828,15c04ad69d09c19d...
seedtts_files_03804_00004608-00000102.wav,fake/seedtts_files_03804_00004608-00000102.wav,fake,1,seedtts,4.32,24000,1,207260,ab12420ae4030919...
seedtts_files_03805_00004608-00000116.wav,fake/seedtts_files_03805_00004608-00000116.wav,fake,1,seedtts,5.16,24000,1,247724,bd2c19feab77646c...
seedtts_files_03806_00004609-00000038.wav,fake/seedtts_files_03806_00004609-00000038.wav,fake,1,seedtts,6.23,24000,1,299308,6cc8953664e576a5...
seedtts_files_03807_00004609-00000106.wav,fake/seedtts_files_03807_00004609-00000106.wav,fake,1,seedtts,6.73,24000,1,323116,7d36dac099485f5e...
seedtts_files_03808_00004610-00000052.wav,fake/seedtts_files_03808_00004610-00000052.wav,fake,1,seedtts,4.67,24000,1,224300,df1973ab559c4427...
seedtts_files_03809_00004610-00000091.wav,fake/seedtts_files_03809_00004610-00000091.wav,fake,1,seedtts,6.7,24000,1,321836,41b71fe98748a76e...
seedtts_files_03810_00004616-00000051.wav,fake/seedtts_files_03810_00004616-00000051.wav,fake,1,seedtts,5.93,24000,1,284460,11774ff6197ed0f7...
seedtts_files_03811_00004616-00000100.wav,fake/seedtts_files_03811_00004616-00000100.wav,fake,1,seedtts,6.64,24000,1,318764,8f403f749e815850...
seedtts_files_03812_00004617-00000013.wav,fake/seedtts_files_03812_00004617-00000013.wav,fake,1,seedtts,7.66,24000,1,367884,5bbfc0ce900834f5...
seedtts_files_03813_00004617-00000071.wav,fake/seedtts_files_03813_00004617-00000071.wav,fake,1,seedtts,7.92,24000,1,380204,ca990796b975b623...
seedtts_files_03814_00004620-00000056.wav,fake/seedtts_files_03814_00004620-00000056.wav,fake,1,seedtts,5.33,24000,1,255788,39f86a99b65f1c95...
seedtts_files_03815_00004620-00000062.wav,fake/seedtts_files_03815_00004620-00000062.wav,fake,1,seedtts,5.13,24000,1,246060,f1d239bea6770bd3...
seedtts_files_03816_00004621-00000010.wav,fake/seedtts_files_03816_00004621-00000010.wav,fake,1,seedtts,5.08,24000,1,243756,f62c660634891dfc...
seedtts_files_03817_00004621-00000038.wav,fake/seedtts_files_03817_00004621-00000038.wav,fake,1,seedtts,8.52,24000,1,408876,ef052e80fe08a2f2...
seedtts_files_03818_00004623-00000065.wav,fake/seedtts_files_03818_00004623-00000065.wav,fake,1,seedtts,4.62,24000,1,221740,14f9c8dde452529a...
seedtts_files_03819_00004623-00000101.wav,fake/seedtts_files_03819_00004623-00000101.wav,fake,1,seedtts,4.93,24000,1,236844,3c77d3992fe0c934...
seedtts_files_03820_00004624-00000006.wav,fake/seedtts_files_03820_00004624-00000006.wav,fake,1,seedtts,4.47,24000,1,214572,93e9c82d2586d8d8...
seedtts_files_03821_00004624-00000046.wav,fake/seedtts_files_03821_00004624-00000046.wav,fake,1,seedtts,4.01,24000,1,192300,d8c465c8c5aaa311...
seedtts_files_03822_00004625-00000034.wav,fake/seedtts_files_03822_00004625-00000034.wav,fake,1,seedtts,6.35,24000,1,304684,ccd57b7fe612ac59...
seedtts_files_03823_00004625-00000116.wav,fake/seedtts_files_03823_00004625-00000116.wav,fake,1,seedtts,4.08,24000,1,195884,ca2964373ef48284...
seedtts_files_03824_00004626-00000082.wav,fake/seedtts_files_03824_00004626-00000082.wav,fake,1,seedtts,6.56,24000,1,314924,a5c43759536dae25...
seedtts_files_03825_00004626-00000091.wav,fake/seedtts_files_03825_00004626-00000091.wav,fake,1,seedtts,5.59,24000,1,268588,64a5af4079f7ad2b...
seedtts_files_03826_00004627-00000032.wav,fake/seedtts_files_03826_00004627-00000032.wav,fake,1,seedtts,4.31,24000,1,206892,295a26280b31c874...
seedtts_files_03827_00004627-00000082.wav,fake/seedtts_files_03827_00004627-00000082.wav,fake,1,seedtts,4.24,24000,1,203564,bb46879cfe85393c...
seedtts_files_03828_00004628-00000065.wav,fake/seedtts_files_03828_00004628-00000065.wav,fake,1,seedtts,4.67,24000,1,224300,87cabaa43baffbc0...
seedtts_files_03829_00004628-00000074.wav,fake/seedtts_files_03829_00004628-00000074.wav,fake,1,seedtts,6.57,24000,1,315436,7ea4f388daf5d384...
seedtts_files_03830_00004629-00000078.wav,fake/seedtts_files_03830_00004629-00000078.wav,fake,1,seedtts,4.51,24000,1,216620,87c8ddc6e9a81fc2...
seedtts_files_03831_00004629-00000082.wav,fake/seedtts_files_03831_00004629-00000082.wav,fake,1,seedtts,4.28,24000,1,205612,094c3473030e04e9...
seedtts_files_03832_00004631-00000050.wav,fake/seedtts_files_03832_00004631-00000050.wav,fake,1,seedtts,6.65,24000,1,319020,e66f2dbff7d78f78...
seedtts_files_03833_00004631-00000051.wav,fake/seedtts_files_03833_00004631-00000051.wav,fake,1,seedtts,5.13,24000,1,246060,6fd99bc84f96abad...
seedtts_files_03834_00004632-00000013.wav,fake/seedtts_files_03834_00004632-00000013.wav,fake,1,seedtts,5.72,24000,1,274732,6055d979ea43ab4e...
seedtts_files_03835_00004632-00000090.wav,fake/seedtts_files_03835_00004632-00000090.wav,fake,1,seedtts,4.38,24000,1,210220,bf4580c3b21ab872...
seedtts_files_03836_00004633-00000072.wav,fake/seedtts_files_03836_00004633-00000072.wav,fake,1,seedtts,5.39,24000,1,258860,5d95f02b22659be4...
seedtts_files_03837_00004633-00000077.wav,fake/seedtts_files_03837_00004633-00000077.wav,fake,1,seedtts,8.33,24000,1,399916,e0451a7e35febc9d...
seedtts_files_03838_00004634-00000013.wav,fake/seedtts_files_03838_00004634-00000013.wav,fake,1,seedtts,4.37,24000,1,209964,cc9e81967b53b00a...
seedtts_files_03839_00004634-00000021.wav,fake/seedtts_files_03839_00004634-00000021.wav,fake,1,seedtts,7.31,24000,1,350764,c8a15a325246e037...
seedtts_files_03840_00004635-00000018.wav,fake/seedtts_files_03840_00004635-00000018.wav,fake,1,seedtts,6.12,24000,1,293676,b95b0336f3380fdb...
seedtts_files_03841_00004635-00000084.wav,fake/seedtts_files_03841_00004635-00000084.wav,fake,1,seedtts,5.88,24000,1,282412,c1d1d0a8cca97e0c...
seedtts_files_03842_00004636-00000041.wav,fake/seedtts_files_03842_00004636-00000041.wav,fake,1,seedtts,6.46,24000,1,310060,dbf676cc936db6f2...
seedtts_files_03843_00004636-00000109.wav,fake/seedtts_files_03843_00004636-00000109.wav,fake,1,seedtts,4.92,24000,1,236076,774a73ebb9407e37...
seedtts_files_03844_00004637-00000065.wav,fake/seedtts_files_03844_00004637-00000065.wav,fake,1,seedtts,5.8,24000,1,278444,4d1ae74cd2109ef0...
seedtts_files_03845_00004637-00000105.wav,fake/seedtts_files_03845_00004637-00000105.wav,fake,1,seedtts,6.04,24000,1,290092,da8be6724a6b3b70...
seedtts_files_03846_00004638-00000047.wav,fake/seedtts_files_03846_00004638-00000047.wav,fake,1,seedtts,5.83,24000,1,280108,72595151a76296f8...
seedtts_files_03847_00004638-00000058.wav,fake/seedtts_files_03847_00004638-00000058.wav,fake,1,seedtts,5.91,24000,1,283948,be523d18918b7657...
seedtts_files_03848_00004639-00000026.wav,fake/seedtts_files_03848_00004639-00000026.wav,fake,1,seedtts,5.17,24000,1,248108,0645dec669c4ef31...
seedtts_files_03849_00004639-00000047.wav,fake/seedtts_files_03849_00004639-00000047.wav,fake,1,seedtts,5.53,24000,1,265516,f479f299da1c333d...
seedtts_files_03850_00004640-00000061.wav,fake/seedtts_files_03850_00004640-00000061.wav,fake,1,seedtts,6.07,24000,1,291372,c0efbe7397184ba1...
seedtts_files_03851_00004640-00000097.wav,fake/seedtts_files_03851_00004640-00000097.wav,fake,1,seedtts,5.17,24000,1,248364,77cf75ee89406292...
seedtts_files_03852_00004641-00000009.wav,fake/seedtts_files_03852_00004641-00000009.wav,fake,1,seedtts,6.18,24000,1,296748,5a943785ad0a237b...
seedtts_files_03853_00004641-00000036.wav,fake/seedtts_files_03853_00004641-00000036.wav,fake,1,seedtts,7.21,24000,1,345900,db564f0cf331bf6a...
seedtts_files_03854_00004642-00000058.wav,fake/seedtts_files_03854_00004642-00000058.wav,fake,1,seedtts,5.8,24000,1,278572,a9830e504f43cb84...
seedtts_files_03855_00004642-00000093.wav,fake/seedtts_files_03855_00004642-00000093.wav,fake,1,seedtts,8.04,24000,1,386092,47c2448463304e3e...
seedtts_files_03856_00004643-00000019.wav,fake/seedtts_files_03856_00004643-00000019.wav,fake,1,seedtts,7.09,24000,1,340268,c2d72a48bdf7fe82...
seedtts_files_03857_00004643-00000072.wav,fake/seedtts_files_03857_00004643-00000072.wav,fake,1,seedtts,4.87,24000,1,233772,457efc0fd2f82159...
seedtts_files_03858_00004644-00000061.wav,fake/seedtts_files_03858_00004644-00000061.wav,fake,1,seedtts,5.35,24000,1,256812,7a836b6a1c03ed86...
seedtts_files_03859_00004644-00000085.wav,fake/seedtts_files_03859_00004644-00000085.wav,fake,1,seedtts,6.51,24000,1,312620,e010c88553ef4bba...
seedtts_files_03860_00004645-00000057.wav,fake/seedtts_files_03860_00004645-00000057.wav,fake,1,seedtts,7.92,24000,1,380204,798fd2b91723b30a...
seedtts_files_03861_00004645-00000061.wav,fake/seedtts_files_03861_00004645-00000061.wav,fake,1,seedtts,7.77,24000,1,372780,e1dcd6cb5c890c28...
seedtts_files_03862_00004646-00000069.wav,fake/seedtts_files_03862_00004646-00000069.wav,fake,1,seedtts,7.67,24000,1,368172,ad51ab515cacd609...
seedtts_files_03863_00004646-00000076.wav,fake/seedtts_files_03863_00004646-00000076.wav,fake,1,seedtts,5.34,24000,1,256556,487c06b2e95bba01...
seedtts_files_03864_00004648-00000007.wav,fake/seedtts_files_03864_00004648-00000007.wav,fake,1,seedtts,8.81,24000,1,422700,ddc8aa3593ef4780...
seedtts_files_03865_00004648-00000012.wav,fake/seedtts_files_03865_00004648-00000012.wav,fake,1,seedtts,6.35,24000,1,304684,51804a56559840ac...
seedtts_files_03866_00004649-00000005.wav,fake/seedtts_files_03866_00004649-00000005.wav,fake,1,seedtts,7.07,24000,1,339500,e84911fdf270377c...
seedtts_files_03867_00004649-00000029.wav,fake/seedtts_files_03867_00004649-00000029.wav,fake,1,seedtts,5.08,24000,1,244012,98f30d3bd1fc3551...
seedtts_files_03868_00004650-00000056.wav,fake/seedtts_files_03868_00004650-00000056.wav,fake,1,seedtts,5.67,24000,1,272172,a000d854d041cb02...
seedtts_files_03869_00004650-00000120.wav,fake/seedtts_files_03869_00004650-00000120.wav,fake,1,seedtts,6.74,24000,1,323628,5388b07f2ae33b9b...
seedtts_files_03870_00004651-00000011.wav,fake/seedtts_files_03870_00004651-00000011.wav,fake,1,seedtts,6.28,24000,1,301356,d68bbc7fd662455b...
seedtts_files_03871_00004651-00000039.wav,fake/seedtts_files_03871_00004651-00000039.wav,fake,1,seedtts,5.63,24000,1,270124,6de2f9540cfe4b3b...
seedtts_files_03872_00004652-00000023.wav,fake/seedtts_files_03872_00004652-00000023.wav,fake,1,seedtts,7.81,24000,1,375084,1e32fc7bad5b7d1b...
seedtts_files_03873_00004652-00000113.wav,fake/seedtts_files_03873_00004652-00000113.wav,fake,1,seedtts,8.39,24000,1,402988,6c66f4c988cf9033...
seedtts_files_03874_00004653-00000009.wav,fake/seedtts_files_03874_00004653-00000009.wav,fake,1,seedtts,4.62,24000,1,221996,07894372b437044d...
seedtts_files_03875_00004653-00000104.wav,fake/seedtts_files_03875_00004653-00000104.wav,fake,1,seedtts,4.13,24000,1,198188,9cbea36eac70bfe2...
seedtts_files_03876_00004654-00000093.wav,fake/seedtts_files_03876_00004654-00000093.wav,fake,1,seedtts,5.86,24000,1,281388,513f8031b1ebe27d...
seedtts_files_03877_00004654-00000096.wav,fake/seedtts_files_03877_00004654-00000096.wav,fake,1,seedtts,6.98,24000,1,334892,d39217c4d88ca6cf...
seedtts_files_03878_00004655-00000011.wav,fake/seedtts_files_03878_00004655-00000011.wav,fake,1,seedtts,5.49,24000,1,263724,7bc9763392bb059b...
seedtts_files_03879_00004655-00000049.wav,fake/seedtts_files_03879_00004655-00000049.wav,fake,1,seedtts,5.66,24000,1,271916,4a5906bacd1dabda...
seedtts_files_03880_00004656-00000075.wav,fake/seedtts_files_03880_00004656-00000075.wav,fake,1,seedtts,11.72,24000,1,562732,f110371057e05bb3...
seedtts_files_03881_00004656-00000114.wav,fake/seedtts_files_03881_00004656-00000114.wav,fake,1,seedtts,7.07,24000,1,339244,0259b3f0a1ba9caa...
seedtts_files_03882_00004657-00000065.wav,fake/seedtts_files_03882_00004657-00000065.wav,fake,1,seedtts,5.49,24000,1,263468,7e9cf44734db7043...
seedtts_files_03883_00004657-00000110.wav,fake/seedtts_files_03883_00004657-00000110.wav,fake,1,seedtts,6.69,24000,1,321068,8a593c75a57e2013...
seedtts_files_03884_00004658-00000046.wav,fake/seedtts_files_03884_00004658-00000046.wav,fake,1,seedtts,5.95,24000,1,285740,3babba555d4662b4...
seedtts_files_03885_00004658-00000080.wav,fake/seedtts_files_03885_00004658-00000080.wav,fake,1,seedtts,4.22,24000,1,202796,9d2e833ab15da504...
seedtts_files_03886_00004659-00000007.wav,fake/seedtts_files_03886_00004659-00000007.wav,fake,1,seedtts,7.57,24000,1,363308,8edf8f05017f3d89...
seedtts_files_03887_00004659-00000112.wav,fake/seedtts_files_03887_00004659-00000112.wav,fake,1,seedtts,6.08,24000,1,291884,692c5cce77009dd1...
seedtts_files_03888_00004660-00000012.wav,fake/seedtts_files_03888_00004660-00000012.wav,fake,1,seedtts,5.03,24000,1,241708,9ec13404a80c9a48...
seedtts_files_03889_00004660-00000053.wav,fake/seedtts_files_03889_00004660-00000053.wav,fake,1,seedtts,7.39,24000,1,354860,10082d6bb32c9b73...
seedtts_files_03890_00004661-00000065.wav,fake/seedtts_files_03890_00004661-00000065.wav,fake,1,seedtts,7.31,24000,1,350764,74c8c8a450f8ed58...
seedtts_files_03891_00004661-00000085.wav,fake/seedtts_files_03891_00004661-00000085.wav,fake,1,seedtts,5.58,24000,1,267820,cf436151353a3065...
seedtts_files_03892_00004662-00000006.wav,fake/seedtts_files_03892_00004662-00000006.wav,fake,1,seedtts,5.0,24000,1,239916,6c490145c2e43ae9...
seedtts_files_03893_00004662-00000071.wav,fake/seedtts_files_03893_00004662-00000071.wav,fake,1,seedtts,7.43,24000,1,356908,377ff2de85c8b82f...
seedtts_files_03894_00004663-00000003.wav,fake/seedtts_files_03894_00004663-00000003.wav,fake,1,seedtts,5.7,24000,1,273452,97aaf0bd8af6357a...
seedtts_files_03895_00004663-00000061.wav,fake/seedtts_files_03895_00004663-00000061.wav,fake,1,seedtts,6.78,24000,1,325420,a3a254b8794eca29...
seedtts_files_03896_00004664-00000023.wav,fake/seedtts_files_03896_00004664-00000023.wav,fake,1,seedtts,8.06,24000,1,386860,2bc67364bcb22551...
seedtts_files_03897_00004664-00000049.wav,fake/seedtts_files_03897_00004664-00000049.wav,fake,1,seedtts,9.37,24000,1,449868,11059e82f66df561...
seedtts_files_03898_00004665-00000014.wav,fake/seedtts_files_03898_00004665-00000014.wav,fake,1,seedtts,5.31,24000,1,254764,755793482945858d...
seedtts_files_03899_00004665-00000024.wav,fake/seedtts_files_03899_00004665-00000024.wav,fake,1,seedtts,4.19,24000,1,201260,b4d0fc8b410d9275...
seedtts_files_03900_common_voice_en_10119832-common_voice_en_10119840.wav,fake/seedtts_files_03900_common_voice_en_10119832-common_voice_en_10119840.wav,fake,1,seedtts,2.49,24000,1,119580,98e6b2fadc42e10a...
seedtts_files_03901_common_voice_en_10119832-common_voice_en_10119847.wav,fake/seedtts_files_03901_common_voice_en_10119832-common_voice_en_10119847.wav,fake,1,seedtts,3.17,24000,1,152412,2cdafab3d98e9618...
seedtts_files_03902_common_voice_en_103675-common_voice_en_103676.wav,fake/seedtts_files_03902_common_voice_en_103675-common_voice_en_103676.wav,fake,1,seedtts,6.36,24000,1,305500,66dff50f476340e9...
seedtts_files_03903_common_voice_en_103675-common_voice_en_103677.wav,fake/seedtts_files_03903_common_voice_en_103675-common_voice_en_103677.wav,fake,1,seedtts,3.19,24000,1,153180,f4801eddd5a4f781...
seedtts_files_03904_common_voice_en_10933823-common_voice_en_10933822.wav,fake/seedtts_files_03904_common_voice_en_10933823-common_voice_en_10933822.wav,fake,1,seedtts,4.19,24000,1,201308,b303583661654e22...
seedtts_files_03905_common_voice_en_10933823-common_voice_en_10933825.wav,fake/seedtts_files_03905_common_voice_en_10933823-common_voice_en_10933825.wav,fake,1,seedtts,3.09,24000,1,148316,40079a8865e0230f...
seedtts_files_03906_common_voice_en_120405-common_voice_en_120402.wav,fake/seedtts_files_03906_common_voice_en_120405-common_voice_en_120402.wav,fake,1,seedtts,8.68,24000,1,416860,029499b3a85e473c...
seedtts_files_03907_common_voice_en_120405-common_voice_en_120406.wav,fake/seedtts_files_03907_common_voice_en_120405-common_voice_en_120406.wav,fake,1,seedtts,5.96,24000,1,286300,b6ffeef831253772...
seedtts_files_03908_common_voice_en_1205005-common_voice_en_1205007.wav,fake/seedtts_files_03908_common_voice_en_1205005-common_voice_en_1205007.wav,fake,1,seedtts,3.08,24000,1,147962,d6ef196857427845...
seedtts_files_03909_common_voice_en_1205005-common_voice_en_1205008.wav,fake/seedtts_files_03909_common_voice_en_1205005-common_voice_en_1205008.wav,fake,1,seedtts,2.94,24000,1,141258,be68403e559275c3...
seedtts_files_03910_common_voice_en_123125-common_voice_en_123126.wav,fake/seedtts_files_03910_common_voice_en_123125-common_voice_en_123126.wav,fake,1,seedtts,5.1,24000,1,244828,78b565307728ed4e...
seedtts_files_03911_common_voice_en_123125-common_voice_en_123127.wav,fake/seedtts_files_03911_common_voice_en_123125-common_voice_en_123127.wav,fake,1,seedtts,5.28,24000,1,253532,7544a00e83a6e58a...
seedtts_files_03912_common_voice_en_125386-common_voice_en_125388.wav,fake/seedtts_files_03912_common_voice_en_125386-common_voice_en_125388.wav,fake,1,seedtts,4.54,24000,1,218186,00153ced72ba05a7...
seedtts_files_03913_common_voice_en_125386-common_voice_en_125389.wav,fake/seedtts_files_03913_common_voice_en_125386-common_voice_en_125389.wav,fake,1,seedtts,4.39,24000,1,210780,1d569179f7bf7edf...
seedtts_files_03914_common_voice_en_137148-common_voice_en_137152.wav,fake/seedtts_files_03914_common_voice_en_137148-common_voice_en_137152.wav,fake,1,seedtts,3.96,24000,1,190234,a4b2ff81d16b73ce...
seedtts_files_03915_common_voice_en_13900-common_voice_en_13901.wav,fake/seedtts_files_03915_common_voice_en_13900-common_voice_en_13901.wav,fake,1,seedtts,5.63,24000,1,270138,91b592869783e8ad...
seedtts_files_03916_common_voice_en_1416089-common_voice_en_1416090.wav,fake/seedtts_files_03916_common_voice_en_1416089-common_voice_en_1416090.wav,fake,1,seedtts,3.87,24000,1,185948,65afdae187535da2...
seedtts_files_03917_common_voice_en_1416089-common_voice_en_1416093.wav,fake/seedtts_files_03917_common_voice_en_1416089-common_voice_en_1416093.wav,fake,1,seedtts,3.71,24000,1,178268,f2b075fac653c60e...
seedtts_files_03918_common_voice_en_15265-common_voice_en_15266.wav,fake/seedtts_files_03918_common_voice_en_15265-common_voice_en_15266.wav,fake,1,seedtts,5.14,24000,1,246620,df9d0fe893b4e06f...
seedtts_files_03919_common_voice_en_15265-common_voice_en_15268.wav,fake/seedtts_files_03919_common_voice_en_15265-common_voice_en_15268.wav,fake,1,seedtts,4.03,24000,1,193628,69aeeb15456a1d66...
seedtts_files_03920_common_voice_en_153872-common_voice_en_153873.wav,fake/seedtts_files_03920_common_voice_en_153872-common_voice_en_153873.wav,fake,1,seedtts,3.19,24000,1,153180,8da88180c412a58a...
seedtts_files_03921_common_voice_en_153872-common_voice_en_153874.wav,fake/seedtts_files_03921_common_voice_en_153872-common_voice_en_153874.wav,fake,1,seedtts,4.08,24000,1,195932,2ec94aabed77c3b6...
seedtts_files_03922_common_voice_en_155313-common_voice_en_155315.wav,fake/seedtts_files_03922_common_voice_en_155313-common_voice_en_155315.wav,fake,1,seedtts,7.14,24000,1,342876,55bc094b9c524da8...
seedtts_files_03923_common_voice_en_15734837-common_voice_en_15734838.wav,fake/seedtts_files_03923_common_voice_en_15734837-common_voice_en_15734838.wav,fake,1,seedtts,3.89,24000,1,186908,4cf7b1cc0c7f7b9a...
seedtts_files_03924_common_voice_en_15735839-common_voice_en_15735837.wav,fake/seedtts_files_03924_common_voice_en_15735839-common_voice_en_15735837.wav,fake,1,seedtts,1.31,24000,1,63036,ba472a183baba239...
seedtts_files_03925_common_voice_en_15903802-common_voice_en_15903807.wav,fake/seedtts_files_03925_common_voice_en_15903802-common_voice_en_15903807.wav,fake,1,seedtts,3.79,24000,1,181724,624fd26e9c61f047...
seedtts_files_03926_common_voice_en_15903802-common_voice_en_15903815.wav,fake/seedtts_files_03926_common_voice_en_15903802-common_voice_en_15903815.wav,fake,1,seedtts,3.18,24000,1,152796,5d69a0ecd9880267...
seedtts_files_03927_common_voice_en_16666041-common_voice_en_16666040.wav,fake/seedtts_files_03927_common_voice_en_16666041-common_voice_en_16666040.wav,fake,1,seedtts,3.05,24000,1,146524,c9e08fd951b807de...
seedtts_files_03928_common_voice_en_167249-common_voice_en_167246.wav,fake/seedtts_files_03928_common_voice_en_167249-common_voice_en_167246.wav,fake,1,seedtts,3.32,24000,1,159580,29c5bc9dfb5264c5...
seedtts_files_03929_common_voice_en_167249-common_voice_en_167247.wav,fake/seedtts_files_03929_common_voice_en_167249-common_voice_en_167247.wav,fake,1,seedtts,3.9,24000,1,187228,162885246c5ec5a9...
seedtts_files_03930_common_voice_en_17147545-common_voice_en_17147546.wav,fake/seedtts_files_03930_common_voice_en_17147545-common_voice_en_17147546.wav,fake,1,seedtts,5.03,24000,1,241244,4db57528b7dad247...
seedtts_files_03931_common_voice_en_17161-common_voice_en_17159.wav,fake/seedtts_files_03931_common_voice_en_17161-common_voice_en_17159.wav,fake,1,seedtts,4.0,24000,1,191836,ff0d0ec6971ad2c0...
seedtts_files_03932_common_voice_en_17161-common_voice_en_17160.wav,fake/seedtts_files_03932_common_voice_en_17161-common_voice_en_17160.wav,fake,1,seedtts,4.76,24000,1,228444,d408aab431395d5f...
seedtts_files_03933_common_voice_en_17249419-common_voice_en_17249428.wav,fake/seedtts_files_03933_common_voice_en_17249419-common_voice_en_17249428.wav,fake,1,seedtts,6.31,24000,1,302842,ebc8ecc1fdf0c6be...
seedtts_files_03934_common_voice_en_17255102-common_voice_en_17255101.wav,fake/seedtts_files_03934_common_voice_en_17255102-common_voice_en_17255101.wav,fake,1,seedtts,3.5,24000,1,168028,77a709dccda4a75a...
seedtts_files_03935_common_voice_en_17256676-common_voice_en_17256678.wav,fake/seedtts_files_03935_common_voice_en_17256676-common_voice_en_17256678.wav,fake,1,seedtts,4.41,24000,1,211516,26b572132effc238...
seedtts_files_03936_common_voice_en_17259121-common_voice_en_17259122.wav,fake/seedtts_files_03936_common_voice_en_17259121-common_voice_en_17259122.wav,fake,1,seedtts,3.24,24000,1,155484,0aeb0d85ca10795e...
seedtts_files_03937_common_voice_en_17263752-common_voice_en_17263750.wav,fake/seedtts_files_03937_common_voice_en_17263752-common_voice_en_17263750.wav,fake,1,seedtts,4.92,24000,1,236124,049a1050db58d15d...
seedtts_files_03938_common_voice_en_17263752-common_voice_en_17263755.wav,fake/seedtts_files_03938_common_voice_en_17263752-common_voice_en_17263755.wav,fake,1,seedtts,3.69,24000,1,177244,5493632fe3d23aa5...
seedtts_files_03939_common_voice_en_17263780-common_voice_en_17263781.wav,fake/seedtts_files_03939_common_voice_en_17263780-common_voice_en_17263781.wav,fake,1,seedtts,2.7,24000,1,129628,17bbba5976deac85...
seedtts_files_03940_common_voice_en_17263780-common_voice_en_17263782.wav,fake/seedtts_files_03940_common_voice_en_17263780-common_voice_en_17263782.wav,fake,1,seedtts,4.34,24000,1,208476,383b7fd0643dc128...
seedtts_files_03941_common_voice_en_17267923-common_voice_en_17267922.wav,fake/seedtts_files_03941_common_voice_en_17267923-common_voice_en_17267922.wav,fake,1,seedtts,1.98,24000,1,94970,9866c246bd76757d...
seedtts_files_03942_common_voice_en_17268075-common_voice_en_17268076.wav,fake/seedtts_files_03942_common_voice_en_17268075-common_voice_en_17268076.wav,fake,1,seedtts,6.47,24000,1,310732,99a084e83bf3da6d...
seedtts_files_03943_common_voice_en_17271507-common_voice_en_17271509.wav,fake/seedtts_files_03943_common_voice_en_17271507-common_voice_en_17271509.wav,fake,1,seedtts,3.67,24000,1,175964,11bfb442b2dc3214...
seedtts_files_03944_common_voice_en_17271507-common_voice_en_17271510.wav,fake/seedtts_files_03944_common_voice_en_17271507-common_voice_en_17271510.wav,fake,1,seedtts,3.58,24000,1,171868,af4dea8ac757a12f...
seedtts_files_03945_common_voice_en_17274522-common_voice_en_17274523.wav,fake/seedtts_files_03945_common_voice_en_17274522-common_voice_en_17274523.wav,fake,1,seedtts,3.8,24000,1,182364,847adc9a6c148797...
seedtts_files_03946_common_voice_en_17274522-common_voice_en_17274525.wav,fake/seedtts_files_03946_common_voice_en_17274522-common_voice_en_17274525.wav,fake,1,seedtts,3.23,24000,1,154954,aca9a80ad628797a...
seedtts_files_03947_common_voice_en_17274533-common_voice_en_17274531.wav,fake/seedtts_files_03947_common_voice_en_17274533-common_voice_en_17274531.wav,fake,1,seedtts,5.79,24000,1,278090,9d2491ddcca6361d...
seedtts_files_03948_common_voice_en_17275818-common_voice_en_17275816.wav,fake/seedtts_files_03948_common_voice_en_17275818-common_voice_en_17275816.wav,fake,1,seedtts,3.45,24000,1,165468,f4c7147e20834a7a...
seedtts_files_03949_common_voice_en_17275818-common_voice_en_17275817.wav,fake/seedtts_files_03949_common_voice_en_17275818-common_voice_en_17275817.wav,fake,1,seedtts,3.64,24000,1,174940,c9d5b0b6e9aa8770...
seedtts_files_03950_common_voice_en_17277080-common_voice_en_17277082.wav,fake/seedtts_files_03950_common_voice_en_17277080-common_voice_en_17277082.wav,fake,1,seedtts,3.01,24000,1,144428,cb0471e7ebea972a...
seedtts_files_03951_common_voice_en_17277080-common_voice_en_17277083.wav,fake/seedtts_files_03951_common_voice_en_17277080-common_voice_en_17277083.wav,fake,1,seedtts,3.51,24000,1,168506,9ed040ca94475d18...
seedtts_files_03952_common_voice_en_17278904-common_voice_en_17278905.wav,fake/seedtts_files_03952_common_voice_en_17278904-common_voice_en_17278905.wav,fake,1,seedtts,4.83,24000,1,231772,2bf869eb1cea7f40...
seedtts_files_03953_common_voice_en_17278904-common_voice_en_17278909.wav,fake/seedtts_files_03953_common_voice_en_17278904-common_voice_en_17278909.wav,fake,1,seedtts,4.02,24000,1,192860,56cd452536097613...
seedtts_files_03954_common_voice_en_17281385-common_voice_en_17281386.wav,fake/seedtts_files_03954_common_voice_en_17281385-common_voice_en_17281386.wav,fake,1,seedtts,6.76,24000,1,324410,c3a70413a1b4c1cf...
seedtts_files_03955_common_voice_en_17281385-common_voice_en_17281393.wav,fake/seedtts_files_03955_common_voice_en_17281385-common_voice_en_17281393.wav,fake,1,seedtts,5.69,24000,1,273244,217952ef486fb909...
seedtts_files_03956_common_voice_en_17288057-common_voice_en_17288056.wav,fake/seedtts_files_03956_common_voice_en_17288057-common_voice_en_17288056.wav,fake,1,seedtts,1.55,24000,1,74316,6c00b78f186e147f...
seedtts_files_03957_common_voice_en_17288057-common_voice_en_17288059.wav,fake/seedtts_files_03957_common_voice_en_17288057-common_voice_en_17288059.wav,fake,1,seedtts,2.11,24000,1,101548,e759183ac3eaa8da...
seedtts_files_03958_common_voice_en_17324784-common_voice_en_17324785.wav,fake/seedtts_files_03958_common_voice_en_17324784-common_voice_en_17324785.wav,fake,1,seedtts,3.75,24000,1,180284,6cd97eeb68be179e...
seedtts_files_03959_common_voice_en_17324784-common_voice_en_17324786.wav,fake/seedtts_files_03959_common_voice_en_17324784-common_voice_en_17324786.wav,fake,1,seedtts,5.32,24000,1,255324,bb53a452a6577146...
seedtts_files_03960_common_voice_en_17347410-common_voice_en_17347409.wav,fake/seedtts_files_03960_common_voice_en_17347410-common_voice_en_17347409.wav,fake,1,seedtts,3.28,24000,1,157466,72730fd67151e418...
seedtts_files_03961_common_voice_en_17352169-common_voice_en_17352173.wav,fake/seedtts_files_03961_common_voice_en_17352169-common_voice_en_17352173.wav,fake,1,seedtts,9.17,24000,1,440156,51771b24f538940a...
seedtts_files_03962_common_voice_en_173534-common_voice_en_173537.wav,fake/seedtts_files_03962_common_voice_en_173534-common_voice_en_173537.wav,fake,1,seedtts,3.83,24000,1,183900,b06868fde7c73106...
seedtts_files_03963_common_voice_en_173534-common_voice_en_173540.wav,fake/seedtts_files_03963_common_voice_en_173534-common_voice_en_173540.wav,fake,1,seedtts,3.83,24000,1,183644,0c65789d0b9abe78...
seedtts_files_03964_common_voice_en_17369337-common_voice_en_17369336.wav,fake/seedtts_files_03964_common_voice_en_17369337-common_voice_en_17369336.wav,fake,1,seedtts,4.87,24000,1,233564,72b77ff8e12d98a9...
seedtts_files_03965_common_voice_en_17369851-common_voice_en_17369849.wav,fake/seedtts_files_03965_common_voice_en_17369851-common_voice_en_17369849.wav,fake,1,seedtts,2.34,24000,1,112476,6d379fd0e12c75e3...
seedtts_files_03966_common_voice_en_17375252-common_voice_en_17375256.wav,fake/seedtts_files_03966_common_voice_en_17375252-common_voice_en_17375256.wav,fake,1,seedtts,4.11,24000,1,197468,16cb2c271dc114f9...
seedtts_files_03967_common_voice_en_17380945-common_voice_en_17380947.wav,fake/seedtts_files_03967_common_voice_en_17380945-common_voice_en_17380947.wav,fake,1,seedtts,4.38,24000,1,210268,9ef14142f2948fa0...
seedtts_files_03968_common_voice_en_17389076-common_voice_en_17389120.wav,fake/seedtts_files_03968_common_voice_en_17389076-common_voice_en_17389120.wav,fake,1,seedtts,2.87,24000,1,137884,b451211eec84f8ae...
seedtts_files_03969_common_voice_en_17389984-common_voice_en_17389987.wav,fake/seedtts_files_03969_common_voice_en_17389984-common_voice_en_17389987.wav,fake,1,seedtts,5.5,24000,1,264028,0d196b5a2a592843...
seedtts_files_03970_common_voice_en_17389984-common_voice_en_17389988.wav,fake/seedtts_files_03970_common_voice_en_17389984-common_voice_en_17389988.wav,fake,1,seedtts,4.42,24000,1,212316,d44ecf17a7a228ae...
seedtts_files_03971_common_voice_en_17401431-common_voice_en_17401433.wav,fake/seedtts_files_03971_common_voice_en_17401431-common_voice_en_17401433.wav,fake,1,seedtts,4.03,24000,1,193578,40c81be435d0ad9e...
seedtts_files_03972_common_voice_en_17406452-common_voice_en_17406455.wav,fake/seedtts_files_03972_common_voice_en_17406452-common_voice_en_17406455.wav,fake,1,seedtts,3.63,24000,1,174172,be78755574f7eed3...
seedtts_files_03973_common_voice_en_17406452-common_voice_en_17406466.wav,fake/seedtts_files_03973_common_voice_en_17406452-common_voice_en_17406466.wav,fake,1,seedtts,4.68,24000,1,224780,41ad67fd7eb46ba7...
seedtts_files_03974_common_voice_en_17406732-common_voice_en_17406735.wav,fake/seedtts_files_03974_common_voice_en_17406732-common_voice_en_17406735.wav,fake,1,seedtts,7.23,24000,1,347228,a8b337db739587d2...
seedtts_files_03975_common_voice_en_17429166-common_voice_en_17429168.wav,fake/seedtts_files_03975_common_voice_en_17429166-common_voice_en_17429168.wav,fake,1,seedtts,1.6,24000,1,77004,b0bf89b55313d644...
seedtts_files_03976_common_voice_en_17429166-common_voice_en_17429171.wav,fake/seedtts_files_03976_common_voice_en_17429166-common_voice_en_17429171.wav,fake,1,seedtts,6.2,24000,1,297738,f52c7076786808d8...
seedtts_files_03977_common_voice_en_17442686-common_voice_en_17442688.wav,fake/seedtts_files_03977_common_voice_en_17442686-common_voice_en_17442688.wav,fake,1,seedtts,2.13,24000,1,102476,482a89546858d22c...
seedtts_files_03978_common_voice_en_17444666-common_voice_en_17444667.wav,fake/seedtts_files_03978_common_voice_en_17444666-common_voice_en_17444667.wav,fake,1,seedtts,6.34,24000,1,304170,1d2c151cbca0b7be...
seedtts_files_03979_common_voice_en_17444666-common_voice_en_17444668.wav,fake/seedtts_files_03979_common_voice_en_17444666-common_voice_en_17444668.wav,fake,1,seedtts,4.35,24000,1,208988,19c5d514982272a9...
seedtts_files_03980_common_voice_en_17451108-common_voice_en_17451109.wav,fake/seedtts_files_03980_common_voice_en_17451108-common_voice_en_17451109.wav,fake,1,seedtts,5.29,24000,1,254044,245803c9e37245d1...
seedtts_files_03981_common_voice_en_17502-common_voice_en_17503.wav,fake/seedtts_files_03981_common_voice_en_17502-common_voice_en_17503.wav,fake,1,seedtts,3.08,24000,1,148060,ce0de4bef88f0040...
seedtts_files_03982_common_voice_en_17519982-common_voice_en_17519985.wav,fake/seedtts_files_03982_common_voice_en_17519982-common_voice_en_17519985.wav,fake,1,seedtts,4.33,24000,1,207964,976b80bc55f3b891...
seedtts_files_03983_common_voice_en_17519982-common_voice_en_17519988.wav,fake/seedtts_files_03983_common_voice_en_17519982-common_voice_en_17519988.wav,fake,1,seedtts,2.63,24000,1,126508,44b7b0d831caa8c6...
seedtts_files_03984_common_voice_en_175348-common_voice_en_175349.wav,fake/seedtts_files_03984_common_voice_en_175348-common_voice_en_175349.wav,fake,1,seedtts,4.16,24000,1,199660,80f23fbb772a0d8a...
seedtts_files_03985_common_voice_en_175348-common_voice_en_175350.wav,fake/seedtts_files_03985_common_voice_en_175348-common_voice_en_175350.wav,fake,1,seedtts,4.79,24000,1,230140,8e95afcef657ff3d...
seedtts_files_03986_common_voice_en_17578783-common_voice_en_17578780.wav,fake/seedtts_files_03986_common_voice_en_17578783-common_voice_en_17578780.wav,fake,1,seedtts,1.69,24000,1,81020,b0916270b9950aa0...
seedtts_files_03987_common_voice_en_17578783-common_voice_en_17578781.wav,fake/seedtts_files_03987_common_voice_en_17578783-common_voice_en_17578781.wav,fake,1,seedtts,1.98,24000,1,94844,b8eef272c45d9de6...
seedtts_files_03988_common_voice_en_17662945-common_voice_en_17662954.wav,fake/seedtts_files_03988_common_voice_en_17662945-common_voice_en_17662954.wav,fake,1,seedtts,4.43,24000,1,212572,3ab729bf6dc76440...
seedtts_files_03989_common_voice_en_17662945-common_voice_en_17662956.wav,fake/seedtts_files_03989_common_voice_en_17662945-common_voice_en_17662956.wav,fake,1,seedtts,5.03,24000,1,241500,244a2527f5e7e7ba...
seedtts_files_03990_common_voice_en_17718576-common_voice_en_17718578.wav,fake/seedtts_files_03990_common_voice_en_17718576-common_voice_en_17718578.wav,fake,1,seedtts,3.16,24000,1,151804,ac00589d339326ad...
seedtts_files_03991_common_voice_en_17727889-common_voice_en_17727904.wav,fake/seedtts_files_03991_common_voice_en_17727889-common_voice_en_17727904.wav,fake,1,seedtts,3.32,24000,1,159212,54ae702bfcd6ad83...
seedtts_files_03992_common_voice_en_17727889-common_voice_en_17727905.wav,fake/seedtts_files_03992_common_voice_en_17727889-common_voice_en_17727905.wav,fake,1,seedtts,2.82,24000,1,135452,a66f073d5f32dd93...
seedtts_files_03993_common_voice_en_17729945-common_voice_en_17729943.wav,fake/seedtts_files_03993_common_voice_en_17729945-common_voice_en_17729943.wav,fake,1,seedtts,2.77,24000,1,137990,2e13917f80b326fd...
seedtts_files_03994_common_voice_en_17729945-common_voice_en_17729944.wav,fake/seedtts_files_03994_common_voice_en_17729945-common_voice_en_17729944.wav,fake,1,seedtts,2.65,24000,1,132464,2e3a807cd05f68f4...
seedtts_files_03995_common_voice_en_17736608-common_voice_en_17736610.wav,fake/seedtts_files_03995_common_voice_en_17736608-common_voice_en_17736610.wav,fake,1,seedtts,3.52,24000,1,168796,8641efb6e08df651...
seedtts_files_03996_common_voice_en_17738848-common_voice_en_17744571.wav,fake/seedtts_files_03996_common_voice_en_17738848-common_voice_en_17744571.wav,fake,1,seedtts,4.52,24000,1,216924,5d39d992d1730366...
seedtts_files_03997_common_voice_en_17738848-common_voice_en_19083939.wav,fake/seedtts_files_03997_common_voice_en_17738848-common_voice_en_19083939.wav,fake,1,seedtts,5.14,24000,1,246876,c620963ebac03c9a...
seedtts_files_03998_common_voice_en_17781154-common_voice_en_17781153.wav,fake/seedtts_files_03998_common_voice_en_17781154-common_voice_en_17781153.wav,fake,1,seedtts,3.12,24000,1,149596,06615c041af25e1e...
seedtts_files_03999_common_voice_en_17784-common_voice_en_17785.wav,fake/seedtts_files_03999_common_voice_en_17784-common_voice_en_17785.wav,fake,1,seedtts,2.81,24000,1,140196,0d6f6f24963f1842...
seedtts_files_04000_common_voice_en_17784-common_voice_en_17786.wav,fake/seedtts_files_04000_common_voice_en_17784-common_voice_en_17786.wav,fake,1,seedtts,3.58,24000,1,176882,4f64b5eef0915854...
seedtts_files_04001_common_voice_en_177895-common_voice_en_177894.wav,fake/seedtts_files_04001_common_voice_en_177895-common_voice_en_177894.wav,fake,1,seedtts,5.57,24000,1,267356,7edc80e891650143...
seedtts_files_04002_common_voice_en_177895-common_voice_en_177898.wav,fake/seedtts_files_04002_common_voice_en_177895-common_voice_en_177898.wav,fake,1,seedtts,3.43,24000,1,164700,98161df44a582c71...
seedtts_files_04003_common_voice_en_17817002-common_voice_en_17817003.wav,fake/seedtts_files_04003_common_voice_en_17817002-common_voice_en_17817003.wav,fake,1,seedtts,5.13,24000,1,251462,e776829515b50be1...
seedtts_files_04004_common_voice_en_17817002-common_voice_en_17817005.wav,fake/seedtts_files_04004_common_voice_en_17817002-common_voice_en_17817005.wav,fake,1,seedtts,4.07,24000,1,200236,86efe5a0329f3bac...
seedtts_files_04005_common_voice_en_17830764-common_voice_en_17830762.wav,fake/seedtts_files_04005_common_voice_en_17830764-common_voice_en_17830762.wav,fake,1,seedtts,2.46,24000,1,123212,7792b2cb9a3d51c1...
seedtts_files_04006_common_voice_en_17830764-common_voice_en_17830783.wav,fake/seedtts_files_04006_common_voice_en_17830764-common_voice_en_17830783.wav,fake,1,seedtts,3.59,24000,1,177232,29c441f5fee3fe2d...
seedtts_files_04007_common_voice_en_17837104-common_voice_en_17837105.wav,fake/seedtts_files_04007_common_voice_en_17837104-common_voice_en_17837105.wav,fake,1,seedtts,2.18,24000,1,109662,7f935ef487d55298...
seedtts_files_04008_common_voice_en_17851231-common_voice_en_17851248.wav,fake/seedtts_files_04008_common_voice_en_17851231-common_voice_en_17851248.wav,fake,1,seedtts,2.92,24000,1,145348,dfb296be466b54ce...
seedtts_files_04009_common_voice_en_17851231-common_voice_en_17851256.wav,fake/seedtts_files_04009_common_voice_en_17851231-common_voice_en_17851256.wav,fake,1,seedtts,3.13,24000,1,150108,80cfc0e4420166f6...
seedtts_files_04010_common_voice_en_17854896-common_voice_en_17854894.wav,fake/seedtts_files_04010_common_voice_en_17854896-common_voice_en_17854894.wav,fake,1,seedtts,3.93,24000,1,188764,64dadeb393c082ab...
seedtts_files_04011_common_voice_en_17854896-common_voice_en_17854897.wav,fake/seedtts_files_04011_common_voice_en_17854896-common_voice_en_17854897.wav,fake,1,seedtts,3.65,24000,1,180336,e3b0cdcbf544eb5d...
seedtts_files_04012_common_voice_en_17861335-common_voice_en_17861337.wav,fake/seedtts_files_04012_common_voice_en_17861335-common_voice_en_17861337.wav,fake,1,seedtts,4.01,24000,1,197784,0a4d8dec33e90ad6...
seedtts_files_04013_common_voice_en_17861489-common_voice_en_17861487.wav,fake/seedtts_files_04013_common_voice_en_17861489-common_voice_en_17861487.wav,fake,1,seedtts,2.96,24000,1,147284,b84041781afc442d...
seedtts_files_04014_common_voice_en_17874600-common_voice_en_17874601.wav,fake/seedtts_files_04014_common_voice_en_17874600-common_voice_en_17874601.wav,fake,1,seedtts,5.81,24000,1,284170,94989e175d7eadc0...
seedtts_files_04015_common_voice_en_17874600-common_voice_en_17874602.wav,fake/seedtts_files_04015_common_voice_en_17874600-common_voice_en_17874602.wav,fake,1,seedtts,6.55,24000,1,319440,2a196ef8f38076c7...
seedtts_files_04016_common_voice_en_17875915-common_voice_en_17875925.wav,fake/seedtts_files_04016_common_voice_en_17875915-common_voice_en_17875925.wav,fake,1,seedtts,3.84,24000,1,184156,f205e6dfff81bb29...
seedtts_files_04017_common_voice_en_17879420-common_voice_en_17879418.wav,fake/seedtts_files_04017_common_voice_en_17879420-common_voice_en_17879418.wav,fake,1,seedtts,2.94,24000,1,146398,26f38cf673b652d4...
seedtts_files_04018_common_voice_en_17879420-common_voice_en_17879438.wav,fake/seedtts_files_04018_common_voice_en_17879420-common_voice_en_17879438.wav,fake,1,seedtts,3.31,24000,1,163914,237f17d9a577d13c...
seedtts_files_04019_common_voice_en_17880926-common_voice_en_17880932.wav,fake/seedtts_files_04019_common_voice_en_17880926-common_voice_en_17880932.wav,fake,1,seedtts,3.46,24000,1,166236,cff82c9a3e8c3f93...
seedtts_files_04020_common_voice_en_17889905-common_voice_en_17889907.wav,fake/seedtts_files_04020_common_voice_en_17889905-common_voice_en_17889907.wav,fake,1,seedtts,3.44,24000,1,165212,1018378ca245d0c6...
seedtts_files_04021_common_voice_en_17893247-common_voice_en_17893246.wav,fake/seedtts_files_04021_common_voice_en_17893247-common_voice_en_17893246.wav,fake,1,seedtts,3.01,24000,1,144476,6e2573ea9d5859c3...
seedtts_files_04022_common_voice_en_17893247-common_voice_en_17893250.wav,fake/seedtts_files_04022_common_voice_en_17893247-common_voice_en_17893250.wav,fake,1,seedtts,3.18,24000,1,152668,00281c6f163b285f...
seedtts_files_04023_common_voice_en_17899910-common_voice_en_17899909.wav,fake/seedtts_files_04023_common_voice_en_17899910-common_voice_en_17899909.wav,fake,1,seedtts,1.41,24000,1,72828,7d08fdee00fc6970...
seedtts_files_04024_common_voice_en_17920116-common_voice_en_17920112.wav,fake/seedtts_files_04024_common_voice_en_17920116-common_voice_en_17920112.wav,fake,1,seedtts,2.52,24000,1,126016,b862b97be3f1848c...
seedtts_files_04025_common_voice_en_17986345-common_voice_en_17986347.wav,fake/seedtts_files_04025_common_voice_en_17986345-common_voice_en_17986347.wav,fake,1,seedtts,3.29,24000,1,163088,9a70798d526c839c...
seedtts_files_04026_common_voice_en_18012457-common_voice_en_18012447.wav,fake/seedtts_files_04026_common_voice_en_18012457-common_voice_en_18012447.wav,fake,1,seedtts,4.23,24000,1,207946,f419671c3ebb6329...
seedtts_files_04027_common_voice_en_18012457-common_voice_en_18012464.wav,fake/seedtts_files_04027_common_voice_en_18012457-common_voice_en_18012464.wav,fake,1,seedtts,3.6,24000,1,172636,405216821aa98d70...
seedtts_files_04028_common_voice_en_18057869-common_voice_en_18057867.wav,fake/seedtts_files_04028_common_voice_en_18057869-common_voice_en_18057867.wav,fake,1,seedtts,4.35,24000,1,214022,03077170c0166a4a...
seedtts_files_04029_common_voice_en_18070362-common_voice_en_18070351.wav,fake/seedtts_files_04029_common_voice_en_18070362-common_voice_en_18070351.wav,fake,1,seedtts,2.86,24000,1,142590,d484f65be5c049af...
seedtts_files_04030_common_voice_en_18105426-common_voice_en_18105428.wav,fake/seedtts_files_04030_common_voice_en_18105426-common_voice_en_18105428.wav,fake,1,seedtts,1.35,24000,1,69880,9f6f9b52bc000ade...
seedtts_files_04031_common_voice_en_18105426-common_voice_en_18105430.wav,fake/seedtts_files_04031_common_voice_en_18105426-common_voice_en_18105430.wav,fake,1,seedtts,5.04,24000,1,242012,6ae2909bacc683a6...
seedtts_files_04032_common_voice_en_18177486-common_voice_en_18177492.wav,fake/seedtts_files_04032_common_voice_en_18177486-common_voice_en_18177492.wav,fake,1,seedtts,3.07,24000,1,147292,1152f6b099281167...
seedtts_files_04033_common_voice_en_182275-common_voice_en_182276.wav,fake/seedtts_files_04033_common_voice_en_182275-common_voice_en_182276.wav,fake,1,seedtts,3.2,24000,1,153436,50d11bb5cf1a515f...
seedtts_files_04034_common_voice_en_188092-common_voice_en_188091.wav,fake/seedtts_files_04034_common_voice_en_188092-common_voice_en_188091.wav,fake,1,seedtts,3.44,24000,1,164956,c9f9dc08fd7b82a7...
seedtts_files_04035_common_voice_en_188092-common_voice_en_188093.wav,fake/seedtts_files_04035_common_voice_en_188092-common_voice_en_188093.wav,fake,1,seedtts,4.68,24000,1,224860,daec499720252213...
seedtts_files_04036_common_voice_en_203357-common_voice_en_203358.wav,fake/seedtts_files_04036_common_voice_en_203357-common_voice_en_203358.wav,fake,1,seedtts,3.06,24000,1,147036,c8a6773f7896b5fb...
seedtts_files_04037_common_voice_en_203357-common_voice_en_203359.wav,fake/seedtts_files_04037_common_voice_en_203357-common_voice_en_203359.wav,fake,1,seedtts,3.89,24000,1,186972,ed4733c62b6a6f7f...
seedtts_files_04038_common_voice_en_205647-common_voice_en_205648.wav,fake/seedtts_files_04038_common_voice_en_205647-common_voice_en_205648.wav,fake,1,seedtts,2.75,24000,1,131996,58d98f7fea6d1e16...
seedtts_files_04039_common_voice_en_205647-common_voice_en_205649.wav,fake/seedtts_files_04039_common_voice_en_205647-common_voice_en_205649.wav,fake,1,seedtts,1.57,24000,1,75404,f6429b1dba4f05be...
seedtts_files_04040_common_voice_en_20617-common_voice_en_20618.wav,fake/seedtts_files_04040_common_voice_en_20617-common_voice_en_20618.wav,fake,1,seedtts,4.84,24000,1,232252,a7e971f4825d6f03...
seedtts_files_04041_common_voice_en_20617-common_voice_en_20619.wav,fake/seedtts_files_04041_common_voice_en_20617-common_voice_en_20619.wav,fake,1,seedtts,4.34,24000,1,208480,ef4c8d29ace1a076...
seedtts_files_04042_common_voice_en_2072999-common_voice_en_2073000.wav,fake/seedtts_files_04042_common_voice_en_2072999-common_voice_en_2073000.wav,fake,1,seedtts,5.57,24000,1,267580,ffa218eb5d78bc59...
seedtts_files_04043_common_voice_en_2072999-common_voice_en_2324746.wav,fake/seedtts_files_04043_common_voice_en_2072999-common_voice_en_2324746.wav,fake,1,seedtts,3.37,24000,1,161852,fec4475190a32a59...
seedtts_files_04044_common_voice_en_209233-common_voice_en_209236.wav,fake/seedtts_files_04044_common_voice_en_209233-common_voice_en_209236.wav,fake,1,seedtts,4.71,24000,1,226108,ff884aef70711fac...
seedtts_files_04045_common_voice_en_209233-common_voice_en_209237.wav,fake/seedtts_files_04045_common_voice_en_209233-common_voice_en_209237.wav,fake,1,seedtts,3.83,24000,1,183644,5453f262e6dd2cc9...
seedtts_files_04046_common_voice_en_2331-common_voice_en_2330.wav,fake/seedtts_files_04046_common_voice_en_2331-common_voice_en_2330.wav,fake,1,seedtts,3.53,24000,1,174394,580a640dcf4907c1...
seedtts_files_04047_common_voice_en_2331-common_voice_en_2332.wav,fake/seedtts_files_04047_common_voice_en_2331-common_voice_en_2332.wav,fake,1,seedtts,2.5,24000,1,125266,467b347a74465181...
seedtts_files_04048_common_voice_en_2586258-common_voice_en_2586259.wav,fake/seedtts_files_04048_common_voice_en_2586258-common_voice_en_2586259.wav,fake,1,seedtts,4.23,24000,1,203100,153f5d7f9575f163...
seedtts_files_04049_common_voice_en_2586258-common_voice_en_2586260.wav,fake/seedtts_files_04049_common_voice_en_2586258-common_voice_en_2586260.wav,fake,1,seedtts,3.08,24000,1,148060,e85adea7ab04a758...
seedtts_files_04050_common_voice_en_275174-common_voice_en_275175.wav,fake/seedtts_files_04050_common_voice_en_275174-common_voice_en_275175.wav,fake,1,seedtts,3.25,24000,1,155996,901661954eab0be1...
seedtts_files_04051_common_voice_en_33907-common_voice_en_33906.wav,fake/seedtts_files_04051_common_voice_en_33907-common_voice_en_33906.wav,fake,1,seedtts,3.56,24000,1,176100,92757706d811c8e2...
seedtts_files_04052_common_voice_en_33907-common_voice_en_33908.wav,fake/seedtts_files_04052_common_voice_en_33907-common_voice_en_33908.wav,fake,1,seedtts,2.79,24000,1,138770,4f2436ae61bd4956...
seedtts_files_04053_common_voice_en_364081-common_voice_en_364079.wav,fake/seedtts_files_04053_common_voice_en_364081-common_voice_en_364079.wav,fake,1,seedtts,2.71,24000,1,135060,8966d2626b63474a...
seedtts_files_04054_common_voice_en_364081-common_voice_en_364080.wav,fake/seedtts_files_04054_common_voice_en_364081-common_voice_en_364080.wav,fake,1,seedtts,2.62,24000,1,131036,05b74a2ad690ea93...
seedtts_files_04055_common_voice_en_38573-common_voice_en_38570.wav,fake/seedtts_files_04055_common_voice_en_38573-common_voice_en_38570.wav,fake,1,seedtts,3.85,24000,1,189888,febf1507cb9a95b8...
seedtts_files_04056_common_voice_en_38573-common_voice_en_38572.wav,fake/seedtts_files_04056_common_voice_en_38573-common_voice_en_38572.wav,fake,1,seedtts,4.5,24000,1,216156,0d44d5f4a9b5cd59...
seedtts_files_04057_common_voice_en_46083-common_voice_en_46084.wav,fake/seedtts_files_04057_common_voice_en_46083-common_voice_en_46084.wav,fake,1,seedtts,3.22,24000,1,159568,b94df16be3453144...
seedtts_files_04058_common_voice_en_479422-common_voice_en_479426.wav,fake/seedtts_files_04058_common_voice_en_479422-common_voice_en_479426.wav,fake,1,seedtts,2.27,24000,1,114066,d4256430dbc78b9e...
seedtts_files_04059_common_voice_en_484174-common_voice_en_484173.wav,fake/seedtts_files_04059_common_voice_en_484174-common_voice_en_484173.wav,fake,1,seedtts,3.95,24000,1,189788,45791b3746b535b4...
seedtts_files_04060_common_voice_en_484174-common_voice_en_484175.wav,fake/seedtts_files_04060_common_voice_en_484174-common_voice_en_484175.wav,fake,1,seedtts,3.83,24000,1,183900,5f52ec446ad12bbe...
seedtts_files_04061_common_voice_en_485101-common_voice_en_485099.wav,fake/seedtts_files_04061_common_voice_en_485101-common_voice_en_485099.wav,fake,1,seedtts,2.4,24000,1,120358,bce6227328ddd2a6...
seedtts_files_04062_common_voice_en_485101-common_voice_en_485100.wav,fake/seedtts_files_04062_common_voice_en_485101-common_voice_en_485100.wav,fake,1,seedtts,1.86,24000,1,94336,acf2a55be36bce8e...
seedtts_files_04063_common_voice_en_487077-common_voice_en_487076.wav,fake/seedtts_files_04063_common_voice_en_487077-common_voice_en_487076.wav,fake,1,seedtts,4.1,24000,1,196956,d018c5fea732e11a...
seedtts_files_04064_common_voice_en_487077-common_voice_en_487079.wav,fake/seedtts_files_04064_common_voice_en_487077-common_voice_en_487079.wav,fake,1,seedtts,2.28,24000,1,114580,272be8374e8c226b...
seedtts_files_04065_common_voice_en_489724-common_voice_en_489725.wav,fake/seedtts_files_04065_common_voice_en_489724-common_voice_en_489725.wav,fake,1,seedtts,5.76,24000,1,276572,b34b4a84383c3f77...
seedtts_files_04066_common_voice_en_489724-common_voice_en_489726.wav,fake/seedtts_files_04066_common_voice_en_489724-common_voice_en_489726.wav,fake,1,seedtts,4.52,24000,1,217180,bb1c368ea1e2ce9c...
seedtts_files_04067_common_voice_en_490614-common_voice_en_490613.wav,fake/seedtts_files_04067_common_voice_en_490614-common_voice_en_490613.wav,fake,1,seedtts,5.81,24000,1,278876,26b2b418fc8659c5...
seedtts_files_04068_common_voice_en_490614-common_voice_en_490618.wav,fake/seedtts_files_04068_common_voice_en_490614-common_voice_en_490618.wav,fake,1,seedtts,3.1,24000,1,149084,d497beec62f9c7d1...
seedtts_files_04069_common_voice_en_493276-common_voice_en_493277.wav,fake/seedtts_files_04069_common_voice_en_493276-common_voice_en_493277.wav,fake,1,seedtts,3.21,24000,1,153948,58b76ffcb14c87b3...
seedtts_files_04070_common_voice_en_493740-common_voice_en_493738.wav,fake/seedtts_files_04070_common_voice_en_493740-common_voice_en_493738.wav,fake,1,seedtts,3.24,24000,1,160660,cb4ec806c5d66e9b...
seedtts_files_04071_common_voice_en_497961-common_voice_en_497960.wav,fake/seedtts_files_04071_common_voice_en_497961-common_voice_en_497960.wav,fake,1,seedtts,3.12,24000,1,154748,7dfea19badc71dff...
seedtts_files_04072_common_voice_en_502839-common_voice_en_502843.wav,fake/seedtts_files_04072_common_voice_en_502839-common_voice_en_502843.wav,fake,1,seedtts,2.36,24000,1,118428,5db87fc28c79b33a...
seedtts_files_04073_common_voice_en_508059-common_voice_en_508057.wav,fake/seedtts_files_04073_common_voice_en_508059-common_voice_en_508057.wav,fake,1,seedtts,3.52,24000,1,169052,59d5949b40a7f0a1...
seedtts_files_04074_common_voice_en_509177-common_voice_en_509176.wav,fake/seedtts_files_04074_common_voice_en_509177-common_voice_en_509176.wav,fake,1,seedtts,4.39,24000,1,210780,63b385f31ba7a190...
seedtts_files_04075_common_voice_en_509177-common_voice_en_509186.wav,fake/seedtts_files_04075_common_voice_en_509177-common_voice_en_509186.wav,fake,1,seedtts,4.92,24000,1,236380,73e52464e2965767...
seedtts_files_04076_common_voice_en_519777-common_voice_en_519776.wav,fake/seedtts_files_04076_common_voice_en_519777-common_voice_en_519776.wav,fake,1,seedtts,4.32,24000,1,207196,e94ecb0d78ab5ea2...
seedtts_files_04077_common_voice_en_519777-common_voice_en_519780.wav,fake/seedtts_files_04077_common_voice_en_519777-common_voice_en_519780.wav,fake,1,seedtts,4.91,24000,1,235868,ee1329acfbab6fac...
seedtts_files_04078_common_voice_en_523215-common_voice_en_523218.wav,fake/seedtts_files_04078_common_voice_en_523215-common_voice_en_523218.wav,fake,1,seedtts,5.49,24000,1,263772,d0be51e4458b0a19...
seedtts_files_04079_common_voice_en_523215-common_voice_en_523219.wav,fake/seedtts_files_04079_common_voice_en_523215-common_voice_en_523219.wav,fake,1,seedtts,4.16,24000,1,199772,be6cd0500077530e...
seedtts_files_04080_common_voice_en_524057-common_voice_en_524059.wav,fake/seedtts_files_04080_common_voice_en_524057-common_voice_en_524059.wav,fake,1,seedtts,2.88,24000,1,143268,635e8b27d4e6a973...
seedtts_files_04081_common_voice_en_524057-common_voice_en_524061.wav,fake/seedtts_files_04081_common_voice_en_524057-common_voice_en_524061.wav,fake,1,seedtts,2.18,24000,1,109824,6ccef98fd3012157...
seedtts_files_04082_common_voice_en_528625-common_voice_en_528628.wav,fake/seedtts_files_04082_common_voice_en_528625-common_voice_en_528628.wav,fake,1,seedtts,5.39,24000,1,263896,830a6f00dda9de0e...
seedtts_files_04083_common_voice_en_530085-common_voice_en_530083.wav,fake/seedtts_files_04083_common_voice_en_530085-common_voice_en_530083.wav,fake,1,seedtts,3.46,24000,1,165980,4a2d22167ab75805...
seedtts_files_04084_common_voice_en_530085-common_voice_en_530084.wav,fake/seedtts_files_04084_common_voice_en_530085-common_voice_en_530084.wav,fake,1,seedtts,4.08,24000,1,200928,c748d003bf01645b...
seedtts_files_04085_common_voice_en_537760-common_voice_en_537763.wav,fake/seedtts_files_04085_common_voice_en_537760-common_voice_en_537763.wav,fake,1,seedtts,3.7,24000,1,177756,7aee030196506286...
seedtts_files_04086_common_voice_en_537766-common_voice_en_537767.wav,fake/seedtts_files_04086_common_voice_en_537766-common_voice_en_537767.wav,fake,1,seedtts,4.96,24000,1,238172,d55af8c5c11e2e03...
seedtts_files_04087_common_voice_en_537766-common_voice_en_537768.wav,fake/seedtts_files_04087_common_voice_en_537766-common_voice_en_537768.wav,fake,1,seedtts,2.76,24000,1,137678,0f3fa59a7a9083cb...
seedtts_files_04088_common_voice_en_541573-common_voice_en_541571.wav,fake/seedtts_files_04088_common_voice_en_541573-common_voice_en_541571.wav,fake,1,seedtts,2.0,24000,1,101090,8ce96473d8f67377...
seedtts_files_04089_common_voice_en_550301-common_voice_en_550302.wav,fake/seedtts_files_04089_common_voice_en_550301-common_voice_en_550302.wav,fake,1,seedtts,3.68,24000,1,181624,217baf7e161e876f...
seedtts_files_04090_common_voice_en_550301-common_voice_en_550303.wav,fake/seedtts_files_04090_common_voice_en_550301-common_voice_en_550303.wav,fake,1,seedtts,2.97,24000,1,147808,89625b81c68ac88b...
seedtts_files_04091_common_voice_en_554379-common_voice_en_554380.wav,fake/seedtts_files_04091_common_voice_en_554379-common_voice_en_554380.wav,fake,1,seedtts,2.87,24000,1,142742,76cbd7870307e1d1...
seedtts_files_04092_common_voice_en_557392-common_voice_en_557393.wav,fake/seedtts_files_04092_common_voice_en_557392-common_voice_en_557393.wav,fake,1,seedtts,5.56,24000,1,266844,009b2144c29c145e...
seedtts_files_04093_common_voice_en_557392-common_voice_en_557395.wav,fake/seedtts_files_04093_common_voice_en_557392-common_voice_en_557395.wav,fake,1,seedtts,6.0,24000,1,287836,15552a3fc3a73199...
seedtts_files_04094_common_voice_en_557458-common_voice_en_557459.wav,fake/seedtts_files_04094_common_voice_en_557458-common_voice_en_557459.wav,fake,1,seedtts,7.57,24000,1,368338,dc79e6ee27c534bc...
seedtts_files_04095_common_voice_en_557458-common_voice_en_557460.wav,fake/seedtts_files_04095_common_voice_en_557458-common_voice_en_557460.wav,fake,1,seedtts,6.45,24000,1,314904,1c73c10879e2eb59...
seedtts_files_04096_common_voice_en_56141-common_voice_en_56142.wav,fake/seedtts_files_04096_common_voice_en_56141-common_voice_en_56142.wav,fake,1,seedtts,4.31,24000,1,212180,6c8e7b0c596b24a1...
seedtts_files_04097_common_voice_en_563060-common_voice_en_563063.wav,fake/seedtts_files_04097_common_voice_en_563060-common_voice_en_563063.wav,fake,1,seedtts,3.2,24000,1,153436,914b7fbc4234725a...
seedtts_files_04098_common_voice_en_563060-common_voice_en_563064.wav,fake/seedtts_files_04098_common_voice_en_563060-common_voice_en_563064.wav,fake,1,seedtts,3.42,24000,1,164444,c7d0dd07d769cb1c...
seedtts_files_04099_common_voice_en_564578-common_voice_en_564576.wav,fake/seedtts_files_04099_common_voice_en_564578-common_voice_en_564576.wav,fake,1,seedtts,3.52,24000,1,169052,faf6b2679af480e5...
seedtts_files_04100_common_voice_en_564578-common_voice_en_564579.wav,fake/seedtts_files_04100_common_voice_en_564578-common_voice_en_564579.wav,fake,1,seedtts,4.24,24000,1,203612,63bf1a60bfe5ada1...
seedtts_files_04101_common_voice_en_565900-common_voice_en_565901.wav,fake/seedtts_files_04101_common_voice_en_565900-common_voice_en_565901.wav,fake,1,seedtts,2.07,24000,1,104370,1d29ae603e8c0e85...
seedtts_files_04102_common_voice_en_565900-common_voice_en_565902.wav,fake/seedtts_files_04102_common_voice_en_565900-common_voice_en_565902.wav,fake,1,seedtts,6.07,24000,1,296482,f59454b4d381e6bf...
seedtts_files_04103_common_voice_en_566283-common_voice_en_566281.wav,fake/seedtts_files_04103_common_voice_en_566283-common_voice_en_566281.wav,fake,1,seedtts,5.58,24000,1,273108,0a7f78a7897a8d2f...
seedtts_files_04104_common_voice_en_566283-common_voice_en_566282.wav,fake/seedtts_files_04104_common_voice_en_566283-common_voice_en_566282.wav,fake,1,seedtts,4.9,24000,1,235100,5cb9444b61315c2d...
seedtts_files_04105_common_voice_en_568078-common_voice_en_568079.wav,fake/seedtts_files_04105_common_voice_en_568078-common_voice_en_568079.wav,fake,1,seedtts,3.81,24000,1,187836,fc15e6c1b8984a5b...
seedtts_files_04106_common_voice_en_568078-common_voice_en_568080.wav,fake/seedtts_files_04106_common_voice_en_568078-common_voice_en_568080.wav,fake,1,seedtts,2.8,24000,1,139312,bcad89e02a7dae85...
seedtts_files_04107_common_voice_en_570615-common_voice_en_570616.wav,fake/seedtts_files_04107_common_voice_en_570615-common_voice_en_570616.wav,fake,1,seedtts,3.69,24000,1,177244,97f397042c4d3453...
seedtts_files_04108_common_voice_en_570619-common_voice_en_570620.wav,fake/seedtts_files_04108_common_voice_en_570619-common_voice_en_570620.wav,fake,1,seedtts,4.0,24000,1,191836,c92766b04c3d3034...
seedtts_files_04109_common_voice_en_570619-common_voice_en_570622.wav,fake/seedtts_files_04109_common_voice_en_570619-common_voice_en_570622.wav,fake,1,seedtts,3.58,24000,1,171868,e4683d0afc3a2e2a...
seedtts_files_04110_common_voice_en_571544-common_voice_en_571546.wav,fake/seedtts_files_04110_common_voice_en_571544-common_voice_en_571546.wav,fake,1,seedtts,5.47,24000,1,262748,05dba4cad33ceb68...
seedtts_files_04111_common_voice_en_571544-common_voice_en_571548.wav,fake/seedtts_files_04111_common_voice_en_571544-common_voice_en_571548.wav,fake,1,seedtts,3.24,24000,1,155740,2188cc419c63d615...
seedtts_files_04112_common_voice_en_573135-common_voice_en_573137.wav,fake/seedtts_files_04112_common_voice_en_573135-common_voice_en_573137.wav,fake,1,seedtts,2.58,24000,1,128882,46313acefb401220...
seedtts_files_04113_common_voice_en_573135-common_voice_en_573138.wav,fake/seedtts_files_04113_common_voice_en_573135-common_voice_en_573138.wav,fake,1,seedtts,3.05,24000,1,151264,eb2c0e2babe61e2d...
seedtts_files_04114_common_voice_en_575287-common_voice_en_575288.wav,fake/seedtts_files_04114_common_voice_en_575287-common_voice_en_575288.wav,fake,1,seedtts,3.1,24000,1,148828,fe95df510c12017a...
seedtts_files_04115_common_voice_en_578084-common_voice_en_578101.wav,fake/seedtts_files_04115_common_voice_en_578084-common_voice_en_578101.wav,fake,1,seedtts,5.04,24000,1,241756,c2413d26bd557913...
seedtts_files_04116_common_voice_en_578084-common_voice_en_578102.wav,fake/seedtts_files_04116_common_voice_en_578084-common_voice_en_578102.wav,fake,1,seedtts,5.31,24000,1,255068,fc9f53a3780761af...
seedtts_files_04117_common_voice_en_581024-common_voice_en_581027.wav,fake/seedtts_files_04117_common_voice_en_581024-common_voice_en_581027.wav,fake,1,seedtts,5.95,24000,1,285788,fbfa6b4d744ed53f...
seedtts_files_04118_common_voice_en_581024-common_voice_en_581028.wav,fake/seedtts_files_04118_common_voice_en_581024-common_voice_en_581028.wav,fake,1,seedtts,3.65,24000,1,180060,343de926afa4f6fb...
seedtts_files_04119_common_voice_en_586741-common_voice_en_586737.wav,fake/seedtts_files_04119_common_voice_en_586741-common_voice_en_586737.wav,fake,1,seedtts,4.41,24000,1,211548,add012e874f445bc...
seedtts_files_04120_common_voice_en_586741-common_voice_en_586742.wav,fake/seedtts_files_04120_common_voice_en_586741-common_voice_en_586742.wav,fake,1,seedtts,3.58,24000,1,176914,c30d63a055ddbbf5...
seedtts_files_04121_common_voice_en_588627-common_voice_en_588628.wav,fake/seedtts_files_04121_common_voice_en_588627-common_voice_en_588628.wav,fake,1,seedtts,2.84,24000,1,141460,b75c642e9f16f5cb...
seedtts_files_04122_common_voice_en_588627-common_voice_en_588631.wav,fake/seedtts_files_04122_common_voice_en_588627-common_voice_en_588631.wav,fake,1,seedtts,3.06,24000,1,146780,b4bfc978c188d318...
seedtts_files_04123_common_voice_en_589496-common_voice_en_589494.wav,fake/seedtts_files_04123_common_voice_en_589496-common_voice_en_589494.wav,fake,1,seedtts,2.27,24000,1,113888,4faa0e8a80e0dc2b...
seedtts_files_04124_common_voice_en_589496-common_voice_en_589495.wav,fake/seedtts_files_04124_common_voice_en_589496-common_voice_en_589495.wav,fake,1,seedtts,4.74,24000,1,232556,4a1e464ee8e475a3...
seedtts_files_04125_common_voice_en_590785-common_voice_en_590791.wav,fake/seedtts_files_04125_common_voice_en_590785-common_voice_en_590791.wav,fake,1,seedtts,2.17,24000,1,109140,fe2f0ab2b1e820e0...
seedtts_files_04126_common_voice_en_590785-common_voice_en_590794.wav,fake/seedtts_files_04126_common_voice_en_590785-common_voice_en_590794.wav,fake,1,seedtts,2.0,24000,1,101090,87723cf5a51009e9...
seedtts_files_04127_common_voice_en_591530-common_voice_en_591529.wav,fake/seedtts_files_04127_common_voice_en_591530-common_voice_en_591529.wav,fake,1,seedtts,4.77,24000,1,233978,58d61501b3735021...
seedtts_files_04128_common_voice_en_591530-common_voice_en_591531.wav,fake/seedtts_files_04128_common_voice_en_591530-common_voice_en_591531.wav,fake,1,seedtts,2.6,24000,1,129890,f9794d8549e09641...
seedtts_files_04129_common_voice_en_593372-common_voice_en_593370.wav,fake/seedtts_files_04129_common_voice_en_593372-common_voice_en_593370.wav,fake,1,seedtts,2.65,24000,1,132152,9d3c7ab76ba132fd...
seedtts_files_04130_common_voice_en_593372-common_voice_en_593374.wav,fake/seedtts_files_04130_common_voice_en_593372-common_voice_en_593374.wav,fake,1,seedtts,2.55,24000,1,127484,50f24e6a9719bd9c...
seedtts_files_04131_common_voice_en_597578-common_voice_en_597577.wav,fake/seedtts_files_04131_common_voice_en_597578-common_voice_en_597577.wav,fake,1,seedtts,3.38,24000,1,162396,219458c81cb096c3...
seedtts_files_04132_common_voice_en_597578-common_voice_en_597583.wav,fake/seedtts_files_04132_common_voice_en_597578-common_voice_en_597583.wav,fake,1,seedtts,4.99,24000,1,239708,3b622d134ce05430...
seedtts_files_04133_common_voice_en_599060-common_voice_en_599063.wav,fake/seedtts_files_04133_common_voice_en_599060-common_voice_en_599063.wav,fake,1,seedtts,3.56,24000,1,171100,a2a9171b9f267cb5...
seedtts_files_04134_common_voice_en_599060-common_voice_en_599064.wav,fake/seedtts_files_04134_common_voice_en_599060-common_voice_en_599064.wav,fake,1,seedtts,3.33,24000,1,165130,05c6f96ca6aa0a91...
seedtts_files_04135_common_voice_en_603760-common_voice_en_603759.wav,fake/seedtts_files_04135_common_voice_en_603760-common_voice_en_603759.wav,fake,1,seedtts,5.52,24000,1,264796,39f89e337be2cd8a...
seedtts_files_04136_common_voice_en_603760-common_voice_en_603762.wav,fake/seedtts_files_04136_common_voice_en_603760-common_voice_en_603762.wav,fake,1,seedtts,5.27,24000,1,253020,77317b535ae557b5...
seedtts_files_04137_common_voice_en_605765-common_voice_en_605766.wav,fake/seedtts_files_04137_common_voice_en_605765-common_voice_en_605766.wav,fake,1,seedtts,2.71,24000,1,135294,2199cabbc3ef6ec4...
seedtts_files_04138_common_voice_en_605765-common_voice_en_605777.wav,fake/seedtts_files_04138_common_voice_en_605765-common_voice_en_605777.wav,fake,1,seedtts,3.89,24000,1,186972,69ae721d61909aae...
seedtts_files_04139_common_voice_en_606373-common_voice_en_606376.wav,fake/seedtts_files_04139_common_voice_en_606373-common_voice_en_606376.wav,fake,1,seedtts,2.77,24000,1,138110,64ab23f755ccf6cb...
seedtts_files_04140_common_voice_en_606373-common_voice_en_606378.wav,fake/seedtts_files_04140_common_voice_en_606373-common_voice_en_606378.wav,fake,1,seedtts,4.27,24000,1,204892,e07d9f390304476b...
seedtts_files_04141_common_voice_en_613849-common_voice_en_613850.wav,fake/seedtts_files_04141_common_voice_en_613849-common_voice_en_613850.wav,fake,1,seedtts,5.84,24000,1,285650,615efbf058b0e5f8...
seedtts_files_04142_common_voice_en_615162-common_voice_en_615158.wav,fake/seedtts_files_04142_common_voice_en_615162-common_voice_en_615158.wav,fake,1,seedtts,2.91,24000,1,144544,2fb32c6f305507d6...
seedtts_files_04143_common_voice_en_615162-common_voice_en_615165.wav,fake/seedtts_files_04143_common_voice_en_615162-common_voice_en_615165.wav,fake,1,seedtts,3.8,24000,1,187280,c2346844ddeded70...
seedtts_files_04144_common_voice_en_621521-common_voice_en_621522.wav,fake/seedtts_files_04144_common_voice_en_621521-common_voice_en_621522.wav,fake,1,seedtts,3.69,24000,1,176988,ef5b416d3397964f...
seedtts_files_04145_common_voice_en_628642-common_voice_en_628644.wav,fake/seedtts_files_04145_common_voice_en_628642-common_voice_en_628644.wav,fake,1,seedtts,1.6,24000,1,81890,2488096bc964eb24...
seedtts_files_04146_common_voice_en_628642-common_voice_en_628645.wav,fake/seedtts_files_04146_common_voice_en_628642-common_voice_en_628645.wav,fake,1,seedtts,3.84,24000,1,189406,217c57913c8feb2b...
seedtts_files_04147_common_voice_en_631730-common_voice_en_631729.wav,fake/seedtts_files_04147_common_voice_en_631730-common_voice_en_631729.wav,fake,1,seedtts,3.43,24000,1,164700,2b85efaab4ac0f81...
seedtts_files_04148_common_voice_en_631730-common_voice_en_631731.wav,fake/seedtts_files_04148_common_voice_en_631730-common_voice_en_631731.wav,fake,1,seedtts,2.76,24000,1,137568,5be1b5c8ba186617...
seedtts_files_04149_common_voice_en_63703-common_voice_en_63702.wav,fake/seedtts_files_04149_common_voice_en_63703-common_voice_en_63702.wav,fake,1,seedtts,3.53,24000,1,174634,1efa618303d44ea0...
seedtts_files_04150_common_voice_en_63703-common_voice_en_63704.wav,fake/seedtts_files_04150_common_voice_en_63703-common_voice_en_63704.wav,fake,1,seedtts,2.15,24000,1,108382,9b3c35cf26781165...
seedtts_files_04151_common_voice_en_64065-common_voice_en_64062.wav,fake/seedtts_files_04151_common_voice_en_64065-common_voice_en_64062.wav,fake,1,seedtts,5.92,24000,1,283996,964c3823761a8023...
seedtts_files_04152_common_voice_en_64065-common_voice_en_64063.wav,fake/seedtts_files_04152_common_voice_en_64065-common_voice_en_64063.wav,fake,1,seedtts,3.44,24000,1,164956,a8bd8c0734a0fd5e...
seedtts_files_04153_common_voice_en_647713-common_voice_en_647712.wav,fake/seedtts_files_04153_common_voice_en_647713-common_voice_en_647712.wav,fake,1,seedtts,4.2,24000,1,206640,a0f600c02a580789...
seedtts_files_04154_common_voice_en_647713-common_voice_en_647717.wav,fake/seedtts_files_04154_common_voice_en_647713-common_voice_en_647717.wav,fake,1,seedtts,4.07,24000,1,195164,383ef4cd8e083bd0...
seedtts_files_04155_common_voice_en_648428-common_voice_en_648427.wav,fake/seedtts_files_04155_common_voice_en_648428-common_voice_en_648427.wav,fake,1,seedtts,4.5,24000,1,221090,180f544c41da1179...
seedtts_files_04156_common_voice_en_648428-common_voice_en_648429.wav,fake/seedtts_files_04156_common_voice_en_648428-common_voice_en_648429.wav,fake,1,seedtts,6.23,24000,1,304018,e159cb64aae5c48b...
seedtts_files_04157_common_voice_en_650392-common_voice_en_650389.wav,fake/seedtts_files_04157_common_voice_en_650392-common_voice_en_650389.wav,fake,1,seedtts,5.57,24000,1,267612,a9e90151b0234ac6...
seedtts_files_04158_common_voice_en_650392-common_voice_en_650390.wav,fake/seedtts_files_04158_common_voice_en_650392-common_voice_en_650390.wav,fake,1,seedtts,3.51,24000,1,168540,fc9f7e9d96a1722a...
seedtts_files_04159_common_voice_en_652024-common_voice_en_652023.wav,fake/seedtts_files_04159_common_voice_en_652024-common_voice_en_652023.wav,fake,1,seedtts,5.17,24000,1,248412,8933e6057b029be3...
seedtts_files_04160_common_voice_en_652024-common_voice_en_652027.wav,fake/seedtts_files_04160_common_voice_en_652024-common_voice_en_652027.wav,fake,1,seedtts,4.07,24000,1,195420,6aff167fdfc5d8bb...
seedtts_files_04161_common_voice_en_653337-common_voice_en_653336.wav,fake/seedtts_files_04161_common_voice_en_653337-common_voice_en_653336.wav,fake,1,seedtts,3.16,24000,1,151644,6bb3024d50c1bb7a...
seedtts_files_04162_common_voice_en_657467-common_voice_en_657468.wav,fake/seedtts_files_04162_common_voice_en_657467-common_voice_en_657468.wav,fake,1,seedtts,4.17,24000,1,200284,b6dba4c89ba5c374...
seedtts_files_04163_common_voice_en_664748-common_voice_en_664751.wav,fake/seedtts_files_04163_common_voice_en_664748-common_voice_en_664751.wav,fake,1,seedtts,3.48,24000,1,167260,0cc2b0a1d15293e3...
seedtts_files_04164_common_voice_en_664748-common_voice_en_664753.wav,fake/seedtts_files_04164_common_voice_en_664748-common_voice_en_664753.wav,fake,1,seedtts,3.34,24000,1,160348,281328dd0af0f44c...
seedtts_files_04165_common_voice_en_667155-common_voice_en_667153.wav,fake/seedtts_files_04165_common_voice_en_667155-common_voice_en_667153.wav,fake,1,seedtts,3.18,24000,1,152668,20a8568074518af1...
seedtts_files_04166_common_voice_en_667155-common_voice_en_667154.wav,fake/seedtts_files_04166_common_voice_en_667155-common_voice_en_667154.wav,fake,1,seedtts,3.69,24000,1,176988,cff8063e92f05e04...
seedtts_files_04167_common_voice_en_673471-common_voice_en_673472.wav,fake/seedtts_files_04167_common_voice_en_673471-common_voice_en_673472.wav,fake,1,seedtts,4.29,24000,1,205916,617f6b668290f611...
seedtts_files_04168_common_voice_en_673471-common_voice_en_673473.wav,fake/seedtts_files_04168_common_voice_en_673471-common_voice_en_673473.wav,fake,1,seedtts,3.38,24000,1,162396,b1e4d2b68aa79514...
seedtts_files_04169_common_voice_en_674100-common_voice_en_674112.wav,fake/seedtts_files_04169_common_voice_en_674100-common_voice_en_674112.wav,fake,1,seedtts,4.42,24000,1,212316,ea436808c9c8bc31...
seedtts_files_04170_common_voice_en_674100-common_voice_en_674114.wav,fake/seedtts_files_04170_common_voice_en_674100-common_voice_en_674114.wav,fake,1,seedtts,4.61,24000,1,221532,04c71eb050597f93...
seedtts_files_04171_common_voice_en_678682-common_voice_en_678679.wav,fake/seedtts_files_04171_common_voice_en_678682-common_voice_en_678679.wav,fake,1,seedtts,3.82,24000,1,188448,5b9cb6d715b6550d...
seedtts_files_04172_common_voice_en_678682-common_voice_en_678684.wav,fake/seedtts_files_04172_common_voice_en_678682-common_voice_en_678684.wav,fake,1,seedtts,5.0,24000,1,245090,077bc834751125ef...
seedtts_files_04173_common_voice_en_682528-common_voice_en_682530.wav,fake/seedtts_files_04173_common_voice_en_682528-common_voice_en_682530.wav,fake,1,seedtts,7.26,24000,1,348764,ee6ad2ad933dc694...
seedtts_files_04174_common_voice_en_682528-common_voice_en_682536.wav,fake/seedtts_files_04174_common_voice_en_682528-common_voice_en_682536.wav,fake,1,seedtts,4.93,24000,1,236892,c473466288cba038...
seedtts_files_04175_common_voice_en_684395-common_voice_en_684398.wav,fake/seedtts_files_04175_common_voice_en_684395-common_voice_en_684398.wav,fake,1,seedtts,3.29,24000,1,158044,48175628101e01ea...
seedtts_files_04176_common_voice_en_684395-common_voice_en_684399.wav,fake/seedtts_files_04176_common_voice_en_684395-common_voice_en_684399.wav,fake,1,seedtts,3.3,24000,1,158300,b23beee112423912...
seedtts_files_04177_common_voice_en_68569-common_voice_en_68570.wav,fake/seedtts_files_04177_common_voice_en_68569-common_voice_en_68570.wav,fake,1,seedtts,4.87,24000,1,233820,4ae27e9e99623bf4...
seedtts_files_04178_common_voice_en_68569-common_voice_en_68571.wav,fake/seedtts_files_04178_common_voice_en_68569-common_voice_en_68571.wav,fake,1,seedtts,4.9,24000,1,235100,02ff96a38151d666...
seedtts_files_04179_common_voice_en_691043-common_voice_en_691044.wav,fake/seedtts_files_04179_common_voice_en_691043-common_voice_en_691044.wav,fake,1,seedtts,4.17,24000,1,200028,6e49a5035cec17bf...
seedtts_files_04180_common_voice_en_691678-common_voice_en_691680.wav,fake/seedtts_files_04180_common_voice_en_691678-common_voice_en_691680.wav,fake,1,seedtts,3.74,24000,1,179548,1ed6257213df0662...
seedtts_files_04181_common_voice_en_691678-common_voice_en_691681.wav,fake/seedtts_files_04181_common_voice_en_691678-common_voice_en_691681.wav,fake,1,seedtts,3.21,24000,1,154204,f8efb75a725a01b2...
seedtts_files_04182_common_voice_en_699384-common_voice_en_699385.wav,fake/seedtts_files_04182_common_voice_en_699384-common_voice_en_699385.wav,fake,1,seedtts,3.57,24000,1,176378,3fcc136b8dcf5a9b...
seedtts_files_04183_common_voice_en_699384-common_voice_en_699386.wav,fake/seedtts_files_04183_common_voice_en_699384-common_voice_en_699386.wav,fake,1,seedtts,5.61,24000,1,274554,86d260eafe61118c...
seedtts_files_04184_common_voice_en_71427-common_voice_en_71423.wav,fake/seedtts_files_04184_common_voice_en_71427-common_voice_en_71423.wav,fake,1,seedtts,3.16,24000,1,151900,477f4817d0fa5909...
seedtts_files_04185_common_voice_en_71427-common_voice_en_71425.wav,fake/seedtts_files_04185_common_voice_en_71427-common_voice_en_71425.wav,fake,1,seedtts,6.27,24000,1,300892,d0e6bea6139cdca6...
seedtts_files_04186_common_voice_en_75329-common_voice_en_75330.wav,fake/seedtts_files_04186_common_voice_en_75329-common_voice_en_75330.wav,fake,1,seedtts,4.44,24000,1,213340,91e674ab70f9c67e...
seedtts_files_04187_common_voice_en_75329-common_voice_en_75332.wav,fake/seedtts_files_04187_common_voice_en_75329-common_voice_en_75332.wav,fake,1,seedtts,3.16,24000,1,151644,a9274368b79c68a8...
seedtts_files_04188_common_voice_en_79862-common_voice_en_79860.wav,fake/seedtts_files_04188_common_voice_en_79862-common_voice_en_79860.wav,fake,1,seedtts,4.66,24000,1,228734,141179f66855c386...
seedtts_files_04189_common_voice_en_86172-common_voice_en_86171.wav,fake/seedtts_files_04189_common_voice_en_86172-common_voice_en_86171.wav,fake,1,seedtts,8.02,24000,1,384860,ecb7cb71728b48f9...
seedtts_files_04190_common_voice_en_86172-common_voice_en_86173.wav,fake/seedtts_files_04190_common_voice_en_86172-common_voice_en_86173.wav,fake,1,seedtts,5.98,24000,1,292190,6dc9069583fb5b0c...
seedtts_files_04191_common_voice_en_86363-common_voice_en_86360.wav,fake/seedtts_files_04191_common_voice_en_86363-common_voice_en_86360.wav,fake,1,seedtts,2.23,24000,1,112336,0df575a5c1ae340f...
seedtts_files_04192_common_voice_en_86363-common_voice_en_86365.wav,fake/seedtts_files_04192_common_voice_en_86363-common_voice_en_86365.wav,fake,1,seedtts,6.42,24000,1,308060,5ce2e9ac52d1fdea...
seedtts_files_04193_common_voice_en_8805512-common_voice_en_8805513.wav,fake/seedtts_files_04193_common_voice_en_8805512-common_voice_en_8805513.wav,fake,1,seedtts,2.53,24000,1,126308,561ea6376c60b4e3...
seedtts_files_04194_common_voice_en_93674-common_voice_en_93672.wav,fake/seedtts_files_04194_common_voice_en_93674-common_voice_en_93672.wav,fake,1,seedtts,4.4,24000,1,211036,d23c8bb72bf9598b...
seedtts_files_04195_common_voice_en_93674-common_voice_en_93675.wav,fake/seedtts_files_04195_common_voice_en_93674-common_voice_en_93675.wav,fake,1,seedtts,3.16,24000,1,151900,3056144c2c80e529...
seedtts_files_04196_common_voice_en_9559-common_voice_en_9560.wav,fake/seedtts_files_04196_common_voice_en_9559-common_voice_en_9560.wav,fake,1,seedtts,4.88,24000,1,234332,82b98a8775359c1d...
seedtts_files_04197_common_voice_en_9559-common_voice_en_9562.wav,fake/seedtts_files_04197_common_voice_en_9559-common_voice_en_9562.wav,fake,1,seedtts,3.12,24000,1,149852,a3ffd1295b676be1...
seedtts_files_04198_common_voice_en_96260-common_voice_en_96263.wav,fake/seedtts_files_04198_common_voice_en_96260-common_voice_en_96263.wav,fake,1,seedtts,3.23,24000,1,160250,1ea9afb2e10449b6...
valle_04199_1089-134686-0008.valle_.wav,fake/valle_04199_1089-134686-0008.valle_.wav,fake,1,valle,9.08,16000,1,581178,e5bbda12e38c84b5...
valle_04200_1320-122617-0011.valle_.wav,fake/valle_04200_1320-122617-0011.valle_.wav,fake,1,valle,9.2,16000,1,589074,0cd67327d29608dd...
valle_04201_1995-1837-0019.valle_.wav,fake/valle_04201_1995-1837-0019.valle_.wav,fake,1,valle,5.2,16000,1,333074,ca81cf53f9ae20d0...
valle_04202_2300-131720-0027.valle_.wav,fake/valle_04202_2300-131720-0027.valle_.wav,fake,1,valle,9.98,16000,1,638566,01731a9f3117ca58...
valle_04203_237-126133-0002.valle_.wav,fake/valle_04203_237-126133-0002.valle_.wav,fake,1,valle,9.68,16000,1,619578,40c59826b6304f08...
valle_04204_260-123440-0019.valle_.wav,fake/valle_04204_260-123440-0019.valle_.wav,fake,1,valle,6.79,16000,1,434406,54b784d0435fb844...
valle_04205_31.valle_.wav,fake/valle_04205_31.valle_.wav,fake,1,valle,5.03,16000,1,322194,b35d384b69b948d5...
valle_04206_3570-5695-0008.valle_.wav,fake/valle_04206_3570-5695-0008.valle_.wav,fake,1,valle,8.04,16000,1,514834,a8989d76a40f9294...
valle_04207_4992-41806-0011.valle_.wav,fake/valle_04207_4992-41806-0011.valle_.wav,fake,1,valle,7.28,16000,1,465978,46ce6ab58c4a0118...
valle_04208_5142-36377-0023.valle_.wav,fake/valle_04208_5142-36377-0023.valle_.wav,fake,1,valle,8.63,16000,1,552166,685eadf92efc9642...
valle_04209_61.valle_.wav,fake/valle_04209_61.valle_.wav,fake,1,valle,14.17,16000,1,906726,87e53e18d5a3d74b...
valle_04210_62.valle_.wav,fake/valle_04210_62.valle_.wav,fake,1,valle,11.7,16000,1,748858,ac458ccc2d25b570...
valle_04211_64.valle_.wav,fake/valle_04211_64.valle_.wav,fake,1,valle,9.43,16000,1,603794,78addfc00dacc22a...
valle_04212_672-122797-0055.valle_.wav,fake/valle_04212_672-122797-0055.valle_.wav,fake,1,valle,8.54,16000,1,546406,df66d6b5bfa22772...
valle_04213_81.valle_.wav,fake/valle_04213_81.valle_.wav,fake,1,valle,14.42,16000,1,922938,138f168ebebc1067...
valle_04214_emov_db_amused_ours.wav,fake/valle_04214_emov_db_amused_ours.wav,fake,1,valle,3.67,24000,1,176044,474bc114ea95f2c3...
valle_04215_emov_db_anger_ours.wav,fake/valle_04215_emov_db_anger_ours.wav,fake,1,valle,2.88,24000,1,138284,4f802741d17f7feb...
valle_04216_emov_db_disgust_ours.wav,fake/valle_04216_emov_db_disgust_ours.wav,fake,1,valle,3.76,24000,1,180524,cf9a8d739e01b8a7...
valle_04217_emov_db_neutral_ours.wav,fake/valle_04217_emov_db_neutral_ours.wav,fake,1,valle,3.0,24000,1,144044,ced1c5934dce01b9...
valle_04218_emov_db_sleepiness_ours.wav,fake/valle_04218_emov_db_sleepiness_ours.wav,fake,1,valle,4.05,24000,1,194604,2d9b4afbdd24f310...
valle_04219_fisher_1_ours.wav,fake/valle_04219_fisher_1_ours.wav,fake,1,valle,2.55,24000,1,122284,35e2bb301a2c8618...
valle_04220_fisher_2_ours.wav,fake/valle_04220_fisher_2_ours.wav,fake,1,valle,4.96,24000,1,238124,14b25b1224eae3d6...
valle_04221_fisher_3_ours.wav,fake/valle_04221_fisher_3_ours.wav,fake,1,valle,5.28,24000,1,253484,1c6ba3d46630a216...
valle_04222_fisher_4_ours.wav,fake/valle_04222_fisher_4_ours.wav,fake,1,valle,3.77,24000,1,181164,cf5adf6e9d67de93...
valle_04223_librispeech_1089-134686-0004_ours.wav,fake/valle_04223_librispeech_1089-134686-0004_ours.wav,fake,1,valle,4.39,24000,1,210604,9536a1aa5c08dde3...
valle_04224_librispeech_121-127105-0006_ours1.wav,fake/valle_04224_librispeech_121-127105-0006_ours1.wav,fake,1,valle,5.88,24000,1,282044,0b51c93afc3708a9...
valle_04225_librispeech_1221-135767-0014_ours.wav,fake/valle_04225_librispeech_1221-135767-0014_ours.wav,fake,1,valle,7.08,24000,1,339884,09226dcd183e33de...
valle_04226_librispeech_1284-1180-0002_ours.wav,fake/valle_04226_librispeech_1284-1180-0002_ours.wav,fake,1,valle,6.79,24000,1,325804,808ea501ac00e74c...
valle_04227_librispeech_1320-122617-0000_ours1.wav,fake/valle_04227_librispeech_1320-122617-0000_ours1.wav,fake,1,valle,7.33,24000,1,352044,fc08a8e8bd45a068...
valle_04228_librispeech_2300-131720-0040_ours1.wav,fake/valle_04228_librispeech_2300-131720-0040_ours1.wav,fake,1,valle,5.96,24000,1,286124,228192e0d4eda4a1...
valle_04229_librispeech_2830-3980-0008_ours1.wav,fake/valle_04229_librispeech_2830-3980-0008_ours1.wav,fake,1,valle,5.41,24000,1,259644,8544c30b0798b61f...
valle_04230_librispeech_2961-960-0014_ours1.wav,fake/valle_04230_librispeech_2961-960-0014_ours1.wav,fake,1,valle,7.2,24000,1,345484,b2aa4261a6739e35...
valle_04231_librispeech_3570-5696-0002_ours1.wav,fake/valle_04231_librispeech_3570-5696-0002_ours1.wav,fake,1,valle,9.17,24000,1,440364,187d61d96d9af0c4...
valle_04232_librispeech_4077-13754-0000_ours.wav,fake/valle_04232_librispeech_4077-13754-0000_ours.wav,fake,1,valle,4.98,24000,1,239244,e5dc5a899d739c4f...
valle_04233_librispeech_5639-40744-0020_ours.wav,fake/valle_04233_librispeech_5639-40744-0020_ours.wav,fake,1,valle,9.37,24000,1,449964,679eac30272eb09d...
valle_04234_librispeech_61-70970-0007_ours.wav,fake/valle_04234_librispeech_61-70970-0007_ours.wav,fake,1,valle,5.16,24000,1,247724,4f2a673228fc9622...
valle_04235_librispeech_61-70970-0024_ours.wav,fake/valle_04235_librispeech_61-70970-0024_ours.wav,fake,1,valle,8.31,24000,1,398764,595e2b9fdcc5a2a6...
valle_04236_librispeech_7176-92135-0005_ours1.wav,fake/valle_04236_librispeech_7176-92135-0005_ours1.wav,fake,1,valle,6.93,24000,1,332844,d4727e9b9469e75d...
valle_04237_librispeech_7729-102255-0030_ours1.wav,fake/valle_04237_librispeech_7729-102255-0030_ours1.wav,fake,1,valle,7.06,24000,1,339084,0ebd223c719d0c9d...
valle_04238_librispeech_908-157963-0027_ours.wav,fake/valle_04238_librispeech_908-157963-0027_ours.wav,fake,1,valle,5.18,24000,1,248524,e78dbcc6c285fe88...
valle_04239_librispeech_diversity_sample2_0.wav,fake/valle_04239_librispeech_diversity_sample2_0.wav,fake,1,valle,5.26,24000,1,252524,bba0368c6a409717...
valle_04240_librispeech_diversity_sample2_1.wav,fake/valle_04240_librispeech_diversity_sample2_1.wav,fake,1,valle,4.65,24000,1,223084,c77e8a492c9541a6...
valle_04241_valle2_hard_samples_0_valle.0.wav,fake/valle_04241_valle2_hard_samples_0_valle.0.wav,fake,1,valle,6.97,24000,1,669498,640d85c19c1be036...
valle_04242_valle2_hard_samples_0_valle.1.wav,fake/valle_04242_valle2_hard_samples_0_valle.1.wav,fake,1,valle,8.31,24000,1,797498,ce0c2dd5acb18514...
valle_04243_valle2_hard_samples_40_valle.0.wav,fake/valle_04243_valle2_hard_samples_40_valle.0.wav,fake,1,valle,4.63,24000,1,444218,a875f0631814b59d...
valle_04244_valle2_hard_samples_40_valle.1.wav,fake/valle_04244_valle2_hard_samples_40_valle.1.wav,fake,1,valle,4.07,24000,1,390458,4ea413649641b786...
valle_04245_valle2_hard_samples_42_valle.0.wav,fake/valle_04245_valle2_hard_samples_42_valle.0.wav,fake,1,valle,4.19,24000,1,401978,40d120ef9a6ef220...
valle_04246_valle2_hard_samples_42_valle.1.wav,fake/valle_04246_valle2_hard_samples_42_valle.1.wav,fake,1,valle,3.68,24000,1,353338,7678d39e9f9cd763...
valle_04247_valle2_hard_samples_46_valle.0.wav,fake/valle_04247_valle2_hard_samples_46_valle.0.wav,fake,1,valle,4.56,24000,1,437818,db36f7d5f6ce8c46...
valle_04248_valle2_hard_samples_46_valle.1.wav,fake/valle_04248_valle2_hard_samples_46_valle.1.wav,fake,1,valle,4.71,24000,1,451898,8898dda19fff93e8...
valle_04249_valle2_hard_samples_48_valle.0.wav,fake/valle_04249_valle2_hard_samples_48_valle.0.wav,fake,1,valle,6.23,24000,1,597818,b88b8e1662a12dcd...
valle_04250_valle2_hard_samples_48_valle.1.wav,fake/valle_04250_valle2_hard_samples_48_valle.1.wav,fake,1,valle,4.27,24000,1,409658,494ed00cbe3c12b2...
valle_04251_valle2_hard_samples_67_valle.0.wav,fake/valle_04251_valle2_hard_samples_67_valle.0.wav,fake,1,valle,11.08,24000,1,1063738,8228ece628150d1c...
valle_04252_valle2_hard_samples_67_valle.1.wav,fake/valle_04252_valle2_hard_samples_67_valle.1.wav,fake,1,valle,10.16,24000,1,975418,842eb6b4a7e82a18...
valle_04253_valle2_hard_samples_7_valle.0.wav,fake/valle_04253_valle2_hard_samples_7_valle.0.wav,fake,1,valle,5.41,24000,1,519738,850a9c281aef8fc1...
valle_04254_valle2_hard_samples_7_valle.1.wav,fake/valle_04254_valle2_hard_samples_7_valle.1.wav,fake,1,valle,5.53,24000,1,531258,38574eb808e8bb6e...
valle_04255_valle2_hard_samples_89_valle.0.wav,fake/valle_04255_valle2_hard_samples_89_valle.0.wav,fake,1,valle,12.01,24000,1,1153338,629586b1f187e38f...
valle_04256_valle2_hard_samples_89_valle.1.wav,fake/valle_04256_valle2_hard_samples_89_valle.1.wav,fake,1,valle,10.17,24000,1,976698,cda65ae5b12a544d...
valle_04257_valle2_librispeech_1216_conti_infer_valle.vocos_.0.wav,fake/valle_04257_valle2_librispeech_1216_conti_infer_valle.vocos_.0.wav,fake,1,valle,4.56,24000,1,437818,d2d2bed23d1a6d0d...
valle_04258_valle2_librispeech_1216_cross_infer_valle.vocos_.0.wav,fake/valle_04258_valle2_librispeech_1216_cross_infer_valle.vocos_.0.wav,fake,1,valle,4.16,24000,1,399418,e781a5cf43be80cf...
valle_04259_valle2_librispeech_1_conti_infer_valle.vocos_.0.wav,fake/valle_04259_valle2_librispeech_1_conti_infer_valle.vocos_.0.wav,fake,1,valle,5.11,24000,1,490298,31748ff56e465115...
valle_04260_valle2_librispeech_1_cross_infer_valle.vocos_.0.wav,fake/valle_04260_valle2_librispeech_1_cross_infer_valle.vocos_.0.wav,fake,1,valle,4.55,24000,1,436538,0eeca138a518965c...
valle_04261_valle2_librispeech_74_conti_infer_valle.vocos_.0.wav,fake/valle_04261_valle2_librispeech_74_conti_infer_valle.vocos_.0.wav,fake,1,valle,6.33,24000,1,608058,cb0952ba5c2cb71a...
valle_04262_valle2_librispeech_74_cross_infer_valle.vocos_.0.wav,fake/valle_04262_valle2_librispeech_74_cross_infer_valle.vocos_.0.wav,fake,1,valle,7.59,24000,1,728378,24b4fcaf9d477dfc...
valle_04263_valle2_librispeech_78_conti_infer_valle.vocos_.0.wav,fake/valle_04263_valle2_librispeech_78_conti_infer_valle.vocos_.0.wav,fake,1,valle,6.81,24000,1,654138,0c63ddd1aad7a87d...
valle_04264_valle2_librispeech_78_cross_infer_valle.vocos_.0.wav,fake/valle_04264_valle2_librispeech_78_cross_infer_valle.vocos_.0.wav,fake,1,valle,7.96,24000,1,764218,1232ac7c19f13a8a...
valle_04265_valle2_vctk_27_10s_valle.vocos_.0.wav,fake/valle_04265_valle2_vctk_27_10s_valle.vocos_.0.wav,fake,1,valle,3.6,24000,1,345658,225ca37680ebe82c...
valle_04266_valle2_vctk_27_3s_valle.vocos_.0.wav,fake/valle_04266_valle2_vctk_27_3s_valle.vocos_.0.wav,fake,1,valle,3.11,24000,1,298298,6dfeed76748b37c5...
valle_04267_valle2_vctk_27_5s_valle.vocos_.0.wav,fake/valle_04267_valle2_vctk_27_5s_valle.vocos_.0.wav,fake,1,valle,2.6,24000,1,249658,cea55a24831d6699...
valle_04268_valle2_vctk_28_10s_valle.vocos_.0.wav,fake/valle_04268_valle2_vctk_28_10s_valle.vocos_.0.wav,fake,1,valle,2.09,24000,1,201018,42f3726489037913...
valle_04269_valle2_vctk_28_3s_valle.vocos_.0.wav,fake/valle_04269_valle2_vctk_28_3s_valle.vocos_.0.wav,fake,1,valle,2.23,24000,1,213818,88230fca329fa0de...
valle_04270_valle2_vctk_28_5s_valle.vocos_.0.wav,fake/valle_04270_valle2_vctk_28_5s_valle.vocos_.0.wav,fake,1,valle,2.07,24000,1,198458,74d983a3b75951b9...
valle_04271_valle2_vctk_35_10s_valle.vocos_.0.wav,fake/valle_04271_valle2_vctk_35_10s_valle.vocos_.0.wav,fake,1,valle,3.25,24000,1,312378,ea1a0fcf1e0184fc...
valle_04272_valle2_vctk_35_3s_valle.vocos_.0.wav,fake/valle_04272_valle2_vctk_35_3s_valle.vocos_.0.wav,fake,1,valle,2.53,24000,1,243258,f9aa997cc39aae62...
valle_04273_valle2_vctk_35_5s_valle.vocos_.0.wav,fake/valle_04273_valle2_vctk_35_5s_valle.vocos_.0.wav,fake,1,valle,2.83,24000,1,271418,54f92bd2008e368d...
valle_04274_valle2_vctk_36_10s_valle.vocos_.0.wav,fake/valle_04274_valle2_vctk_36_10s_valle.vocos_.0.wav,fake,1,valle,1.89,24000,1,181818,ac9a93e43002c0a0...
valle_04275_valle2_vctk_36_3s_valle.vocos_.0.wav,fake/valle_04275_valle2_vctk_36_3s_valle.vocos_.0.wav,fake,1,valle,2.4,24000,1,230458,a13720cb75b91237...
valle_04276_valle2_vctk_36_5s_valle.vocos_.0.wav,fake/valle_04276_valle2_vctk_36_5s_valle.vocos_.0.wav,fake,1,valle,2.0,24000,1,192058,050e6b700faa8495...
valle_04277_valle2_vctk_46_10s_valle.vocos_.0.wav,fake/valle_04277_valle2_vctk_46_10s_valle.vocos_.0.wav,fake,1,valle,1.48,24000,1,142138,355ba49234f3d285...
valle_04278_valle2_vctk_46_3s_valle.vocos_.0.wav,fake/valle_04278_valle2_vctk_46_3s_valle.vocos_.0.wav,fake,1,valle,1.53,24000,1,147258,7b31c3de99bf5d78...
valle_04279_valle2_vctk_46_5s_valle.vocos_.0.wav,fake/valle_04279_valle2_vctk_46_5s_valle.vocos_.0.wav,fake,1,valle,2.04,24000,1,195898,b3ff9e4023420f38...
valle_04280_vctk_diversity_p226_s1.wav,fake/valle_04280_vctk_diversity_p226_s1.wav,fake,1,valle,1.47,24000,1,70444,38a8eeb37999ab30...
valle_04281_vctk_diversity_p226_s2.wav,fake/valle_04281_vctk_diversity_p226_s2.wav,fake,1,valle,2.92,24000,1,140204,ae20bca8a4f1c0ba...
valle_04282_vctk_diversity_p230_s1.wav,fake/valle_04282_vctk_diversity_p230_s1.wav,fake,1,valle,1.71,24000,1,81964,74b509d2042ad9bc...
valle_04283_vctk_diversity_p230_s2.wav,fake/valle_04283_vctk_diversity_p230_s2.wav,fake,1,valle,1.83,24000,1,87724,43736366a60ba065...
valle_04284_vctk_diversity_p246_s1.wav,fake/valle_04284_vctk_diversity_p246_s1.wav,fake,1,valle,1.27,24000,1,60844,72400a0942cdd682...
valle_04285_vctk_diversity_p246_s2.wav,fake/valle_04285_vctk_diversity_p246_s2.wav,fake,1,valle,1.92,24000,1,92204,6d42cb830d783c9d...
valle_04286_vctk_p233_ours.wav,fake/valle_04286_vctk_p233_ours.wav,fake,1,valle,3.09,24000,1,148524,bca2c06835578bfc...
valle_04287_vctk_p248_ours.wav,fake/valle_04287_vctk_p248_ours.wav,fake,1,valle,4.08,24000,1,195884,04deca99ec52fc98...
valle_04288_vctk_p254_ours.wav,fake/valle_04288_vctk_p254_ours.wav,fake,1,valle,2.99,24000,1,143404,2a35d01cad49d7b9...
valle_04289_vctk_p255_ours.wav,fake/valle_04289_vctk_p255_ours.wav,fake,1,valle,1.61,24000,1,77484,66d17564434160c8...
valle_04290_vctk_p256_ours.wav,fake/valle_04290_vctk_p256_ours.wav,fake,1,valle,3.29,24000,1,158124,28b71919bae92d8d...
valle_04291_vctk_p262_ours.wav,fake/valle_04291_vctk_p262_ours.wav,fake,1,valle,3.4,24000,1,163244,c30725d989844a02...
valle_04292_vctk_p263_ours.wav,fake/valle_04292_vctk_p263_ours.wav,fake,1,valle,1.85,24000,1,89004,44a3fb894feeb282...
valle_04293_vctk_p273_ours.wav,fake/valle_04293_vctk_p273_ours.wav,fake,1,valle,2.03,24000,1,97324,f612af23aea5d61b...
voicebox_04294_0.wav,fake/voicebox_04294_0.wav,fake,1,voicebox,16.28,16000,1,521004,95450d203bb1e4b8...
voicebox_04295_1.wav,fake/voicebox_04295_1.wav,fake,1,voicebox,26.33,16000,1,842604,0c7f318ba70e5871...
voicebox_04296_10.wav,fake/voicebox_04296_10.wav,fake,1,voicebox,15.56,16000,1,497964,1a2668713fb98a80...
voicebox_04297_100.wav,fake/voicebox_04297_100.wav,fake,1,voicebox,3.64,16000,1,116524,5a306e72faf6fc10...
voicebox_04298_101.wav,fake/voicebox_04298_101.wav,fake,1,voicebox,2.6,16000,1,83244,dc4b04f40c1eabd4...
voicebox_04299_102.wav,fake/voicebox_04299_102.wav,fake,1,voicebox,2.6,16000,1,83244,55e7ab88503b24fa...
voicebox_04300_103.wav,fake/voicebox_04300_103.wav,fake,1,voicebox,3.14,16000,1,100524,82929d0f997ca51c...
voicebox_04301_11.wav,fake/voicebox_04301_11.wav,fake,1,voicebox,8.72,16000,1,279084,eaff0f90b509d792...
voicebox_04302_12.wav,fake/voicebox_04302_12.wav,fake,1,voicebox,7.67,16000,1,245484,97a6c6b751b23f9a...
voicebox_04303_13.wav,fake/voicebox_04303_13.wav,fake,1,voicebox,3.94,16000,1,126124,174b2d9314ed091e...
voicebox_04304_14.wav,fake/voicebox_04304_14.wav,fake,1,voicebox,3.97,16000,1,127084,dea088b2f4983208...
voicebox_04305_15.wav,fake/voicebox_04305_15.wav,fake,1,voicebox,7.36,16000,1,235564,cf40fbe9eddc3b76...
voicebox_04306_16.wav,fake/voicebox_04306_16.wav,fake,1,voicebox,3.25,16000,1,104044,721b1e9132c5c176...
voicebox_04307_17.wav,fake/voicebox_04307_17.wav,fake,1,voicebox,6.64,16000,1,212524,b3b0ea18742caa02...
voicebox_04308_18.wav,fake/voicebox_04308_18.wav,fake,1,voicebox,4.45,16000,1,142444,90409ca61f96fa7b...
voicebox_04309_19.wav,fake/voicebox_04309_19.wav,fake,1,voicebox,4.29,16000,1,137324,92ebe615077f4102...
voicebox_04310_2.wav,fake/voicebox_04310_2.wav,fake,1,voicebox,9.39,16000,1,300524,80e5e986e5251059...
voicebox_04311_20.wav,fake/voicebox_04311_20.wav,fake,1,voicebox,5.31,16000,1,169964,5e5c348438b0286e...
voicebox_04312_21.wav,fake/voicebox_04312_21.wav,fake,1,voicebox,4.1,16000,1,131244,c7c19de39d7effee...
voicebox_04313_22.wav,fake/voicebox_04313_22.wav,fake,1,voicebox,10.72,16000,1,343084,3ba235bab8df7cd7...
voicebox_04314_23.wav,fake/voicebox_04314_23.wav,fake,1,voicebox,2.43,16000,1,77804,e2dcfa3e6f37251a...
voicebox_04315_24.wav,fake/voicebox_04315_24.wav,fake,1,voicebox,8.06,16000,1,257964,6a9a1bbe8bfa83a0...
voicebox_04316_25.wav,fake/voicebox_04316_25.wav,fake,1,voicebox,10.44,16000,1,334124,85eadf9b636f8e2d...
voicebox_04317_26.wav,fake/voicebox_04317_26.wav,fake,1,voicebox,14.27,16000,1,456684,423f5f4a1b695887...
voicebox_04318_27.wav,fake/voicebox_04318_27.wav,fake,1,voicebox,9.25,16000,1,296044,63e849a4850ec0a9...
voicebox_04319_28.wav,fake/voicebox_04319_28.wav,fake,1,voicebox,12.13,16000,1,388204,224cec76425e97ed...
voicebox_04320_29.wav,fake/voicebox_04320_29.wav,fake,1,voicebox,15.34,16000,1,490924,b7d79a32fc415aca...
voicebox_04321_3.wav,fake/voicebox_04321_3.wav,fake,1,voicebox,18.52,16000,1,592684,cab85631ff37227c...
voicebox_04322_30.wav,fake/voicebox_04322_30.wav,fake,1,voicebox,11.16,16000,1,357164,7a970cc6bfc6b8d2...
voicebox_04323_31.wav,fake/voicebox_04323_31.wav,fake,1,voicebox,18.05,16000,1,577644,ad95cfaf3b7778c0...
voicebox_04324_32.wav,fake/voicebox_04324_32.wav,fake,1,voicebox,7.91,16000,1,253164,44de2b7b15a5819e...
voicebox_04325_33.wav,fake/voicebox_04325_33.wav,fake,1,voicebox,12.89,16000,1,412524,db33c502835d2546...
voicebox_04326_34.wav,fake/voicebox_04326_34.wav,fake,1,voicebox,17.04,16000,1,545324,10b6900b1aa0d120...
voicebox_04327_35.wav,fake/voicebox_04327_35.wav,fake,1,voicebox,16.1,16000,1,515244,bf5f5b51c6d90421...
voicebox_04328_36.wav,fake/voicebox_04328_36.wav,fake,1,voicebox,11.46,16000,1,366764,dd6c493ea781084d...
voicebox_04329_37.wav,fake/voicebox_04329_37.wav,fake,1,voicebox,10.26,16000,1,328364,1837aeea95dc70c4...
voicebox_04330_38.wav,fake/voicebox_04330_38.wav,fake,1,voicebox,12.28,16000,1,393004,00e5b64dd8a17389...
voicebox_04331_39.wav,fake/voicebox_04331_39.wav,fake,1,voicebox,12.62,16000,1,403884,5359c74d34bf682d...
voicebox_04332_4.wav,fake/voicebox_04332_4.wav,fake,1,voicebox,13.93,16000,1,445804,bffc7db26d46a9c2...
voicebox_04333_40.wav,fake/voicebox_04333_40.wav,fake,1,voicebox,11.42,16000,1,365484,0c5ef43c59a9ef09...
voicebox_04334_41.wav,fake/voicebox_04334_41.wav,fake,1,voicebox,11.8,16000,1,377644,e47613dfefcfb691...
voicebox_04335_42.wav,fake/voicebox_04335_42.wav,fake,1,voicebox,7.04,16000,1,225324,8151c3640dc23897...
voicebox_04336_43.wav,fake/voicebox_04336_43.wav,fake,1,voicebox,13.14,16000,1,420524,645188a1ad696a22...
voicebox_04337_44.wav,fake/voicebox_04337_44.wav,fake,1,voicebox,9.71,16000,1,310764,c17285bed19d5a1c...
voicebox_04338_45.wav,fake/voicebox_04338_45.wav,fake,1,voicebox,8.69,16000,1,278124,2d634e81205d8351...
voicebox_04339_46.wav,fake/voicebox_04339_46.wav,fake,1,voicebox,14.66,16000,1,469164,33b64a36ac34bdda...
voicebox_04340_47.wav,fake/voicebox_04340_47.wav,fake,1,voicebox,11.46,16000,1,366764,8ce1c91cb8ad74fc...
voicebox_04341_48.wav,fake/voicebox_04341_48.wav,fake,1,voicebox,12.58,16000,1,402604,99acce8e46d98118...
voicebox_04342_49.wav,fake/voicebox_04342_49.wav,fake,1,voicebox,12.17,16000,1,389484,a27490a301016bd6...
voicebox_04343_5.wav,fake/voicebox_04343_5.wav,fake,1,voicebox,13.75,16000,1,440044,2c7cd2ce58299b86...
voicebox_04344_50.wav,fake/voicebox_04344_50.wav,fake,1,voicebox,13.64,16000,1,436524,8674c7d4c2d9e584...
voicebox_04345_51.wav,fake/voicebox_04345_51.wav,fake,1,voicebox,16.46,16000,1,526764,506c39f12828e69a...
voicebox_04346_52.wav,fake/voicebox_04346_52.wav,fake,1,voicebox,11.95,16000,1,382444,cd2146b673180dcd...
voicebox_04347_53.wav,fake/voicebox_04347_53.wav,fake,1,voicebox,13.32,16000,1,426284,dbc3fb83b4f1fc28...
voicebox_04348_54.wav,fake/voicebox_04348_54.wav,fake,1,voicebox,13.01,16000,1,416364,48812862f69586f9...
voicebox_04349_55.wav,fake/voicebox_04349_55.wav,fake,1,voicebox,12.2,16000,1,390444,23a3f61b7ea1d8a9...
voicebox_04350_56.wav,fake/voicebox_04350_56.wav,fake,1,voicebox,12.99,16000,1,415724,4897d2fa955c5864...
voicebox_04351_57.wav,fake/voicebox_04351_57.wav,fake,1,voicebox,8.54,16000,1,273324,24008d3833db7efc...
voicebox_04352_58.wav,fake/voicebox_04352_58.wav,fake,1,voicebox,10.35,16000,1,331244,a805a65b41693f42...
voicebox_04353_59.wav,fake/voicebox_04353_59.wav,fake,1,voicebox,10.84,16000,1,346924,f4b3f202f0d09317...
voicebox_04354_6.wav,fake/voicebox_04354_6.wav,fake,1,voicebox,15.67,16000,1,501484,f60ba59343e02b61...
voicebox_04355_60.wav,fake/voicebox_04355_60.wav,fake,1,voicebox,11.81,16000,1,377964,775fe9d0aeb65196...
voicebox_04356_61.wav,fake/voicebox_04356_61.wav,fake,1,voicebox,14.64,16000,1,468524,5fae314a0df764da...
voicebox_04357_62.wav,fake/voicebox_04357_62.wav,fake,1,voicebox,9.55,16000,1,305644,05d596dc493420ec...
voicebox_04358_63.wav,fake/voicebox_04358_63.wav,fake,1,voicebox,11.82,16000,1,378284,f338f2a58dd93c69...
voicebox_04359_64.wav,fake/voicebox_04359_64.wav,fake,1,voicebox,13.3,16000,1,425644,ff044ab53ba6f722...
voicebox_04360_65.wav,fake/voicebox_04360_65.wav,fake,1,voicebox,13.24,16000,1,423724,fd3a7adb7124d337...
voicebox_04361_66.wav,fake/voicebox_04361_66.wav,fake,1,voicebox,10.95,16000,1,350444,dbe132a36675628e...
voicebox_04362_67.wav,fake/voicebox_04362_67.wav,fake,1,voicebox,8.83,16000,1,282604,1a9019e5131c1954...
voicebox_04363_68.wav,fake/voicebox_04363_68.wav,fake,1,voicebox,12.58,16000,1,402604,0b1b8bdff0f0c5bd...
voicebox_04364_69.wav,fake/voicebox_04364_69.wav,fake,1,voicebox,8.92,16000,1,285484,d564172f384d97aa...
voicebox_04365_7.wav,fake/voicebox_04365_7.wav,fake,1,voicebox,13.21,16000,1,422764,fb5fc253dba08efd...
voicebox_04366_70.wav,fake/voicebox_04366_70.wav,fake,1,voicebox,11.93,16000,1,381804,77cb42f03f17dece...
voicebox_04367_71.wav,fake/voicebox_04367_71.wav,fake,1,voicebox,11.65,16000,1,372844,ef475c10e0362372...
voicebox_04368_72.wav,fake/voicebox_04368_72.wav,fake,1,voicebox,8.93,16000,1,285804,ec812e666f72c02d...
voicebox_04369_73.wav,fake/voicebox_04369_73.wav,fake,1,voicebox,12.07,16000,1,386284,7e1fac4e53c65773...
voicebox_04370_74.wav,fake/voicebox_04370_74.wav,fake,1,voicebox,8.17,16000,1,261484,e31a7fb4f0fbc5c7...
voicebox_04371_75.wav,fake/voicebox_04371_75.wav,fake,1,voicebox,8.56,16000,1,273964,6ac5a6d4e7e86c42...
voicebox_04372_76.wav,fake/voicebox_04372_76.wav,fake,1,voicebox,13.23,16000,1,423404,b4db211f8f22d55a...
voicebox_04373_77.wav,fake/voicebox_04373_77.wav,fake,1,voicebox,9.84,16000,1,314924,d1ce4d62bcf0783b...
voicebox_04374_78.wav,fake/voicebox_04374_78.wav,fake,1,voicebox,12.68,16000,1,405804,3f8c49702c941dc9...
voicebox_04375_79.wav,fake/voicebox_04375_79.wav,fake,1,voicebox,9.67,16000,1,309484,74593751b466323d...
voicebox_04376_8.wav,fake/voicebox_04376_8.wav,fake,1,voicebox,15.5,16000,1,496044,9a722e84a7844032...
voicebox_04377_80.wav,fake/voicebox_04377_80.wav,fake,1,voicebox,14.11,16000,1,451564,1f5b05a6a1f0cda0...
voicebox_04378_81.wav,fake/voicebox_04378_81.wav,fake,1,voicebox,13.41,16000,1,429164,ffcc0764c9b17213...
voicebox_04379_82.wav,fake/voicebox_04379_82.wav,fake,1,voicebox,13.76,16000,1,440364,8312ae38f8af0002...
voicebox_04380_83.wav,fake/voicebox_04380_83.wav,fake,1,voicebox,11.75,16000,1,376044,edbba1e6b7a9206f...
voicebox_04381_84.wav,fake/voicebox_04381_84.wav,fake,1,voicebox,11.66,16000,1,373164,418b5fea4fcd3a5c...
voicebox_04382_85.wav,fake/voicebox_04382_85.wav,fake,1,voicebox,13.55,16000,1,433644,2954486ca06d1509...
voicebox_04383_86.wav,fake/voicebox_04383_86.wav,fake,1,voicebox,6.65,16000,1,212844,efe54b26fd318c38...
voicebox_04384_87.wav,fake/voicebox_04384_87.wav,fake,1,voicebox,6.66,16000,1,213164,7ca37b5304c940cc...
voicebox_04385_88.wav,fake/voicebox_04385_88.wav,fake,1,voicebox,5.59,16000,1,178924,41c572a81aa27fe4...
voicebox_04386_89.wav,fake/voicebox_04386_89.wav,fake,1,voicebox,8.15,16000,1,260844,2f660403abc365b4...
voicebox_04387_9.wav,fake/voicebox_04387_9.wav,fake,1,voicebox,11.66,16000,1,373164,ee5560fd15538b20...
voicebox_04388_90.wav,fake/voicebox_04388_90.wav,fake,1,voicebox,5.17,16000,1,165484,3eeaed23417b882e...
voicebox_04389_91.wav,fake/voicebox_04389_91.wav,fake,1,voicebox,5.17,16000,1,165484,39c5c666914dcc26...
voicebox_04390_92.wav,fake/voicebox_04390_92.wav,fake,1,voicebox,6.16,16000,1,197164,a6b4c1227f1519f3...
voicebox_04391_93.wav,fake/voicebox_04391_93.wav,fake,1,voicebox,7.42,16000,1,237484,f4d6f0ade30ec5e7...
voicebox_04392_94.wav,fake/voicebox_04392_94.wav,fake,1,voicebox,6.42,16000,1,205484,faa7444104c69764...
voicebox_04393_95.wav,fake/voicebox_04393_95.wav,fake,1,voicebox,5.64,16000,1,180524,9244caf9f432ae2e...
voicebox_04394_96.wav,fake/voicebox_04394_96.wav,fake,1,voicebox,6.24,16000,1,199724,42aeb33ee8e4efa2...
voicebox_04395_97.wav,fake/voicebox_04395_97.wav,fake,1,voicebox,6.24,16000,1,199724,b11850d6ac437470...
voicebox_04396_98.wav,fake/voicebox_04396_98.wav,fake,1,voicebox,3.97,16000,1,127084,924b69421cfdbbce...
voicebox_04397_99.wav,fake/voicebox_04397_99.wav,fake,1,voicebox,2.72,16000,1,87084,0fa1da0448f2db19...
xtts_04398_1963_0.wav,fake/xtts_04398_1963_0.wav,fake,1,xtts,5.2,24000,1,249420,adc1f6d86a590a2c...
xtts_04399_1963_1.wav,fake/xtts_04399_1963_1.wav,fake,1,xtts,5.38,24000,1,258124,ff126738e6a7ac60...
xtts_04400_1963_10.wav,fake/xtts_04400_1963_10.wav,fake,1,xtts,5.29,24000,1,254028,e3005e8255c10c01...
xtts_04401_1963_11.wav,fake/xtts_04401_1963_11.wav,fake,1,xtts,6.12,24000,1,293964,0309ea9fa406dd3e...
xtts_04402_1963_12.wav,fake/xtts_04402_1963_12.wav,fake,1,xtts,7.15,24000,1,343116,2677564111ca4126...
xtts_04403_1963_13.wav,fake/xtts_04403_1963_13.wav,fake,1,xtts,5.89,24000,1,282700,78af7a199da097c4...
xtts_04404_1963_14.wav,fake/xtts_04404_1963_14.wav,fake,1,xtts,6.3,24000,1,302668,eb6ad3cf57394c26...
xtts_04405_1963_15.wav,fake/xtts_04405_1963_15.wav,fake,1,xtts,5.61,24000,1,269388,2de658a36e9f1506...
xtts_04406_1963_16.wav,fake/xtts_04406_1963_16.wav,fake,1,xtts,5.01,24000,1,240716,674c11a271da3820...
xtts_04407_1963_17.wav,fake/xtts_04407_1963_17.wav,fake,1,xtts,6.3,24000,1,302668,81cd940b0ebc8de0...
xtts_04408_1963_18.wav,fake/xtts_04408_1963_18.wav,fake,1,xtts,6.12,24000,1,293964,889c1639614301b3...
xtts_04409_1963_19.wav,fake/xtts_04409_1963_19.wav,fake,1,xtts,5.57,24000,1,267340,59301e26a08a83ad...
xtts_04410_1963_2.wav,fake/xtts_04410_1963_2.wav,fake,1,xtts,5.29,24000,1,254028,ba95f386409b7cde...
xtts_04411_1963_20.wav,fake/xtts_04411_1963_20.wav,fake,1,xtts,6.82,24000,1,327244,ed3a23c5ca2da5eb...
xtts_04412_1963_21.wav,fake/xtts_04412_1963_21.wav,fake,1,xtts,6.26,24000,1,300620,ad9a2f162fb06fbc...
xtts_04413_1963_22.wav,fake/xtts_04413_1963_22.wav,fake,1,xtts,6.82,24000,1,327244,f6456f91f87d1a64...
xtts_04414_1963_23.wav,fake/xtts_04414_1963_23.wav,fake,1,xtts,6.08,24000,1,291916,8e9ce52d81ef6563...
xtts_04415_1963_24.wav,fake/xtts_04415_1963_24.wav,fake,1,xtts,5.15,24000,1,247372,36c020a3818d2d43...
xtts_04416_1963_25.wav,fake/xtts_04416_1963_25.wav,fake,1,xtts,5.47,24000,1,262732,35b9540de375cc8a...
xtts_04417_1963_26.wav,fake/xtts_04417_1963_26.wav,fake,1,xtts,5.61,24000,1,269388,22782435d017a0f5...
xtts_04418_1963_27.wav,fake/xtts_04418_1963_27.wav,fake,1,xtts,5.29,24000,1,254028,4019f4e73cfb880b...
xtts_04419_1963_28.wav,fake/xtts_04419_1963_28.wav,fake,1,xtts,5.06,24000,1,242764,ea603b39b0a03611...
xtts_04420_1963_29.wav,fake/xtts_04420_1963_29.wav,fake,1,xtts,5.57,24000,1,267340,276d7a2c1d6dbdb9...
xtts_04421_1963_3.wav,fake/xtts_04421_1963_3.wav,fake,1,xtts,5.75,24000,1,276044,7cfdba8118bb7fc5...
xtts_04422_1963_30.wav,fake/xtts_04422_1963_30.wav,fake,1,xtts,5.52,24000,1,264780,71c8ef9c9c43bc09...
xtts_04423_1963_31.wav,fake/xtts_04423_1963_31.wav,fake,1,xtts,5.52,24000,1,264780,a53fada8e68351f9...
xtts_04424_1963_32.wav,fake/xtts_04424_1963_32.wav,fake,1,xtts,5.52,24000,1,264780,8f78c6425837c133...
xtts_04425_1963_33.wav,fake/xtts_04425_1963_33.wav,fake,1,xtts,7.94,24000,1,381004,3e72180bba7cd2ad...
xtts_04426_1963_34.wav,fake/xtts_04426_1963_34.wav,fake,1,xtts,4.59,24000,1,220236,ec29048fbcb10ddd...
xtts_04427_1963_35.wav,fake/xtts_04427_1963_35.wav,fake,1,xtts,7.05,24000,1,338508,91fca52a3c55c33b...
xtts_04428_1963_36.wav,fake/xtts_04428_1963_36.wav,fake,1,xtts,5.01,24000,1,240716,e5fbff1bed3183ce...
xtts_04429_1963_37.wav,fake/xtts_04429_1963_37.wav,fake,1,xtts,6.54,24000,1,313932,cdd12bd4178d1038...
xtts_04430_1963_38.wav,fake/xtts_04430_1963_38.wav,fake,1,xtts,4.96,24000,1,238156,1caf8a1783e31ccc...
xtts_04431_1963_39.wav,fake/xtts_04431_1963_39.wav,fake,1,xtts,5.57,24000,1,267340,50203581ce99bdb6...
xtts_04432_1963_4.wav,fake/xtts_04432_1963_4.wav,fake,1,xtts,6.03,24000,1,289356,44a0e0b6b1e9c49d...
xtts_04433_1963_40.wav,fake/xtts_04433_1963_40.wav,fake,1,xtts,4.92,24000,1,236108,24882a81ec3ff60d...
xtts_04434_1963_41.wav,fake/xtts_04434_1963_41.wav,fake,1,xtts,7.88,24000,1,378444,538f49219fdec2dc...
xtts_04435_1963_42.wav,fake/xtts_04435_1963_42.wav,fake,1,xtts,5.71,24000,1,273996,1f06542fa539e1c4...
xtts_04436_1963_43.wav,fake/xtts_04436_1963_43.wav,fake,1,xtts,6.36,24000,1,305228,426dfabfc67f160f...
xtts_04437_1963_44.wav,fake/xtts_04437_1963_44.wav,fake,1,xtts,5.29,24000,1,254028,fd7f414817ef1073...
xtts_04438_1963_45.wav,fake/xtts_04438_1963_45.wav,fake,1,xtts,5.89,24000,1,282700,5adabeb202bfb855...
xtts_04439_1963_46.wav,fake/xtts_04439_1963_46.wav,fake,1,xtts,7.19,24000,1,345164,3a8b842a2b7561c1...
xtts_04440_1963_47.wav,fake/xtts_04440_1963_47.wav,fake,1,xtts,5.71,24000,1,273996,c50bed59a89a8f71...
xtts_04441_1963_48.wav,fake/xtts_04441_1963_48.wav,fake,1,xtts,5.71,24000,1,273996,c2520b0ccf0d8daf...
xtts_04442_1963_49.wav,fake/xtts_04442_1963_49.wav,fake,1,xtts,7.52,24000,1,361036,830a790c4b339bc9...
xtts_04443_1963_5.wav,fake/xtts_04443_1963_5.wav,fake,1,xtts,5.29,24000,1,254028,f9ff235d880eed65...
xtts_04444_1963_6.wav,fake/xtts_04444_1963_6.wav,fake,1,xtts,4.92,24000,1,236108,6e178f3ce732ac46...
xtts_04445_1963_7.wav,fake/xtts_04445_1963_7.wav,fake,1,xtts,4.68,24000,1,224844,8c5e17a4c6a48609...
xtts_04446_1963_8.wav,fake/xtts_04446_1963_8.wav,fake,1,xtts,5.61,24000,1,269388,98090c1a2d558348...
xtts_04447_1963_9.wav,fake/xtts_04447_1963_9.wav,fake,1,xtts,6.5,24000,1,311884,257bf649c2e03193...
xtts_04448_1995_0.wav,fake/xtts_04448_1995_0.wav,fake,1,xtts,5.98,24000,1,287308,81cbc4c5409fe03e...
xtts_04449_1995_1.wav,fake/xtts_04449_1995_1.wav,fake,1,xtts,5.75,24000,1,276044,cf062d661c84b3d5...
xtts_04450_1995_10.wav,fake/xtts_04450_1995_10.wav,fake,1,xtts,6.77,24000,1,325196,740f6b70d0f53514...
xtts_04451_1995_11.wav,fake/xtts_04451_1995_11.wav,fake,1,xtts,7.01,24000,1,336460,3e234926ec96d996...
xtts_04452_1995_12.wav,fake/xtts_04452_1995_12.wav,fake,1,xtts,5.43,24000,1,260684,1ed4192407857946...
xtts_04453_1995_13.wav,fake/xtts_04453_1995_13.wav,fake,1,xtts,6.95,24000,1,333420,7c590c2e486b237e...
xtts_04454_1995_14.wav,fake/xtts_04454_1995_14.wav,fake,1,xtts,6.73,24000,1,323148,7336c07a0c0024fc...
xtts_04455_1995_15.wav,fake/xtts_04455_1995_15.wav,fake,1,xtts,6.17,24000,1,296012,48e60c43b5a429ee...
xtts_04456_1995_16.wav,fake/xtts_04456_1995_16.wav,fake,1,xtts,6.17,24000,1,296012,268c490173ccde65...
xtts_04457_1995_17.wav,fake/xtts_04457_1995_17.wav,fake,1,xtts,6.54,24000,1,313932,53999d295aa1e55b...
xtts_04458_1995_18.wav,fake/xtts_04458_1995_18.wav,fake,1,xtts,6.64,24000,1,318540,7946d52bbca1f80d...
xtts_04459_1995_19.wav,fake/xtts_04459_1995_19.wav,fake,1,xtts,5.29,24000,1,254028,a02c2add61bbbaf2...
xtts_04460_1995_2.wav,fake/xtts_04460_1995_2.wav,fake,1,xtts,4.82,24000,1,231500,aff8a7ba11e1c9a0...
xtts_04461_1995_20.wav,fake/xtts_04461_1995_20.wav,fake,1,xtts,8.82,24000,1,423500,e53f3ff7d1928880...
xtts_04462_1995_21.wav,fake/xtts_04462_1995_21.wav,fake,1,xtts,7.52,24000,1,361036,c18aba1c417b7328...
xtts_04463_1995_22.wav,fake/xtts_04463_1995_22.wav,fake,1,xtts,6.59,24000,1,316492,ab562ca310c331f3...
xtts_04464_1995_23.wav,fake/xtts_04464_1995_23.wav,fake,1,xtts,4.92,24000,1,236108,80eb5c8d25153a59...
xtts_04465_1995_24.wav,fake/xtts_04465_1995_24.wav,fake,1,xtts,7.15,24000,1,343116,27bc67ab74609910...
xtts_04466_1995_25.wav,fake/xtts_04466_1995_25.wav,fake,1,xtts,7.29,24000,1,349772,a3ed2db1934bcc7c...
xtts_04467_1995_26.wav,fake/xtts_04467_1995_26.wav,fake,1,xtts,6.36,24000,1,305228,504c27362c7a8012...
xtts_04468_1995_27.wav,fake/xtts_04468_1995_27.wav,fake,1,xtts,6.12,24000,1,293964,8dd7c36ab0e5ad49...
xtts_04469_1995_28.wav,fake/xtts_04469_1995_28.wav,fake,1,xtts,6.17,24000,1,296012,bfb5eb3583a9a449...
xtts_04470_1995_29.wav,fake/xtts_04470_1995_29.wav,fake,1,xtts,6.3,24000,1,302668,c2364dc2407acb15...
xtts_04471_1995_3.wav,fake/xtts_04471_1995_3.wav,fake,1,xtts,6.87,24000,1,329804,5da75edcc09ae603...
xtts_04472_1995_30.wav,fake/xtts_04472_1995_30.wav,fake,1,xtts,6.4,24000,1,307276,7719a7d8fda63e68...
xtts_04473_1995_31.wav,fake/xtts_04473_1995_31.wav,fake,1,xtts,6.36,24000,1,305228,cbebb9bbedfda2cf...
xtts_04474_1995_32.wav,fake/xtts_04474_1995_32.wav,fake,1,xtts,6.4,24000,1,307276,1eb208a07ca79c0d...
xtts_04475_1995_33.wav,fake/xtts_04475_1995_33.wav,fake,1,xtts,6.17,24000,1,296012,c809e79add1bd7f0...
xtts_04476_1995_34.wav,fake/xtts_04476_1995_34.wav,fake,1,xtts,6.17,24000,1,296012,3de6b48899171b94...
xtts_04477_1995_35.wav,fake/xtts_04477_1995_35.wav,fake,1,xtts,7.05,24000,1,338508,4b69eaa6c0bb6200...
xtts_04478_1995_36.wav,fake/xtts_04478_1995_36.wav,fake,1,xtts,7.56,24000,1,363084,f92bf252740c8734...
xtts_04479_1995_37.wav,fake/xtts_04479_1995_37.wav,fake,1,xtts,5.89,24000,1,282700,faa7a17070c25a18...
xtts_04480_1995_38.wav,fake/xtts_04480_1995_38.wav,fake,1,xtts,6.17,24000,1,296012,d509865debcfd682...
xtts_04481_1995_39.wav,fake/xtts_04481_1995_39.wav,fake,1,xtts,6.17,24000,1,296012,226b983d13102feb...
xtts_04482_1995_4.wav,fake/xtts_04482_1995_4.wav,fake,1,xtts,5.33,24000,1,256108,866a6f08683f3527...
xtts_04483_1995_40.wav,fake/xtts_04483_1995_40.wav,fake,1,xtts,7.01,24000,1,336460,d364fb000cddfe86...
xtts_04484_1995_41.wav,fake/xtts_04484_1995_41.wav,fake,1,xtts,7.15,24000,1,343116,5ebb1103dfe618ea...
xtts_04485_1995_42.wav,fake/xtts_04485_1995_42.wav,fake,1,xtts,7.15,24000,1,343116,4c8b42d6e4fc8be7...
xtts_04486_1995_43.wav,fake/xtts_04486_1995_43.wav,fake,1,xtts,5.29,24000,1,254028,e143f55132fd1a09...
xtts_04487_1995_44.wav,fake/xtts_04487_1995_44.wav,fake,1,xtts,7.24,24000,1,347724,a8a2033f1e79e0b3...
xtts_04488_1995_45.wav,fake/xtts_04488_1995_45.wav,fake,1,xtts,6.96,24000,1,333900,ac472194e7dfc21d...
xtts_04489_1995_46.wav,fake/xtts_04489_1995_46.wav,fake,1,xtts,6.73,24000,1,323148,c849a7d0f6819503...
xtts_04490_1995_47.wav,fake/xtts_04490_1995_47.wav,fake,1,xtts,7.19,24000,1,345164,d03a7e6835311bd0...
xtts_04491_1995_48.wav,fake/xtts_04491_1995_48.wav,fake,1,xtts,7.19,24000,1,345164,0c31479a7dac51f8...
xtts_04492_1995_49.wav,fake/xtts_04492_1995_49.wav,fake,1,xtts,7.8,24000,1,374348,8983bf8c4823602f...
xtts_04493_1995_5.wav,fake/xtts_04493_1995_5.wav,fake,1,xtts,6.44,24000,1,309324,5fbd0ce8c90b9b54...
xtts_04494_1995_6.wav,fake/xtts_04494_1995_6.wav,fake,1,xtts,6.59,24000,1,316492,5a44f627eb129b74...
xtts_04495_1995_7.wav,fake/xtts_04495_1995_7.wav,fake,1,xtts,5.75,24000,1,276044,2935648a49f9e9f6...
xtts_04496_1995_8.wav,fake/xtts_04496_1995_8.wav,fake,1,xtts,6.91,24000,1,331852,b295f494b52c182a...
xtts_04497_1995_9.wav,fake/xtts_04497_1995_9.wav,fake,1,xtts,6.25,24000,1,300140,933258cc612d6222...
xtts_04498_237_0.wav,fake/xtts_04498_237_0.wav,fake,1,xtts,4.5,24000,1,216140,510250b8baff984d...
xtts_04499_237_1.wav,fake/xtts_04499_237_1.wav,fake,1,xtts,5.57,24000,1,267340,6efc526682ca21ae...
xtts_04500_237_10.wav,fake/xtts_04500_237_10.wav,fake,1,xtts,4.54,24000,1,218188,2c6fadb3461f3b2f...
xtts_04501_237_11.wav,fake/xtts_04501_237_11.wav,fake,1,xtts,4.64,24000,1,222796,3345e3d776f22d4b...
xtts_04502_237_12.wav,fake/xtts_04502_237_12.wav,fake,1,xtts,3.89,24000,1,186956,6d0367d68d842240...
xtts_04503_237_13.wav,fake/xtts_04503_237_13.wav,fake,1,xtts,3.99,24000,1,191564,8b9cc6daf7279892...
xtts_04504_237_14.wav,fake/xtts_04504_237_14.wav,fake,1,xtts,4.5,24000,1,216140,b3cca79cb5df0307...
xtts_04505_237_15.wav,fake/xtts_04505_237_15.wav,fake,1,xtts,4.78,24000,1,229452,149ade0c92da314a...
xtts_04506_237_16.wav,fake/xtts_04506_237_16.wav,fake,1,xtts,4.45,24000,1,213580,4f24f4162fe01545...
xtts_04507_237_17.wav,fake/xtts_04507_237_17.wav,fake,1,xtts,3.94,24000,1,189004,0074f11879775434...
xtts_04508_237_18.wav,fake/xtts_04508_237_18.wav,fake,1,xtts,5.8,24000,1,278604,bc1f55b96fad121a...
xtts_04509_237_19.wav,fake/xtts_04509_237_19.wav,fake,1,xtts,4.86,24000,1,233548,7d590ec1379fb50e...
xtts_04510_237_2.wav,fake/xtts_04510_237_2.wav,fake,1,xtts,6.03,24000,1,289356,d62cafcaf6d0b301...
xtts_04511_237_20.wav,fake/xtts_04511_237_20.wav,fake,1,xtts,3.76,24000,1,180300,1b7cdaeadfd0ce95...
xtts_04512_237_21.wav,fake/xtts_04512_237_21.wav,fake,1,xtts,4.03,24000,1,193612,8375884bfa320aa7...
xtts_04513_237_22.wav,fake/xtts_04513_237_22.wav,fake,1,xtts,3.71,24000,1,178252,44fa00be717d1833...
xtts_04514_237_23.wav,fake/xtts_04514_237_23.wav,fake,1,xtts,4.17,24000,1,200268,5d8f6d4c0baf1c03...
xtts_04515_237_24.wav,fake/xtts_04515_237_24.wav,fake,1,xtts,5.33,24000,1,256076,a4997d96f8417580...
xtts_04516_237_25.wav,fake/xtts_04516_237_25.wav,fake,1,xtts,3.94,24000,1,189004,a25138cd2fe7047f...
xtts_04517_237_26.wav,fake/xtts_04517_237_26.wav,fake,1,xtts,5.75,24000,1,276044,32bb5576dad6dc97...
xtts_04518_237_27.wav,fake/xtts_04518_237_27.wav,fake,1,xtts,4.59,24000,1,220236,4626c4280d7c474f...
xtts_04519_237_28.wav,fake/xtts_04519_237_28.wav,fake,1,xtts,4.5,24000,1,216140,592d66527b50b090...
xtts_04520_237_29.wav,fake/xtts_04520_237_29.wav,fake,1,xtts,4.03,24000,1,193612,842c0ea609a4950d...
xtts_04521_237_3.wav,fake/xtts_04521_237_3.wav,fake,1,xtts,5.2,24000,1,249420,7e5751b7c988bed8...
xtts_04522_237_30.wav,fake/xtts_04522_237_30.wav,fake,1,xtts,5.52,24000,1,264780,cb56c6810e05d9c3...
xtts_04523_237_31.wav,fake/xtts_04523_237_31.wav,fake,1,xtts,5.43,24000,1,260684,54c9a5ede8b98d6a...
xtts_04524_237_32.wav,fake/xtts_04524_237_32.wav,fake,1,xtts,3.71,24000,1,178252,0d43e00dd910aa91...
xtts_04525_237_33.wav,fake/xtts_04525_237_33.wav,fake,1,xtts,4.59,24000,1,220236,aed74d231f46a6ac...
xtts_04526_237_34.wav,fake/xtts_04526_237_34.wav,fake,1,xtts,5.24,24000,1,251468,b6d7ddf8d5a065f5...
xtts_04527_237_35.wav,fake/xtts_04527_237_35.wav,fake,1,xtts,4.82,24000,1,231500,507bf6a5a90af029...
xtts_04528_237_36.wav,fake/xtts_04528_237_36.wav,fake,1,xtts,5.65,24000,1,271436,29903a1ea27e42ac...
xtts_04529_237_37.wav,fake/xtts_04529_237_37.wav,fake,1,xtts,5.24,24000,1,251468,ed8c1a1ce27a1e1f...
xtts_04530_237_38.wav,fake/xtts_04530_237_38.wav,fake,1,xtts,4.96,24000,1,238156,bdad6878f19fae4c...
xtts_04531_237_39.wav,fake/xtts_04531_237_39.wav,fake,1,xtts,4.54,24000,1,218188,1d971c6c6603fc2b...
xtts_04532_237_4.wav,fake/xtts_04532_237_4.wav,fake,1,xtts,4.27,24000,1,204876,2c8836304b422c0d...
xtts_04533_237_40.wav,fake/xtts_04533_237_40.wav,fake,1,xtts,4.54,24000,1,218188,352030183d0aed16...
xtts_04534_237_41.wav,fake/xtts_04534_237_41.wav,fake,1,xtts,5.43,24000,1,260684,70fb4327313a03a3...
xtts_04535_237_42.wav,fake/xtts_04535_237_42.wav,fake,1,xtts,5.29,24000,1,254028,e9ed7f4304f8a136...
xtts_04536_237_43.wav,fake/xtts_04536_237_43.wav,fake,1,xtts,5.75,24000,1,276044,3a04e719507c4c6a...
xtts_04537_237_44.wav,fake/xtts_04537_237_44.wav,fake,1,xtts,4.5,24000,1,216140,4b2786ca7e46b939...
xtts_04538_237_45.wav,fake/xtts_04538_237_45.wav,fake,1,xtts,4.13,24000,1,198220,21e04dbafe1ec4ca...
xtts_04539_237_46.wav,fake/xtts_04539_237_46.wav,fake,1,xtts,5.15,24000,1,247372,837b1ec769a3d7c3...
xtts_04540_237_47.wav,fake/xtts_04540_237_47.wav,fake,1,xtts,8.96,24000,1,430156,2689b580312c0818...
xtts_04541_237_48.wav,fake/xtts_04541_237_48.wav,fake,1,xtts,4.64,24000,1,222796,d4e7200bfc447c69...
xtts_04542_237_49.wav,fake/xtts_04542_237_49.wav,fake,1,xtts,5.71,24000,1,273996,a9912a8e7d152c33...
xtts_04543_237_5.wav,fake/xtts_04543_237_5.wav,fake,1,xtts,5.01,24000,1,240716,c65ec8dc3315466d...
xtts_04544_237_6.wav,fake/xtts_04544_237_6.wav,fake,1,xtts,5.57,24000,1,267340,25746930f24e02fe...
xtts_04545_237_7.wav,fake/xtts_04545_237_7.wav,fake,1,xtts,4.64,24000,1,222796,b3a6255bff20f49a...
xtts_04546_237_8.wav,fake/xtts_04546_237_8.wav,fake,1,xtts,5.15,24000,1,247372,4f2b967ca369497d...
xtts_04547_237_9.wav,fake/xtts_04547_237_9.wav,fake,1,xtts,4.73,24000,1,226892,b3a2319f5c0b4cf2...
xtts_04548_2391_0.wav,fake/xtts_04548_2391_0.wav,fake,1,xtts,5.06,24000,1,242764,6fc88a5ed383e18f...
xtts_04549_2391_1.wav,fake/xtts_04549_2391_1.wav,fake,1,xtts,6.08,24000,1,291916,e16878af5a74f2c1...
xtts_04550_2391_10.wav,fake/xtts_04550_2391_10.wav,fake,1,xtts,6.08,24000,1,291916,cd321018fb00f3ed...
xtts_04551_2391_11.wav,fake/xtts_04551_2391_11.wav,fake,1,xtts,6.03,24000,1,289356,4b5e462ae5fca076...
xtts_04552_2391_12.wav,fake/xtts_04552_2391_12.wav,fake,1,xtts,4.96,24000,1,238156,c2b32351206f5e6f...
xtts_04553_2391_13.wav,fake/xtts_04553_2391_13.wav,fake,1,xtts,5.47,24000,1,262732,b713b31541e8531d...
xtts_04554_2391_14.wav,fake/xtts_04554_2391_14.wav,fake,1,xtts,5.61,24000,1,269388,78cb09a6e709b2f3...
xtts_04555_2391_15.wav,fake/xtts_04555_2391_15.wav,fake,1,xtts,5.47,24000,1,262732,21373373df1103d2...
xtts_04556_2391_16.wav,fake/xtts_04556_2391_16.wav,fake,1,xtts,6.3,24000,1,302668,6e6251c9b778a0e2...
xtts_04557_2391_17.wav,fake/xtts_04557_2391_17.wav,fake,1,xtts,4.96,24000,1,238156,a1ddbafc2dfb287f...
xtts_04558_2391_18.wav,fake/xtts_04558_2391_18.wav,fake,1,xtts,5.33,24000,1,256076,c69b41d0534f384b...
xtts_04559_2391_19.wav,fake/xtts_04559_2391_19.wav,fake,1,xtts,6.22,24000,1,298572,509f04e0dd8898ab...
xtts_04560_2391_2.wav,fake/xtts_04560_2391_2.wav,fake,1,xtts,5.52,24000,1,264780,ea00eab439304ad6...
xtts_04561_2391_20.wav,fake/xtts_04561_2391_20.wav,fake,1,xtts,5.94,24000,1,285260,ae3b43e8545990ba...
xtts_04562_2391_21.wav,fake/xtts_04562_2391_21.wav,fake,1,xtts,6.08,24000,1,291916,ec8babe9f4fe0ef3...
xtts_04563_2391_22.wav,fake/xtts_04563_2391_22.wav,fake,1,xtts,7.09,24000,1,340556,5073b5e4876bc121...
xtts_04564_2391_23.wav,fake/xtts_04564_2391_23.wav,fake,1,xtts,6.03,24000,1,289356,65cdb95256506105...
xtts_04565_2391_24.wav,fake/xtts_04565_2391_24.wav,fake,1,xtts,5.94,24000,1,285260,37966473c7bad3cf...
xtts_04566_2391_25.wav,fake/xtts_04566_2391_25.wav,fake,1,xtts,6.4,24000,1,307276,33569a7c983a81ed...
xtts_04567_2391_26.wav,fake/xtts_04567_2391_26.wav,fake,1,xtts,7.09,24000,1,340556,d4cb8953f195a826...
xtts_04568_2391_27.wav,fake/xtts_04568_2391_27.wav,fake,1,xtts,5.15,24000,1,247372,031cfc5ebb0f36b4...
xtts_04569_2391_28.wav,fake/xtts_04569_2391_28.wav,fake,1,xtts,6.08,24000,1,291916,39b5d670965a34f1...
xtts_04570_2391_29.wav,fake/xtts_04570_2391_29.wav,fake,1,xtts,5.24,24000,1,251468,de9666023349b50f...
xtts_04571_2391_3.wav,fake/xtts_04571_2391_3.wav,fake,1,xtts,7.42,24000,1,356428,df70db83de2a5e8b...
xtts_04572_2391_30.wav,fake/xtts_04572_2391_30.wav,fake,1,xtts,6.87,24000,1,329804,ce90bac407e76d0b...
xtts_04573_2391_31.wav,fake/xtts_04573_2391_31.wav,fake,1,xtts,7.01,24000,1,336460,607eea3912dc727c...
xtts_04574_2391_32.wav,fake/xtts_04574_2391_32.wav,fake,1,xtts,5.29,24000,1,254028,b044f9848b2c8f5a...
xtts_04575_2391_33.wav,fake/xtts_04575_2391_33.wav,fake,1,xtts,5.8,24000,1,278604,4625c2c31369cb92...
xtts_04576_2391_34.wav,fake/xtts_04576_2391_34.wav,fake,1,xtts,6.22,24000,1,298572,cf78db4069f85f92...
xtts_04577_2391_35.wav,fake/xtts_04577_2391_35.wav,fake,1,xtts,5.75,24000,1,276044,593f317f570d045f...
xtts_04578_2391_36.wav,fake/xtts_04578_2391_36.wav,fake,1,xtts,6.03,24000,1,289356,a079631724f78bd7...
xtts_04579_2391_37.wav,fake/xtts_04579_2391_37.wav,fake,1,xtts,5.8,24000,1,278604,5f4d3410f276f204...
xtts_04580_2391_38.wav,fake/xtts_04580_2391_38.wav,fake,1,xtts,5.38,24000,1,258124,ce5e848c655842fd...
xtts_04581_2391_39.wav,fake/xtts_04581_2391_39.wav,fake,1,xtts,4.96,24000,1,238156,985bd687d33cf4c3...
xtts_04582_2391_4.wav,fake/xtts_04582_2391_4.wav,fake,1,xtts,5.85,24000,1,280652,60c543894691a0f9...
xtts_04583_2391_40.wav,fake/xtts_04583_2391_40.wav,fake,1,xtts,5.43,24000,1,260684,017d2b294a9e026e...
xtts_04584_2391_41.wav,fake/xtts_04584_2391_41.wav,fake,1,xtts,12.67,24000,1,608364,887b0c522bc97b18...
xtts_04585_2391_42.wav,fake/xtts_04585_2391_42.wav,fake,1,xtts,5.1,24000,1,244812,f9d9ded8b23f0e8c...
xtts_04586_2391_43.wav,fake/xtts_04586_2391_43.wav,fake,1,xtts,4.78,24000,1,229452,b5cfc8070352f285...
xtts_04587_2391_44.wav,fake/xtts_04587_2391_44.wav,fake,1,xtts,5.29,24000,1,254028,6267ed2f1c0c5715...
xtts_04588_2391_45.wav,fake/xtts_04588_2391_45.wav,fake,1,xtts,5.2,24000,1,249420,577c811b523178ec...
xtts_04589_2391_46.wav,fake/xtts_04589_2391_46.wav,fake,1,xtts,6.4,24000,1,307276,70af6d48072c09ee...
xtts_04590_2391_47.wav,fake/xtts_04590_2391_47.wav,fake,1,xtts,4.41,24000,1,211532,f36e53c04747f0bd...
xtts_04591_2391_48.wav,fake/xtts_04591_2391_48.wav,fake,1,xtts,5.29,24000,1,254028,c6858b19f47e9bfc...
xtts_04592_2391_49.wav,fake/xtts_04592_2391_49.wav,fake,1,xtts,5.33,24000,1,256076,dca562bae98985d9...
xtts_04593_2391_5.wav,fake/xtts_04593_2391_5.wav,fake,1,xtts,4.5,24000,1,216140,1839159a5413d9a8...
xtts_04594_2391_6.wav,fake/xtts_04594_2391_6.wav,fake,1,xtts,6.44,24000,1,309324,b46bbad9d569e48b...
xtts_04595_2391_7.wav,fake/xtts_04595_2391_7.wav,fake,1,xtts,6.4,24000,1,307276,b26afd1b458592b7...
xtts_04596_2391_8.wav,fake/xtts_04596_2391_8.wav,fake,1,xtts,5.01,24000,1,240716,c1f83521111e9243...
xtts_04597_2391_9.wav,fake/xtts_04597_2391_9.wav,fake,1,xtts,6.08,24000,1,291916,44b1415c7f31b454...
xtts_04598_2518_0.wav,fake/xtts_04598_2518_0.wav,fake,1,xtts,7.66,24000,1,367692,b63c5c7e4858d25e...
xtts_04599_2518_1.wav,fake/xtts_04599_2518_1.wav,fake,1,xtts,7.19,24000,1,345164,5caf4d708c01b538...
xtts_04600_2518_10.wav,fake/xtts_04600_2518_10.wav,fake,1,xtts,7.01,24000,1,336460,87538f33668153b6...
xtts_04601_2518_11.wav,fake/xtts_04601_2518_11.wav,fake,1,xtts,7.61,24000,1,365132,bd9924a88cc543d0...
xtts_04602_2518_12.wav,fake/xtts_04602_2518_12.wav,fake,1,xtts,7.52,24000,1,361036,231039100a4df3de...
xtts_04603_2518_13.wav,fake/xtts_04603_2518_13.wav,fake,1,xtts,8.03,24000,1,385612,8bb5d8fca1b33235...
xtts_04604_2518_14.wav,fake/xtts_04604_2518_14.wav,fake,1,xtts,7.84,24000,1,376396,73169127d11ce248...
xtts_04605_2518_15.wav,fake/xtts_04605_2518_15.wav,fake,1,xtts,7.56,24000,1,363084,a59ca5c958dd12dc...
xtts_04606_2518_16.wav,fake/xtts_04606_2518_16.wav,fake,1,xtts,7.09,24000,1,340556,5541dc68c78c83e2...
xtts_04607_2518_17.wav,fake/xtts_04607_2518_17.wav,fake,1,xtts,6.91,24000,1,331852,4d6a094b1fdd9d6b...
xtts_04608_2518_18.wav,fake/xtts_04608_2518_18.wav,fake,1,xtts,7.7,24000,1,369740,60f7973e09726a88...
xtts_04609_2518_19.wav,fake/xtts_04609_2518_19.wav,fake,1,xtts,8.26,24000,1,396364,b597576fc3d3e2c8...
xtts_04610_2518_2.wav,fake/xtts_04610_2518_2.wav,fake,1,xtts,8.91,24000,1,427596,cb557744853ca4de...
xtts_04611_2518_20.wav,fake/xtts_04611_2518_20.wav,fake,1,xtts,6.59,24000,1,316492,64715caed8c90625...
xtts_04612_2518_21.wav,fake/xtts_04612_2518_21.wav,fake,1,xtts,7.52,24000,1,361036,65eadc3876ec8415...
xtts_04613_2518_22.wav,fake/xtts_04613_2518_22.wav,fake,1,xtts,8.08,24000,1,387660,55839b4312ac0f95...
xtts_04614_2518_23.wav,fake/xtts_04614_2518_23.wav,fake,1,xtts,7.29,24000,1,349772,7edf2493ba5fec8f...
xtts_04615_2518_24.wav,fake/xtts_04615_2518_24.wav,fake,1,xtts,7.29,24000,1,349772,ebfee3408b4cc9b0...
xtts_04616_2518_25.wav,fake/xtts_04616_2518_25.wav,fake,1,xtts,7.7,24000,1,369740,f539f8b31be307d9...
xtts_04617_2518_26.wav,fake/xtts_04617_2518_26.wav,fake,1,xtts,7.56,24000,1,363084,65e5e5c5d4775550...
xtts_04618_2518_27.wav,fake/xtts_04618_2518_27.wav,fake,1,xtts,7.47,24000,1,358476,189c35b0379f9973...
xtts_04619_2518_28.wav,fake/xtts_04619_2518_28.wav,fake,1,xtts,8.17,24000,1,392268,2bf5775fd41b1ad7...
xtts_04620_2518_29.wav,fake/xtts_04620_2518_29.wav,fake,1,xtts,10.96,24000,1,525900,b6a59633d9ba10a0...
xtts_04621_2518_3.wav,fake/xtts_04621_2518_3.wav,fake,1,xtts,9.24,24000,1,443468,0ddbd2486dd6e52b...
xtts_04622_2518_30.wav,fake/xtts_04622_2518_30.wav,fake,1,xtts,7.15,24000,1,343116,2816c629dd124bb1...
xtts_04623_2518_31.wav,fake/xtts_04623_2518_31.wav,fake,1,xtts,8.86,24000,1,425548,e2b2d1868133e299...
xtts_04624_2518_32.wav,fake/xtts_04624_2518_32.wav,fake,1,xtts,8.26,24000,1,396364,8a58a98263f34ae5...
xtts_04625_2518_33.wav,fake/xtts_04625_2518_33.wav,fake,1,xtts,7.09,24000,1,340556,74d6e521c2a877e5...
xtts_04626_2518_34.wav,fake/xtts_04626_2518_34.wav,fake,1,xtts,7.52,24000,1,361036,b720a046aa478492...
xtts_04627_2518_35.wav,fake/xtts_04627_2518_35.wav,fake,1,xtts,8.4,24000,1,403020,95231f24eb700e76...
xtts_04628_2518_36.wav,fake/xtts_04628_2518_36.wav,fake,1,xtts,8.96,24000,1,430156,351c1fc4b2a9e325...
xtts_04629_2518_37.wav,fake/xtts_04629_2518_37.wav,fake,1,xtts,7.98,24000,1,383052,83b82a52612385a3...
xtts_04630_2518_38.wav,fake/xtts_04630_2518_38.wav,fake,1,xtts,7.7,24000,1,369740,f12d74885f5b7a35...
xtts_04631_2518_39.wav,fake/xtts_04631_2518_39.wav,fake,1,xtts,7.29,24000,1,349772,6682b5b1982aad01...
xtts_04632_2518_4.wav,fake/xtts_04632_2518_4.wav,fake,1,xtts,8.77,24000,1,420940,49586b729fc1e46e...
xtts_04633_2518_40.wav,fake/xtts_04633_2518_40.wav,fake,1,xtts,6.82,24000,1,327244,06e3a4d0b03dc2f8...
xtts_04634_2518_41.wav,fake/xtts_04634_2518_41.wav,fake,1,xtts,7.33,24000,1,351820,c704ad48b6858073...
xtts_04635_2518_42.wav,fake/xtts_04635_2518_42.wav,fake,1,xtts,7.52,24000,1,361036,8d85ae6ed781f912...
xtts_04636_2518_43.wav,fake/xtts_04636_2518_43.wav,fake,1,xtts,6.96,24000,1,333900,d23a5f736719fc92...
xtts_04637_2518_44.wav,fake/xtts_04637_2518_44.wav,fake,1,xtts,8.12,24000,1,389708,7ee2831f9af1a452...
xtts_04638_2518_45.wav,fake/xtts_04638_2518_45.wav,fake,1,xtts,7.84,24000,1,376396,2e2228839b0c561c...
xtts_04639_2518_46.wav,fake/xtts_04639_2518_46.wav,fake,1,xtts,6.73,24000,1,323148,3a1b466d5ab5a715...
xtts_04640_2518_47.wav,fake/xtts_04640_2518_47.wav,fake,1,xtts,7.33,24000,1,351820,4d00f6c382193b6b...
xtts_04641_2518_48.wav,fake/xtts_04641_2518_48.wav,fake,1,xtts,7.19,24000,1,345164,9855eb4260015606...
xtts_04642_2518_49.wav,fake/xtts_04642_2518_49.wav,fake,1,xtts,7.05,24000,1,338508,e6d3cd3d12a7fe59...
xtts_04643_2518_5.wav,fake/xtts_04643_2518_5.wav,fake,1,xtts,7.7,24000,1,369740,d36704bc43cc121f...
xtts_04644_2518_6.wav,fake/xtts_04644_2518_6.wav,fake,1,xtts,7.47,24000,1,358476,384f56e357d03d7e...
xtts_04645_2518_7.wav,fake/xtts_04645_2518_7.wav,fake,1,xtts,6.3,24000,1,302668,a9aa32a98b43264e...
xtts_04646_2518_8.wav,fake/xtts_04646_2518_8.wav,fake,1,xtts,7.38,24000,1,354380,75d247df35d191ca...
xtts_04647_2518_9.wav,fake/xtts_04647_2518_9.wav,fake,1,xtts,7.24,24000,1,347724,dcc2e57469ad5759...
xtts_04648_260_0.wav,fake/xtts_04648_260_0.wav,fake,1,xtts,6.82,24000,1,327244,8c89d20418c0ae4a...
xtts_04649_260_1.wav,fake/xtts_04649_260_1.wav,fake,1,xtts,6.26,24000,1,300620,b5bf709ccd5610c5...
xtts_04650_260_10.wav,fake/xtts_04650_260_10.wav,fake,1,xtts,6.3,24000,1,302668,14b9f12ae6b3f923...
xtts_04651_260_11.wav,fake/xtts_04651_260_11.wav,fake,1,xtts,5.98,24000,1,287308,c8ddc9ce7f834c98...
xtts_04652_260_12.wav,fake/xtts_04652_260_12.wav,fake,1,xtts,5.8,24000,1,278604,63301ea74d9ac400...
xtts_04653_260_13.wav,fake/xtts_04653_260_13.wav,fake,1,xtts,5.15,24000,1,247372,87cd8da68557c65e...
xtts_04654_260_14.wav,fake/xtts_04654_260_14.wav,fake,1,xtts,6.22,24000,1,298572,1f1653760bd3427f...
xtts_04655_260_15.wav,fake/xtts_04655_260_15.wav,fake,1,xtts,5.43,24000,1,260684,20fe78067891f8a7...
xtts_04656_260_16.wav,fake/xtts_04656_260_16.wav,fake,1,xtts,4.36,24000,1,209484,d60f4f19b1d50c48...
xtts_04657_260_17.wav,fake/xtts_04657_260_17.wav,fake,1,xtts,7.38,24000,1,354380,562fb96674c5191b...
xtts_04658_260_18.wav,fake/xtts_04658_260_18.wav,fake,1,xtts,6.73,24000,1,323148,c7861f9d0a5714bb...
xtts_04659_260_19.wav,fake/xtts_04659_260_19.wav,fake,1,xtts,6.73,24000,1,323148,6f8058e9976f5933...
xtts_04660_260_2.wav,fake/xtts_04660_260_2.wav,fake,1,xtts,5.29,24000,1,254028,8f45c8469ebf567b...
xtts_04661_260_20.wav,fake/xtts_04661_260_20.wav,fake,1,xtts,6.36,24000,1,305228,d75c2b48d4217617...
xtts_04662_260_21.wav,fake/xtts_04662_260_21.wav,fake,1,xtts,5.94,24000,1,285260,f3dc9884c5899a98...
xtts_04663_260_22.wav,fake/xtts_04663_260_22.wav,fake,1,xtts,5.98,24000,1,287308,8e59d3f7e3741026...
xtts_04664_260_23.wav,fake/xtts_04664_260_23.wav,fake,1,xtts,5.8,24000,1,278604,c5a09fd113beab28...
xtts_04665_260_24.wav,fake/xtts_04665_260_24.wav,fake,1,xtts,5.47,24000,1,262732,c613b6c7c032627a...
xtts_04666_260_25.wav,fake/xtts_04666_260_25.wav,fake,1,xtts,5.2,24000,1,249420,94f92dce7b5f9d7c...
xtts_04667_260_26.wav,fake/xtts_04667_260_26.wav,fake,1,xtts,5.8,24000,1,278604,5c8a616d550f5deb...
xtts_04668_260_27.wav,fake/xtts_04668_260_27.wav,fake,1,xtts,7.05,24000,1,338508,22e32309d123fc26...
xtts_04669_260_28.wav,fake/xtts_04669_260_28.wav,fake,1,xtts,6.44,24000,1,309324,4df4c9201fbc6cac...
xtts_04670_260_29.wav,fake/xtts_04670_260_29.wav,fake,1,xtts,5.24,24000,1,251468,62eeee2e3a369d95...
xtts_04671_260_3.wav,fake/xtts_04671_260_3.wav,fake,1,xtts,6.4,24000,1,307276,34b654e949065ef8...
xtts_04672_260_30.wav,fake/xtts_04672_260_30.wav,fake,1,xtts,5.47,24000,1,262732,3b6ed0fd32bab470...
xtts_04673_260_31.wav,fake/xtts_04673_260_31.wav,fake,1,xtts,6.3,24000,1,302668,703efa8e59326065...
xtts_04674_260_32.wav,fake/xtts_04674_260_32.wav,fake,1,xtts,5.15,24000,1,247372,d3302d81256c6ecf...
xtts_04675_260_33.wav,fake/xtts_04675_260_33.wav,fake,1,xtts,6.22,24000,1,298572,c0e2e713502d2e4c...
xtts_04676_260_34.wav,fake/xtts_04676_260_34.wav,fake,1,xtts,6.26,24000,1,300620,049585b91c7d7b25...
xtts_04677_260_35.wav,fake/xtts_04677_260_35.wav,fake,1,xtts,5.94,24000,1,285260,8a51ed89ce6286aa...
xtts_04678_260_36.wav,fake/xtts_04678_260_36.wav,fake,1,xtts,5.89,24000,1,282700,be115a5788d91ef1...
xtts_04679_260_37.wav,fake/xtts_04679_260_37.wav,fake,1,xtts,5.52,24000,1,264780,82c6bc1d9fb98d3f...
xtts_04680_260_38.wav,fake/xtts_04680_260_38.wav,fake,1,xtts,5.38,24000,1,258124,4e8a40c18107a352...
xtts_04681_260_39.wav,fake/xtts_04681_260_39.wav,fake,1,xtts,7.7,24000,1,369740,717081bf6dc79cd4...
xtts_04682_260_4.wav,fake/xtts_04682_260_4.wav,fake,1,xtts,5.57,24000,1,267340,3b55780606067fb4...
xtts_04683_260_40.wav,fake/xtts_04683_260_40.wav,fake,1,xtts,6.12,24000,1,293964,1887a305788fb85b...
xtts_04684_260_41.wav,fake/xtts_04684_260_41.wav,fake,1,xtts,6.08,24000,1,291916,9985a51397b5618c...
xtts_04685_260_42.wav,fake/xtts_04685_260_42.wav,fake,1,xtts,6.44,24000,1,309324,b2823dd8e1e61824...
xtts_04686_260_43.wav,fake/xtts_04686_260_43.wav,fake,1,xtts,5.52,24000,1,264780,12d3c26f7fbb0ef5...
xtts_04687_260_44.wav,fake/xtts_04687_260_44.wav,fake,1,xtts,5.71,24000,1,273996,3193f32669f6e1c9...
xtts_04688_260_45.wav,fake/xtts_04688_260_45.wav,fake,1,xtts,5.85,24000,1,280652,cd93886c9a58c55c...
xtts_04689_260_46.wav,fake/xtts_04689_260_46.wav,fake,1,xtts,5.8,24000,1,278604,108fd534dd956365...
xtts_04690_260_47.wav,fake/xtts_04690_260_47.wav,fake,1,xtts,5.65,24000,1,271436,f24ac67ba87ec871...
xtts_04691_260_48.wav,fake/xtts_04691_260_48.wav,fake,1,xtts,4.64,24000,1,222796,6cd29025c3db336e...
xtts_04692_260_49.wav,fake/xtts_04692_260_49.wav,fake,1,xtts,5.57,24000,1,267340,82b38a3bddaa97e1...
xtts_04693_260_5.wav,fake/xtts_04693_260_5.wav,fake,1,xtts,6.03,24000,1,289356,04c13b6f6d4b2d42...
xtts_04694_260_6.wav,fake/xtts_04694_260_6.wav,fake,1,xtts,6.64,24000,1,318540,3e026c202c759878...
xtts_04695_260_7.wav,fake/xtts_04695_260_7.wav,fake,1,xtts,6.68,24000,1,320588,c34803c7214da35b...
xtts_04696_260_8.wav,fake/xtts_04696_260_8.wav,fake,1,xtts,4.86,24000,1,233548,434cc6106349b82b...
xtts_04697_260_9.wav,fake/xtts_04697_260_9.wav,fake,1,xtts,6.12,24000,1,293964,878a81af740e169c...
xtts_04698_3526_0.wav,fake/xtts_04698_3526_0.wav,fake,1,xtts,5.89,24000,1,282700,02230433875eacf0...
xtts_04699_3526_1.wav,fake/xtts_04699_3526_1.wav,fake,1,xtts,5.71,24000,1,273996,daaa0291b83853bc...
xtts_04700_3526_10.wav,fake/xtts_04700_3526_10.wav,fake,1,xtts,5.1,24000,1,244812,20c2c2d63f3f0d06...
xtts_04701_3526_11.wav,fake/xtts_04701_3526_11.wav,fake,1,xtts,7.05,24000,1,338508,c2051a756fd7a406...
xtts_04702_3526_12.wav,fake/xtts_04702_3526_12.wav,fake,1,xtts,5.33,24000,1,256076,5675fecbd614edd8...
xtts_04703_3526_13.wav,fake/xtts_04703_3526_13.wav,fake,1,xtts,6.22,24000,1,298572,2e7bb1180f0ecd76...
xtts_04704_3526_14.wav,fake/xtts_04704_3526_14.wav,fake,1,xtts,6.64,24000,1,318540,688a7871cdebb9d5...
xtts_04705_3526_15.wav,fake/xtts_04705_3526_15.wav,fake,1,xtts,4.13,24000,1,198220,388da830386bf0c5...
xtts_04706_3526_16.wav,fake/xtts_04706_3526_16.wav,fake,1,xtts,6.64,24000,1,318540,3ed37a534f9fd1aa...
xtts_04707_3526_17.wav,fake/xtts_04707_3526_17.wav,fake,1,xtts,5.2,24000,1,249420,556bd9e02ee85565...
xtts_04708_3526_18.wav,fake/xtts_04708_3526_18.wav,fake,1,xtts,5.98,24000,1,287308,113960fa6aca8562...
xtts_04709_3526_19.wav,fake/xtts_04709_3526_19.wav,fake,1,xtts,5.52,24000,1,264780,e0f0cc49e2c42b11...
xtts_04710_3526_2.wav,fake/xtts_04710_3526_2.wav,fake,1,xtts,6.59,24000,1,316492,e8b1731d302ff963...
xtts_04711_3526_20.wav,fake/xtts_04711_3526_20.wav,fake,1,xtts,5.15,24000,1,247372,9a89f08ab581d2d7...
xtts_04712_3526_21.wav,fake/xtts_04712_3526_21.wav,fake,1,xtts,5.1,24000,1,244812,787b70199afa3b6e...
xtts_04713_3526_22.wav,fake/xtts_04713_3526_22.wav,fake,1,xtts,5.75,24000,1,276044,15c496e9e4459f0c...
xtts_04714_3526_23.wav,fake/xtts_04714_3526_23.wav,fake,1,xtts,5.57,24000,1,267340,fd23c34b012ec6b7...
xtts_04715_3526_24.wav,fake/xtts_04715_3526_24.wav,fake,1,xtts,6.08,24000,1,291916,1509f1da3a32cd90...
xtts_04716_3526_25.wav,fake/xtts_04716_3526_25.wav,fake,1,xtts,4.68,24000,1,224844,ad199b660b116db6...
xtts_04717_3526_26.wav,fake/xtts_04717_3526_26.wav,fake,1,xtts,6.22,24000,1,298572,38e929a519655d77...
xtts_04718_3526_27.wav,fake/xtts_04718_3526_27.wav,fake,1,xtts,4.96,24000,1,238156,50693a188b9f2610...
xtts_04719_3526_28.wav,fake/xtts_04719_3526_28.wav,fake,1,xtts,4.08,24000,1,195660,3b75171806e12d6c...
xtts_04720_3526_29.wav,fake/xtts_04720_3526_29.wav,fake,1,xtts,4.36,24000,1,209484,f25d937c5778e262...
xtts_04721_3526_3.wav,fake/xtts_04721_3526_3.wav,fake,1,xtts,5.43,24000,1,260684,1bbeac2732e14a66...
xtts_04722_3526_30.wav,fake/xtts_04722_3526_30.wav,fake,1,xtts,5.38,24000,1,258124,172c7d7e91ae03c4...
xtts_04723_3526_31.wav,fake/xtts_04723_3526_31.wav,fake,1,xtts,5.47,24000,1,262732,7000414338cea998...
xtts_04724_3526_32.wav,fake/xtts_04724_3526_32.wav,fake,1,xtts,4.96,24000,1,238156,260ca9098b203ed8...
xtts_04725_3526_33.wav,fake/xtts_04725_3526_33.wav,fake,1,xtts,5.2,24000,1,249420,569e241f386ff86f...
xtts_04726_3526_34.wav,fake/xtts_04726_3526_34.wav,fake,1,xtts,4.27,24000,1,204876,ec410335ecf68fe7...
xtts_04727_3526_35.wav,fake/xtts_04727_3526_35.wav,fake,1,xtts,4.45,24000,1,213580,706e78de596d6416...
xtts_04728_3526_36.wav,fake/xtts_04728_3526_36.wav,fake,1,xtts,4.31,24000,1,206924,d8bf9ee7113dc6a6...
xtts_04729_3526_37.wav,fake/xtts_04729_3526_37.wav,fake,1,xtts,4.92,24000,1,236108,2d39cffa05b50b9d...
xtts_04730_3526_38.wav,fake/xtts_04730_3526_38.wav,fake,1,xtts,4.5,24000,1,216140,4c1327aa46091f2a...
xtts_04731_3526_39.wav,fake/xtts_04731_3526_39.wav,fake,1,xtts,5.75,24000,1,276044,f24f19d0e2652f23...
xtts_04732_3526_4.wav,fake/xtts_04732_3526_4.wav,fake,1,xtts,5.52,24000,1,264780,797a04d347347f9a...
xtts_04733_3526_40.wav,fake/xtts_04733_3526_40.wav,fake,1,xtts,4.17,24000,1,200268,919af6c11b36eb1b...
xtts_04734_3526_41.wav,fake/xtts_04734_3526_41.wav,fake,1,xtts,5.94,24000,1,285260,fdc75a4adf55979f...
xtts_04735_3526_42.wav,fake/xtts_04735_3526_42.wav,fake,1,xtts,4.68,24000,1,224844,4b605a298690fa4e...
xtts_04736_3526_43.wav,fake/xtts_04736_3526_43.wav,fake,1,xtts,5.57,24000,1,267340,44ce844e39c32e3a...
xtts_04737_3526_44.wav,fake/xtts_04737_3526_44.wav,fake,1,xtts,6.08,24000,1,291916,a9fec66c2ac6215d...
xtts_04738_3526_45.wav,fake/xtts_04738_3526_45.wav,fake,1,xtts,5.47,24000,1,262732,f9daa4119fb87faf...
xtts_04739_3526_46.wav,fake/xtts_04739_3526_46.wav,fake,1,xtts,6.82,24000,1,327244,be1c1e2897eca944...
xtts_04740_3526_47.wav,fake/xtts_04740_3526_47.wav,fake,1,xtts,6.26,24000,1,300620,1fbb52b318a055ff...
xtts_04741_3526_48.wav,fake/xtts_04741_3526_48.wav,fake,1,xtts,5.47,24000,1,262732,8e347184de716814...
xtts_04742_3526_49.wav,fake/xtts_04742_3526_49.wav,fake,1,xtts,5.47,24000,1,262732,8bcafa717288100b...
xtts_04743_3526_5.wav,fake/xtts_04743_3526_5.wav,fake,1,xtts,5.75,24000,1,276044,c3fefbf7643d6931...
xtts_04744_3526_6.wav,fake/xtts_04744_3526_6.wav,fake,1,xtts,5.2,24000,1,249420,ca9c75214b191854...
xtts_04745_3526_7.wav,fake/xtts_04745_3526_7.wav,fake,1,xtts,5.98,24000,1,287308,d44b7c4533a5c7ad...
xtts_04746_3526_8.wav,fake/xtts_04746_3526_8.wav,fake,1,xtts,5.01,24000,1,240716,a11cf720557372eb...
xtts_04747_3526_9.wav,fake/xtts_04747_3526_9.wav,fake,1,xtts,5.29,24000,1,254028,8396be8317b13c01...
xtts_04748_4088_0.wav,fake/xtts_04748_4088_0.wav,fake,1,xtts,4.82,24000,1,231500,3baa3ebc6239d276...
xtts_04749_4088_1.wav,fake/xtts_04749_4088_1.wav,fake,1,xtts,4.59,24000,1,220236,efad189ede64e4a3...
xtts_04750_4088_10.wav,fake/xtts_04750_4088_10.wav,fake,1,xtts,6.73,24000,1,323148,5379ae9936fee001...
xtts_04751_4088_11.wav,fake/xtts_04751_4088_11.wav,fake,1,xtts,5.15,24000,1,247372,61823ce486fe8278...
xtts_04752_4088_12.wav,fake/xtts_04752_4088_12.wav,fake,1,xtts,4.86,24000,1,233548,c9bbe5090fe4b475...
xtts_04753_4088_13.wav,fake/xtts_04753_4088_13.wav,fake,1,xtts,5.38,24000,1,258124,3fad37fed378fb1f...
xtts_04754_4088_14.wav,fake/xtts_04754_4088_14.wav,fake,1,xtts,5.01,24000,1,240716,c9df0c8d6401ad57...
xtts_04755_4088_15.wav,fake/xtts_04755_4088_15.wav,fake,1,xtts,4.96,24000,1,238156,a3f05cdeafa45ed7...
xtts_04756_4088_16.wav,fake/xtts_04756_4088_16.wav,fake,1,xtts,5.43,24000,1,260684,f887efbef7985b6d...
xtts_04757_4088_17.wav,fake/xtts_04757_4088_17.wav,fake,1,xtts,5.61,24000,1,269388,8b8daa31fbbb05ec...
xtts_04758_4088_18.wav,fake/xtts_04758_4088_18.wav,fake,1,xtts,4.96,24000,1,238156,912139559684c335...
xtts_04759_4088_19.wav,fake/xtts_04759_4088_19.wav,fake,1,xtts,5.1,24000,1,244812,f61e70ee7badd9f8...
xtts_04760_4088_2.wav,fake/xtts_04760_4088_2.wav,fake,1,xtts,4.31,24000,1,206924,da34099e140b5d18...
xtts_04761_4088_20.wav,fake/xtts_04761_4088_20.wav,fake,1,xtts,4.13,24000,1,198220,51fe38ec123d3442...
xtts_04762_4088_21.wav,fake/xtts_04762_4088_21.wav,fake,1,xtts,5.71,24000,1,273996,583afb806e758b41...
xtts_04763_4088_22.wav,fake/xtts_04763_4088_22.wav,fake,1,xtts,4.92,24000,1,236108,1ee2669d10a09057...
xtts_04764_4088_23.wav,fake/xtts_04764_4088_23.wav,fake,1,xtts,4.36,24000,1,209484,7d07cc9d0deb2bcc...
xtts_04765_4088_24.wav,fake/xtts_04765_4088_24.wav,fake,1,xtts,4.59,24000,1,220236,0ac294ef68e3c13e...
xtts_04766_4088_25.wav,fake/xtts_04766_4088_25.wav,fake,1,xtts,4.41,24000,1,211532,2326802ac6615cf7...
xtts_04767_4088_26.wav,fake/xtts_04767_4088_26.wav,fake,1,xtts,4.92,24000,1,236108,9a76d95bdb5a67cc...
xtts_04768_4088_27.wav,fake/xtts_04768_4088_27.wav,fake,1,xtts,4.82,24000,1,231500,d8bb2113b8fc0aa5...
xtts_04769_4088_28.wav,fake/xtts_04769_4088_28.wav,fake,1,xtts,4.86,24000,1,233548,25bb3677908498f4...
xtts_04770_4088_29.wav,fake/xtts_04770_4088_29.wav,fake,1,xtts,5.38,24000,1,258124,84fd0d04fe848c87...
xtts_04771_4088_3.wav,fake/xtts_04771_4088_3.wav,fake,1,xtts,5.85,24000,1,280652,a7be0974674b9de1...
xtts_04772_4088_30.wav,fake/xtts_04772_4088_30.wav,fake,1,xtts,4.22,24000,1,202828,11805dbaddd62f04...
xtts_04773_4088_31.wav,fake/xtts_04773_4088_31.wav,fake,1,xtts,4.45,24000,1,213580,0d23d30371833ddd...
xtts_04774_4088_32.wav,fake/xtts_04774_4088_32.wav,fake,1,xtts,4.54,24000,1,218188,d4e8ceeea44802ce...
xtts_04775_4088_33.wav,fake/xtts_04775_4088_33.wav,fake,1,xtts,5.89,24000,1,282700,cb11bcf10f0bf002...
xtts_04776_4088_34.wav,fake/xtts_04776_4088_34.wav,fake,1,xtts,6.12,24000,1,293964,b4d58584805ad46c...
xtts_04777_4088_35.wav,fake/xtts_04777_4088_35.wav,fake,1,xtts,5.15,24000,1,247372,c77200002ec0bccc...
xtts_04778_4088_36.wav,fake/xtts_04778_4088_36.wav,fake,1,xtts,4.86,24000,1,233548,5032d6cf5e45fc74...
xtts_04779_4088_37.wav,fake/xtts_04779_4088_37.wav,fake,1,xtts,3.89,24000,1,186956,6af346116b3b2224...
xtts_04780_4088_38.wav,fake/xtts_04780_4088_38.wav,fake,1,xtts,4.5,24000,1,216140,6d26ce2b970b2b6b...
xtts_04781_4088_39.wav,fake/xtts_04781_4088_39.wav,fake,1,xtts,4.08,24000,1,195660,41cafa3dea97d7eb...
xtts_04782_4088_4.wav,fake/xtts_04782_4088_4.wav,fake,1,xtts,5.52,24000,1,264780,d5d232b64ae7ec2f...
xtts_04783_4088_40.wav,fake/xtts_04783_4088_40.wav,fake,1,xtts,4.96,24000,1,238156,a2bba1c2e4a1f4c5...
xtts_04784_4088_41.wav,fake/xtts_04784_4088_41.wav,fake,1,xtts,4.17,24000,1,200268,220a732426bfda18...
xtts_04785_4088_42.wav,fake/xtts_04785_4088_42.wav,fake,1,xtts,5.06,24000,1,242764,3c3691e355bce40e...
xtts_04786_4088_43.wav,fake/xtts_04786_4088_43.wav,fake,1,xtts,4.5,24000,1,216140,e420d527c0d0e388...
xtts_04787_4088_44.wav,fake/xtts_04787_4088_44.wav,fake,1,xtts,4.45,24000,1,213580,216b3b82abb63cd1...
xtts_04788_4088_45.wav,fake/xtts_04788_4088_45.wav,fake,1,xtts,5.43,24000,1,260684,1f98357b669f522d...
xtts_04789_4088_46.wav,fake/xtts_04789_4088_46.wav,fake,1,xtts,4.86,24000,1,233548,4504fa1efc073779...
xtts_04790_4088_47.wav,fake/xtts_04790_4088_47.wav,fake,1,xtts,4.45,24000,1,213580,ebec9d8b6a3375ae...
xtts_04791_4088_48.wav,fake/xtts_04791_4088_48.wav,fake,1,xtts,4.13,24000,1,198220,595f7cba0753dc0a...
xtts_04792_4088_49.wav,fake/xtts_04792_4088_49.wav,fake,1,xtts,4.41,24000,1,211532,a6aafc1c75b867a3...
xtts_04793_4088_5.wav,fake/xtts_04793_4088_5.wav,fake,1,xtts,5.1,24000,1,244812,4812a0d7342f166b...
xtts_04794_4088_6.wav,fake/xtts_04794_4088_6.wav,fake,1,xtts,4.17,24000,1,200268,0f99980a77ed60a8...
xtts_04795_4088_7.wav,fake/xtts_04795_4088_7.wav,fake,1,xtts,5.47,24000,1,262732,a5f83658382f128a...
xtts_04796_4088_8.wav,fake/xtts_04796_4088_8.wav,fake,1,xtts,4.64,24000,1,222796,4fbaeb59433faf12...
xtts_04797_4088_9.wav,fake/xtts_04797_4088_9.wav,fake,1,xtts,4.96,24000,1,238156,61788347e3942ab6...
xtts_04798_4214_0.wav,fake/xtts_04798_4214_0.wav,fake,1,xtts,4.78,24000,1,229452,3eb2e544ce73700b...
xtts_04799_4214_1.wav,fake/xtts_04799_4214_1.wav,fake,1,xtts,5.29,24000,1,254028,a20bea7ab8799c5f...
xtts_04800_4214_10.wav,fake/xtts_04800_4214_10.wav,fake,1,xtts,4.59,24000,1,220236,c9fc7d92565d6314...
xtts_04801_4214_11.wav,fake/xtts_04801_4214_11.wav,fake,1,xtts,4.68,24000,1,224844,015c0a9756b4aaf5...
xtts_04802_4214_12.wav,fake/xtts_04802_4214_12.wav,fake,1,xtts,5.43,24000,1,260684,2e7320aca67b0656...
xtts_04803_4214_13.wav,fake/xtts_04803_4214_13.wav,fake,1,xtts,4.31,24000,1,206924,7967a2ebdc9839ab...
xtts_04804_4214_14.wav,fake/xtts_04804_4214_14.wav,fake,1,xtts,5.61,24000,1,269388,b8e48fc7902f22d2...
xtts_04805_4214_15.wav,fake/xtts_04805_4214_15.wav,fake,1,xtts,5.85,24000,1,280652,9636c9c05aba7f05...
xtts_04806_4214_16.wav,fake/xtts_04806_4214_16.wav,fake,1,xtts,4.45,24000,1,213580,f4035d228ec8a598...
xtts_04807_4214_17.wav,fake/xtts_04807_4214_17.wav,fake,1,xtts,5.33,24000,1,256076,17939ca50dbb643f...
xtts_04808_4214_18.wav,fake/xtts_04808_4214_18.wav,fake,1,xtts,6.08,24000,1,291916,7eead105a867fc17...
xtts_04809_4214_19.wav,fake/xtts_04809_4214_19.wav,fake,1,xtts,5.43,24000,1,260684,04f700d77384c985...
xtts_04810_4214_2.wav,fake/xtts_04810_4214_2.wav,fake,1,xtts,4.31,24000,1,206924,b7c915c0f106a617...
xtts_04811_4214_20.wav,fake/xtts_04811_4214_20.wav,fake,1,xtts,4.73,24000,1,226892,10c0fca2f66b4592...
xtts_04812_4214_21.wav,fake/xtts_04812_4214_21.wav,fake,1,xtts,5.29,24000,1,254028,b5930102ad09a806...
xtts_04813_4214_22.wav,fake/xtts_04813_4214_22.wav,fake,1,xtts,4.78,24000,1,229452,77c62f585abead56...
xtts_04814_4214_23.wav,fake/xtts_04814_4214_23.wav,fake,1,xtts,4.82,24000,1,231500,42da5c1d13878ff7...
xtts_04815_4214_24.wav,fake/xtts_04815_4214_24.wav,fake,1,xtts,4.45,24000,1,213580,72f3feefc0d02d1a...
xtts_04816_4214_25.wav,fake/xtts_04816_4214_25.wav,fake,1,xtts,4.86,24000,1,233548,7771351143c98e98...
xtts_04817_4214_26.wav,fake/xtts_04817_4214_26.wav,fake,1,xtts,5.43,24000,1,260684,64ce00413ffcb32f...
xtts_04818_4214_27.wav,fake/xtts_04818_4214_27.wav,fake,1,xtts,3.94,24000,1,189004,70a207e97ba7733c...
xtts_04819_4214_28.wav,fake/xtts_04819_4214_28.wav,fake,1,xtts,3.66,24000,1,175692,b506e07997539416...
xtts_04820_4214_29.wav,fake/xtts_04820_4214_29.wav,fake,1,xtts,4.5,24000,1,216140,012b138547912d8d...
xtts_04821_4214_3.wav,fake/xtts_04821_4214_3.wav,fake,1,xtts,4.03,24000,1,193612,179bcd0e30a35ba6...
xtts_04822_4214_30.wav,fake/xtts_04822_4214_30.wav,fake,1,xtts,4.17,24000,1,200268,6487a919cbb28a9d...
xtts_04823_4214_31.wav,fake/xtts_04823_4214_31.wav,fake,1,xtts,4.31,24000,1,206924,20becb29bbfa3ec8...
xtts_04824_4214_32.wav,fake/xtts_04824_4214_32.wav,fake,1,xtts,5.2,24000,1,249420,870cc39376bf9204...
xtts_04825_4214_33.wav,fake/xtts_04825_4214_33.wav,fake,1,xtts,3.29,24000,1,157772,3ca87b5a86d95829...
xtts_04826_4214_34.wav,fake/xtts_04826_4214_34.wav,fake,1,xtts,4.78,24000,1,229452,e3fece8dfedc9639...
xtts_04827_4214_35.wav,fake/xtts_04827_4214_35.wav,fake,1,xtts,3.99,24000,1,191564,96b3942762f138f9...
xtts_04828_4214_36.wav,fake/xtts_04828_4214_36.wav,fake,1,xtts,5.52,24000,1,264780,7addc1471b0334ce...
xtts_04829_4214_37.wav,fake/xtts_04829_4214_37.wav,fake,1,xtts,4.86,24000,1,233548,b67600333bb7f7ce...
xtts_04830_4214_38.wav,fake/xtts_04830_4214_38.wav,fake,1,xtts,4.73,24000,1,226892,e2cb305ece4a4e80...
xtts_04831_4214_39.wav,fake/xtts_04831_4214_39.wav,fake,1,xtts,4.96,24000,1,238156,77d070bc5780600e...
xtts_04832_4214_4.wav,fake/xtts_04832_4214_4.wav,fake,1,xtts,4.5,24000,1,216140,5da901a8c1b7bc12...
xtts_04833_4214_40.wav,fake/xtts_04833_4214_40.wav,fake,1,xtts,4.86,24000,1,233548,fd0f381a0dfba620...
xtts_04834_4214_41.wav,fake/xtts_04834_4214_41.wav,fake,1,xtts,5.43,24000,1,260684,8188565e65902811...
xtts_04835_4214_42.wav,fake/xtts_04835_4214_42.wav,fake,1,xtts,3.66,24000,1,175692,0fe9029c70783e15...
xtts_04836_4214_43.wav,fake/xtts_04836_4214_43.wav,fake,1,xtts,4.45,24000,1,213580,3069bb40c6e7d545...
xtts_04837_4214_44.wav,fake/xtts_04837_4214_44.wav,fake,1,xtts,5.38,24000,1,258124,881221facadee371...
xtts_04838_4214_45.wav,fake/xtts_04838_4214_45.wav,fake,1,xtts,4.64,24000,1,222796,8abe656c43ae6c5f...
xtts_04839_4214_46.wav,fake/xtts_04839_4214_46.wav,fake,1,xtts,5.1,24000,1,244812,6f3a6c4c51b73494...
xtts_04840_4214_47.wav,fake/xtts_04840_4214_47.wav,fake,1,xtts,4.64,24000,1,222796,717e010fb3f0bde9...
xtts_04841_4214_48.wav,fake/xtts_04841_4214_48.wav,fake,1,xtts,4.54,24000,1,218188,5bbb610a087b0de6...
xtts_04842_4214_49.wav,fake/xtts_04842_4214_49.wav,fake,1,xtts,4.68,24000,1,224844,5295bc29ba04bf3a...
xtts_04843_4214_5.wav,fake/xtts_04843_4214_5.wav,fake,1,xtts,4.92,24000,1,236108,66e20a8fb69d701d...
xtts_04844_4214_6.wav,fake/xtts_04844_4214_6.wav,fake,1,xtts,4.36,24000,1,209484,eb5fb8ee83c3003d...
xtts_04845_4214_7.wav,fake/xtts_04845_4214_7.wav,fake,1,xtts,4.73,24000,1,226892,5692b8b10f0d20e2...
xtts_04846_4214_8.wav,fake/xtts_04846_4214_8.wav,fake,1,xtts,4.86,24000,1,233548,665e65991600073c...
xtts_04847_4214_9.wav,fake/xtts_04847_4214_9.wav,fake,1,xtts,4.68,24000,1,224844,44303bcce6f9d7ff...
xtts_04848_4446_0.wav,fake/xtts_04848_4446_0.wav,fake,1,xtts,5.01,24000,1,240716,b7db1d6be6c5123d...
xtts_04849_4446_1.wav,fake/xtts_04849_4446_1.wav,fake,1,xtts,4.5,24000,1,216140,e0dd54d0c08e3c0d...
xtts_04850_4446_10.wav,fake/xtts_04850_4446_10.wav,fake,1,xtts,5.33,24000,1,256076,b60f4664701663cf...
xtts_04851_4446_11.wav,fake/xtts_04851_4446_11.wav,fake,1,xtts,4.96,24000,1,238156,4e3d26fcef536038...
xtts_04852_4446_12.wav,fake/xtts_04852_4446_12.wav,fake,1,xtts,6.08,24000,1,291916,335dfc825638abcd...
xtts_04853_4446_13.wav,fake/xtts_04853_4446_13.wav,fake,1,xtts,4.41,24000,1,211532,f1be84cbc34eda7e...
xtts_04854_4446_14.wav,fake/xtts_04854_4446_14.wav,fake,1,xtts,5.01,24000,1,240716,0a8ee16197058356...
xtts_04855_4446_15.wav,fake/xtts_04855_4446_15.wav,fake,1,xtts,5.47,24000,1,262732,35ae0d5ca37490b7...
xtts_04856_4446_16.wav,fake/xtts_04856_4446_16.wav,fake,1,xtts,5.98,24000,1,287308,1e901a966a15e2de...
xtts_04857_4446_17.wav,fake/xtts_04857_4446_17.wav,fake,1,xtts,4.64,24000,1,222796,dc0bb1411edcee80...
xtts_04858_4446_18.wav,fake/xtts_04858_4446_18.wav,fake,1,xtts,5.85,24000,1,280652,e978c9d6ef3a5226...
xtts_04859_4446_19.wav,fake/xtts_04859_4446_19.wav,fake,1,xtts,4.5,24000,1,216140,1d38b00f9d58b416...
xtts_04860_4446_2.wav,fake/xtts_04860_4446_2.wav,fake,1,xtts,4.64,24000,1,222796,c35b35cef96d6185...
xtts_04861_4446_20.wav,fake/xtts_04861_4446_20.wav,fake,1,xtts,5.1,24000,1,244812,6d31a244ee6b09bc...
xtts_04862_4446_21.wav,fake/xtts_04862_4446_21.wav,fake,1,xtts,4.82,24000,1,231500,ed08fa66367a3161...
xtts_04863_4446_22.wav,fake/xtts_04863_4446_22.wav,fake,1,xtts,5.2,24000,1,249420,45446a02785185f6...
xtts_04864_4446_23.wav,fake/xtts_04864_4446_23.wav,fake,1,xtts,5.38,24000,1,258124,6951ca1383c77217...
xtts_04865_4446_24.wav,fake/xtts_04865_4446_24.wav,fake,1,xtts,5.1,24000,1,244812,928286b130aa1e1f...
xtts_04866_4446_25.wav,fake/xtts_04866_4446_25.wav,fake,1,xtts,4.36,24000,1,209484,ba6ddabac0d0c6c9...
xtts_04867_4446_26.wav,fake/xtts_04867_4446_26.wav,fake,1,xtts,5.8,24000,1,278604,f1bc20092a9b230d...
xtts_04868_4446_27.wav,fake/xtts_04868_4446_27.wav,fake,1,xtts,6.17,24000,1,296012,859e7ac1ed5f4e1a...
xtts_04869_4446_28.wav,fake/xtts_04869_4446_28.wav,fake,1,xtts,5.33,24000,1,256076,678c7ff3d844439e...
xtts_04870_4446_29.wav,fake/xtts_04870_4446_29.wav,fake,1,xtts,5.06,24000,1,242764,dd57eed08dc69bb1...
xtts_04871_4446_3.wav,fake/xtts_04871_4446_3.wav,fake,1,xtts,4.73,24000,1,226892,1f9c5edf1a2e2076...
xtts_04872_4446_30.wav,fake/xtts_04872_4446_30.wav,fake,1,xtts,4.54,24000,1,218188,6c15d0a89f9b8b4e...
xtts_04873_4446_31.wav,fake/xtts_04873_4446_31.wav,fake,1,xtts,5.2,24000,1,249420,dc3ebf5689dc7b34...
xtts_04874_4446_32.wav,fake/xtts_04874_4446_32.wav,fake,1,xtts,5.15,24000,1,247372,41f446ce31355013...
xtts_04875_4446_33.wav,fake/xtts_04875_4446_33.wav,fake,1,xtts,4.54,24000,1,218188,07ae8fcb091132a8...
xtts_04876_4446_34.wav,fake/xtts_04876_4446_34.wav,fake,1,xtts,6.17,24000,1,296012,12b90b320c4fa84f...
xtts_04877_4446_35.wav,fake/xtts_04877_4446_35.wav,fake,1,xtts,5.75,24000,1,276044,0dcba9692f2c53ae...
xtts_04878_4446_36.wav,fake/xtts_04878_4446_36.wav,fake,1,xtts,4.82,24000,1,231500,158d71eca42ce021...
xtts_04879_4446_37.wav,fake/xtts_04879_4446_37.wav,fake,1,xtts,5.61,24000,1,269388,8268592c42c67135...
xtts_04880_4446_38.wav,fake/xtts_04880_4446_38.wav,fake,1,xtts,4.92,24000,1,236108,f2861780b020cf60...
xtts_04881_4446_39.wav,fake/xtts_04881_4446_39.wav,fake,1,xtts,4.68,24000,1,224844,1a198c06eb8b516c...
xtts_04882_4446_4.wav,fake/xtts_04882_4446_4.wav,fake,1,xtts,5.01,24000,1,240716,2dbde1cb4cb08ae8...
xtts_04883_4446_40.wav,fake/xtts_04883_4446_40.wav,fake,1,xtts,5.33,24000,1,256076,5404ecbd07dc1431...
xtts_04884_4446_41.wav,fake/xtts_04884_4446_41.wav,fake,1,xtts,4.96,24000,1,238156,31ddfe956381bf46...
xtts_04885_4446_42.wav,fake/xtts_04885_4446_42.wav,fake,1,xtts,5.01,24000,1,240716,41c038249474c308...
xtts_04886_4446_43.wav,fake/xtts_04886_4446_43.wav,fake,1,xtts,5.01,24000,1,240716,67df4d2a052357ec...
xtts_04887_4446_44.wav,fake/xtts_04887_4446_44.wav,fake,1,xtts,4.59,24000,1,220236,d64242855feb7cd5...
xtts_04888_4446_45.wav,fake/xtts_04888_4446_45.wav,fake,1,xtts,5.29,24000,1,254028,539a00837a8c0f6e...
xtts_04889_4446_46.wav,fake/xtts_04889_4446_46.wav,fake,1,xtts,4.78,24000,1,229452,1fdfa0438dafdaec...
xtts_04890_4446_47.wav,fake/xtts_04890_4446_47.wav,fake,1,xtts,4.73,24000,1,226892,0ccff4ec10af412b...
xtts_04891_4446_48.wav,fake/xtts_04891_4446_48.wav,fake,1,xtts,4.13,24000,1,198220,00efdb3032b251f2...
xtts_04892_4446_49.wav,fake/xtts_04892_4446_49.wav,fake,1,xtts,5.43,24000,1,260684,952f7ea2f02a6dc0...
xtts_04893_4446_5.wav,fake/xtts_04893_4446_5.wav,fake,1,xtts,5.06,24000,1,242764,7aa5dc71c32523f8...
xtts_04894_4446_6.wav,fake/xtts_04894_4446_6.wav,fake,1,xtts,5.06,24000,1,242764,9595bdf02019ae71...
xtts_04895_4446_7.wav,fake/xtts_04895_4446_7.wav,fake,1,xtts,5.57,24000,1,267340,dd5de66075ac81d9...
xtts_04896_4446_8.wav,fake/xtts_04896_4446_8.wav,fake,1,xtts,5.1,24000,1,244812,900b83636d313f9b...
xtts_04897_4446_9.wav,fake/xtts_04897_4446_9.wav,fake,1,xtts,5.33,24000,1,256076,22acf384264e459e...
xtts_04898_6829_0.wav,fake/xtts_04898_6829_0.wav,fake,1,xtts,4.86,24000,1,233548,078e5ec2d20994e6...
xtts_04899_6829_1.wav,fake/xtts_04899_6829_1.wav,fake,1,xtts,4.78,24000,1,229452,0ff0362ece9189f9...
xtts_04900_6829_10.wav,fake/xtts_04900_6829_10.wav,fake,1,xtts,5.43,24000,1,260684,09a003939b5f086d...
xtts_04901_6829_11.wav,fake/xtts_04901_6829_11.wav,fake,1,xtts,4.86,24000,1,233548,f424b087174e1ca9...
xtts_04902_6829_12.wav,fake/xtts_04902_6829_12.wav,fake,1,xtts,4.73,24000,1,226892,8e7361453c703bfd...
xtts_04903_6829_13.wav,fake/xtts_04903_6829_13.wav,fake,1,xtts,5.57,24000,1,267340,ae3b245d8577a5a2...
xtts_04904_6829_14.wav,fake/xtts_04904_6829_14.wav,fake,1,xtts,4.96,24000,1,238156,a91e391a96253b19...
xtts_04905_6829_15.wav,fake/xtts_04905_6829_15.wav,fake,1,xtts,4.41,24000,1,211532,78e6184149f63b12...
xtts_04906_6829_16.wav,fake/xtts_04906_6829_16.wav,fake,1,xtts,4.96,24000,1,238156,a7fe193f16996639...
xtts_04907_6829_17.wav,fake/xtts_04907_6829_17.wav,fake,1,xtts,5.1,24000,1,244812,629f4af2add3f137...
xtts_04908_6829_18.wav,fake/xtts_04908_6829_18.wav,fake,1,xtts,5.33,24000,1,256076,40669de1daef50e4...
xtts_04909_6829_19.wav,fake/xtts_04909_6829_19.wav,fake,1,xtts,5.65,24000,1,271436,65fec3d70e68ec4d...
xtts_04910_6829_2.wav,fake/xtts_04910_6829_2.wav,fake,1,xtts,5.29,24000,1,254028,c4a57dfa92ff768e...
xtts_04911_6829_20.wav,fake/xtts_04911_6829_20.wav,fake,1,xtts,4.31,24000,1,206924,2e45a888f089a664...
xtts_04912_6829_21.wav,fake/xtts_04912_6829_21.wav,fake,1,xtts,4.45,24000,1,213580,e8aa447beef75bf4...
xtts_04913_6829_22.wav,fake/xtts_04913_6829_22.wav,fake,1,xtts,5.33,24000,1,256076,72f87d41d7db1bb6...
xtts_04914_6829_23.wav,fake/xtts_04914_6829_23.wav,fake,1,xtts,5.47,24000,1,262732,1a51c406c11d0feb...
xtts_04915_6829_24.wav,fake/xtts_04915_6829_24.wav,fake,1,xtts,5.24,24000,1,251468,b17b2f76081fecc2...
xtts_04916_6829_25.wav,fake/xtts_04916_6829_25.wav,fake,1,xtts,4.82,24000,1,231500,dc8189c5502dc448...
xtts_04917_6829_26.wav,fake/xtts_04917_6829_26.wav,fake,1,xtts,4.64,24000,1,222796,6935e88641f5efc1...
xtts_04918_6829_27.wav,fake/xtts_04918_6829_27.wav,fake,1,xtts,4.68,24000,1,224844,ecd951577c1bbf6d...
xtts_04919_6829_28.wav,fake/xtts_04919_6829_28.wav,fake,1,xtts,5.33,24000,1,256076,e6696f396a8521ef...
xtts_04920_6829_29.wav,fake/xtts_04920_6829_29.wav,fake,1,xtts,5.61,24000,1,269388,7f4c6afccebb7c76...
xtts_04921_6829_3.wav,fake/xtts_04921_6829_3.wav,fake,1,xtts,5.29,24000,1,254028,a595e7a5da7ed927...
xtts_04922_6829_30.wav,fake/xtts_04922_6829_30.wav,fake,1,xtts,5.15,24000,1,247372,014fcca8aae39596...
xtts_04923_6829_31.wav,fake/xtts_04923_6829_31.wav,fake,1,xtts,5.61,24000,1,269388,7dd180a89302a49d...
xtts_04924_6829_32.wav,fake/xtts_04924_6829_32.wav,fake,1,xtts,4.78,24000,1,229452,62d7d1d9b3022ee0...
xtts_04925_6829_33.wav,fake/xtts_04925_6829_33.wav,fake,1,xtts,5.1,24000,1,244812,38eacf680fc52407...
xtts_04926_6829_34.wav,fake/xtts_04926_6829_34.wav,fake,1,xtts,5.1,24000,1,244812,571abd4a2b478892...
xtts_04927_6829_35.wav,fake/xtts_04927_6829_35.wav,fake,1,xtts,5.52,24000,1,264780,fcef7c8ec3ac49ff...
xtts_04928_6829_36.wav,fake/xtts_04928_6829_36.wav,fake,1,xtts,4.82,24000,1,231500,4934195a72cba2ec...
xtts_04929_6829_37.wav,fake/xtts_04929_6829_37.wav,fake,1,xtts,4.96,24000,1,238156,232af61d6202fd3c...
xtts_04930_6829_38.wav,fake/xtts_04930_6829_38.wav,fake,1,xtts,5.57,24000,1,267340,476a013b5f3e8a9e...
xtts_04931_6829_39.wav,fake/xtts_04931_6829_39.wav,fake,1,xtts,5.01,24000,1,240716,41dd3cb3c2ddea78...
xtts_04932_6829_4.wav,fake/xtts_04932_6829_4.wav,fake,1,xtts,4.92,24000,1,236108,0ce788c9f2772b40...
xtts_04933_6829_40.wav,fake/xtts_04933_6829_40.wav,fake,1,xtts,4.82,24000,1,231500,8bb216c1c0245a03...
xtts_04934_6829_41.wav,fake/xtts_04934_6829_41.wav,fake,1,xtts,5.1,24000,1,244812,6362823cb7c17d87...
xtts_04935_6829_42.wav,fake/xtts_04935_6829_42.wav,fake,1,xtts,5.15,24000,1,247372,33d95788c1c19d8d...
xtts_04936_6829_43.wav,fake/xtts_04936_6829_43.wav,fake,1,xtts,4.64,24000,1,222796,88fd0e20c121ef1a...
xtts_04937_6829_44.wav,fake/xtts_04937_6829_44.wav,fake,1,xtts,5.33,24000,1,256076,d54d4005da64223e...
xtts_04938_6829_45.wav,fake/xtts_04938_6829_45.wav,fake,1,xtts,5.29,24000,1,254028,82606852c59888d8...
xtts_04939_6829_46.wav,fake/xtts_04939_6829_46.wav,fake,1,xtts,5.65,24000,1,271436,29609f338de4644d...
xtts_04940_6829_47.wav,fake/xtts_04940_6829_47.wav,fake,1,xtts,4.92,24000,1,236108,86c33f29a828a92a...
xtts_04941_6829_48.wav,fake/xtts_04941_6829_48.wav,fake,1,xtts,4.45,24000,1,213580,29d92e1809e1fd80...
xtts_04942_6829_49.wav,fake/xtts_04942_6829_49.wav,fake,1,xtts,6.03,24000,1,289356,5a9d4de292e6db42...
xtts_04943_6829_5.wav,fake/xtts_04943_6829_5.wav,fake,1,xtts,4.96,24000,1,238156,c6865d796c421672...
xtts_04944_6829_6.wav,fake/xtts_04944_6829_6.wav,fake,1,xtts,5.8,24000,1,278604,227882f68d9666b2...
xtts_04945_6829_7.wav,fake/xtts_04945_6829_7.wav,fake,1,xtts,5.43,24000,1,260684,a4a685283b52046a...
xtts_04946_6829_8.wav,fake/xtts_04946_6829_8.wav,fake,1,xtts,5.01,24000,1,240716,2a888330e423651f...
xtts_04947_6829_9.wav,fake/xtts_04947_6829_9.wav,fake,1,xtts,4.5,24000,1,216140,3faa83d651422525...
xtts_04948_7021_0.wav,fake/xtts_04948_7021_0.wav,fake,1,xtts,4.64,24000,1,222796,5cb14b9eb60d4954...
xtts_04949_7021_1.wav,fake/xtts_04949_7021_1.wav,fake,1,xtts,6.73,24000,1,323148,577f075e459f9df3...
xtts_04950_7021_10.wav,fake/xtts_04950_7021_10.wav,fake,1,xtts,5.29,24000,1,254028,8648341a57431c14...
xtts_04951_7021_11.wav,fake/xtts_04951_7021_11.wav,fake,1,xtts,5.1,24000,1,244812,f8e1017b512049f3...
xtts_04952_7021_12.wav,fake/xtts_04952_7021_12.wav,fake,1,xtts,5.61,24000,1,269388,70a878b4f9199356...
xtts_04953_7021_13.wav,fake/xtts_04953_7021_13.wav,fake,1,xtts,5.94,24000,1,285260,3bb9bb2203369a9b...
xtts_04954_7021_14.wav,fake/xtts_04954_7021_14.wav,fake,1,xtts,6.73,24000,1,323148,88a18a323977b588...
xtts_04955_7021_15.wav,fake/xtts_04955_7021_15.wav,fake,1,xtts,5.15,24000,1,247372,0d3a71bbb2b931a6...
xtts_04956_7021_16.wav,fake/xtts_04956_7021_16.wav,fake,1,xtts,5.98,24000,1,287308,87724b3372a0fcf6...
xtts_04957_7021_17.wav,fake/xtts_04957_7021_17.wav,fake,1,xtts,6.17,24000,1,296012,e70bd2fb522da49b...
xtts_04958_7021_18.wav,fake/xtts_04958_7021_18.wav,fake,1,xtts,6.54,24000,1,313932,14363fcdcccae8e0...
xtts_04959_7021_19.wav,fake/xtts_04959_7021_19.wav,fake,1,xtts,6.03,24000,1,289356,85e44340d3733362...
xtts_04960_7021_2.wav,fake/xtts_04960_7021_2.wav,fake,1,xtts,5.57,24000,1,267340,b87c2a13d300c6ad...
xtts_04961_7021_20.wav,fake/xtts_04961_7021_20.wav,fake,1,xtts,6.44,24000,1,309324,595f0b1867dcf871...
xtts_04962_7021_21.wav,fake/xtts_04962_7021_21.wav,fake,1,xtts,6.4,24000,1,307276,7b1395045991af90...
xtts_04963_7021_22.wav,fake/xtts_04963_7021_22.wav,fake,1,xtts,7.42,24000,1,356428,1a2fde44612d73ea...
xtts_04964_7021_23.wav,fake/xtts_04964_7021_23.wav,fake,1,xtts,6.08,24000,1,291916,93ea6959c7fa9228...
xtts_04965_7021_24.wav,fake/xtts_04965_7021_24.wav,fake,1,xtts,6.82,24000,1,327244,754fcac84a13b305...
xtts_04966_7021_25.wav,fake/xtts_04966_7021_25.wav,fake,1,xtts,6.64,24000,1,318540,b01eece9edec8f91...
xtts_04967_7021_26.wav,fake/xtts_04967_7021_26.wav,fake,1,xtts,6.59,24000,1,316492,1638667850a732e6...
xtts_04968_7021_27.wav,fake/xtts_04968_7021_27.wav,fake,1,xtts,6.68,24000,1,320588,c52ea27509a35a86...
xtts_04969_7021_28.wav,fake/xtts_04969_7021_28.wav,fake,1,xtts,6.44,24000,1,309324,816d737a883c6185...
xtts_04970_7021_29.wav,fake/xtts_04970_7021_29.wav,fake,1,xtts,5.61,24000,1,269388,8310531d631445e3...
xtts_04971_7021_3.wav,fake/xtts_04971_7021_3.wav,fake,1,xtts,6.54,24000,1,313932,051775f311a935a9...
xtts_04972_7021_30.wav,fake/xtts_04972_7021_30.wav,fake,1,xtts,6.5,24000,1,311884,e2480fc7f481a78c...
xtts_04973_7021_31.wav,fake/xtts_04973_7021_31.wav,fake,1,xtts,6.77,24000,1,325196,107d609b7522af4c...
xtts_04974_7021_32.wav,fake/xtts_04974_7021_32.wav,fake,1,xtts,6.22,24000,1,298572,b2c90efa622e58af...
xtts_04975_7021_33.wav,fake/xtts_04975_7021_33.wav,fake,1,xtts,5.61,24000,1,269388,8f1ae964d3478451...
xtts_04976_7021_34.wav,fake/xtts_04976_7021_34.wav,fake,1,xtts,5.85,24000,1,280652,8b05005413c2d404...
xtts_04977_7021_35.wav,fake/xtts_04977_7021_35.wav,fake,1,xtts,4.64,24000,1,222796,102e87fa50bada69...
xtts_04978_7021_36.wav,fake/xtts_04978_7021_36.wav,fake,1,xtts,5.94,24000,1,285260,b8fbdb6286d639b6...
xtts_04979_7021_37.wav,fake/xtts_04979_7021_37.wav,fake,1,xtts,5.94,24000,1,285260,2d9c1ae698cb2a57...
xtts_04980_7021_38.wav,fake/xtts_04980_7021_38.wav,fake,1,xtts,5.85,24000,1,280652,37e4916bd81717ba...
xtts_04981_7021_39.wav,fake/xtts_04981_7021_39.wav,fake,1,xtts,4.86,24000,1,233548,77a0d9be11fede71...
xtts_04982_7021_4.wav,fake/xtts_04982_7021_4.wav,fake,1,xtts,6.03,24000,1,289356,375c444f8ea3c716...
xtts_04983_7021_40.wav,fake/xtts_04983_7021_40.wav,fake,1,xtts,5.24,24000,1,251468,f1f20b3e30a617c1...
xtts_04984_7021_41.wav,fake/xtts_04984_7021_41.wav,fake,1,xtts,5.15,24000,1,247372,3188167bcece1f93...
xtts_04985_7021_42.wav,fake/xtts_04985_7021_42.wav,fake,1,xtts,5.33,24000,1,256076,409cabc6c71f6327...
xtts_04986_7021_43.wav,fake/xtts_04986_7021_43.wav,fake,1,xtts,7.47,24000,1,358476,ce3c1faaeaf0a727...
xtts_04987_7021_44.wav,fake/xtts_04987_7021_44.wav,fake,1,xtts,6.5,24000,1,311884,23a541bf7a02ff32...
xtts_04988_7021_45.wav,fake/xtts_04988_7021_45.wav,fake,1,xtts,5.94,24000,1,285260,287bf37290661610...
xtts_04989_7021_46.wav,fake/xtts_04989_7021_46.wav,fake,1,xtts,6.3,24000,1,302668,61b47cb21d8cb83c...
xtts_04990_7021_47.wav,fake/xtts_04990_7021_47.wav,fake,1,xtts,6.08,24000,1,291916,a6914fdaed98f2cf...
xtts_04991_7021_48.wav,fake/xtts_04991_7021_48.wav,fake,1,xtts,6.17,24000,1,296012,03d3372872fea4e8...
xtts_04992_7021_49.wav,fake/xtts_04992_7021_49.wav,fake,1,xtts,6.22,24000,1,298572,8362501145d3d209...
xtts_04993_7021_5.wav,fake/xtts_04993_7021_5.wav,fake,1,xtts,6.03,24000,1,289356,6f85db688b28f995...
xtts_04994_7021_6.wav,fake/xtts_04994_7021_6.wav,fake,1,xtts,5.89,24000,1,282700,77316e1a6b1cf014...
xtts_04995_7021_7.wav,fake/xtts_04995_7021_7.wav,fake,1,xtts,6.44,24000,1,309324,86a0311956a1d3ab...
xtts_04996_7021_8.wav,fake/xtts_04996_7021_8.wav,fake,1,xtts,5.89,24000,1,282700,42a807318bdd3156...
xtts_04997_7021_9.wav,fake/xtts_04997_7021_9.wav,fake,1,xtts,6.36,24000,1,305228,1f7c8ab303c835bf...
